date,value
1980-10-01,0.0
1980-10-02,0.0
1980-10-03,0.0
1980-10-04,0.0
1980-10-05,0.0
1980-10-06,0.0
1980-10-07,0.0
1980-10-08,0.0
1980-10-09,0.0
1980-10-10,0.0
1980-10-11,0.0
1980-10-12,0.0
1980-10-13,0.0
1980-10-14,0.0
1980-10-15,10.16
1980-10-16,10.16
1980-10-17,27.94
1980-10-18,30.479999999999997
1980-10-19,30.479999999999997
1980-10-20,30.479999999999997
1980-10-21,30.479999999999997
1980-10-22,30.479999999999997
1980-10-23,30.479999999999997
1980-10-24,27.94
1980-10-25,27.94
1980-10-26,30.479999999999997
1980-10-27,30.479999999999997
1980-10-28,33.019999999999996
1980-10-29,33.019999999999996
1980-10-30,33.019999999999996
1980-10-31,33.019999999999996
1980-11-01,33.019999999999996
1980-11-02,33.019999999999996
1980-11-03,33.019999999999996
1980-11-04,33.019999999999996
1980-11-05,33.019999999999996
1980-11-06,33.019999999999996
1980-11-07,33.019999999999996
1980-11-08,33.019999999999996
1980-11-09,33.019999999999996
1980-11-10,33.019999999999996
1980-11-11,33.019999999999996
1980-11-12,33.019999999999996
1980-11-13,45.72
1980-11-14,45.72
1980-11-15,45.72
1980-11-16,43.18
1980-11-17,35.559999999999995
1980-11-18,33.019999999999996
1980-11-19,33.019999999999996
1980-11-20,33.019999999999996
1980-11-21,33.019999999999996
1980-11-22,33.019999999999996
1980-11-23,33.019999999999996
1980-11-24,38.099999999999994
1980-11-25,45.72
1980-11-26,45.72
1980-11-27,45.72
1980-11-28,45.72
1980-11-29,45.72
1980-11-30,45.72
1980-12-01,45.72
1980-12-02,45.72
1980-12-03,45.72
1980-12-04,45.72
1980-12-05,45.72
1980-12-06,58.419999999999995
1980-12-07,66.03999999999999
1980-12-08,66.03999999999999
1980-12-09,66.03999999999999
1980-12-10,66.03999999999999
1980-12-11,66.03999999999999
1980-12-12,66.03999999999999
1980-12-13,66.03999999999999
1980-12-14,66.03999999999999
1980-12-15,66.03999999999999
1980-12-16,66.03999999999999
1980-12-17,66.03999999999999
1980-12-18,66.03999999999999
1980-12-19,66.03999999999999
1980-12-20,68.58
1980-12-21,68.58
1980-12-22,68.58
1980-12-23,76.19999999999999
1980-12-24,76.19999999999999
1980-12-25,78.74
1980-12-26,78.74
1980-12-27,78.74
1980-12-28,78.74
1980-12-29,78.74
1980-12-30,78.74
1980-12-31,78.74
1981-01-01,78.74
1981-01-02,78.74
1981-01-03,78.74
1981-01-04,78.74
1981-01-05,78.74
1981-01-06,78.74
1981-01-07,78.74
1981-01-08,78.74
1981-01-09,78.74
1981-01-10,78.74
1981-01-11,78.74
1981-01-12,78.74
1981-01-13,78.74
1981-01-14,81.28
1981-01-15,81.28
1981-01-16,81.28
1981-01-17,81.28
1981-01-18,81.28
1981-01-19,81.28
1981-01-20,81.28
1981-01-21,81.28
1981-01-22,81.28
1981-01-23,81.28
1981-01-24,81.28
1981-01-25,81.28
1981-01-26,81.28
1981-01-27,83.82
1981-01-28,88.89999999999999
1981-01-29,88.89999999999999
1981-01-30,88.89999999999999
1981-01-31,91.44
1981-02-01,93.98
1981-02-02,93.98
1981-02-03,93.98
1981-02-04,93.98
1981-02-05,93.98
1981-02-06,96.52
1981-02-07,96.52
1981-02-08,96.52
1981-02-09,99.05999999999999
1981-02-10,114.3
1981-02-11,116.83999999999999
1981-02-12,116.83999999999999
1981-02-13,116.83999999999999
1981-02-14,119.38
1981-02-15,119.38
1981-02-16,119.38
1981-02-17,119.38
1981-02-18,119.38
1981-02-19,119.38
1981-02-20,119.38
1981-02-21,119.38
1981-02-22,119.38
1981-02-23,119.38
1981-02-24,119.38
1981-02-25,119.38
1981-02-26,119.38
1981-02-27,119.38
1981-02-28,121.91999999999999
1981-03-01,121.91999999999999
1981-03-02,121.91999999999999
1981-03-03,132.07999999999998
1981-03-04,134.61999999999998
1981-03-05,134.61999999999998
1981-03-06,134.61999999999998
1981-03-07,134.61999999999998
1981-03-08,137.16
1981-03-09,137.16
1981-03-10,139.7
1981-03-11,142.23999999999998
1981-03-12,144.78
1981-03-13,144.78
1981-03-14,144.78
1981-03-15,144.78
1981-03-16,144.78
1981-03-17,162.56
1981-03-18,165.1
1981-03-19,165.1
1981-03-20,165.1
1981-03-21,177.79999999999998
1981-03-22,177.79999999999998
1981-03-23,180.33999999999997
1981-03-24,180.33999999999997
1981-03-25,182.88
1981-03-26,182.88
1981-03-27,187.96
1981-03-28,193.04
1981-03-29,195.57999999999998
1981-03-30,198.11999999999998
1981-03-31,200.66
1981-04-01,200.66
1981-04-02,200.66
1981-04-03,203.2
1981-04-04,210.82
1981-04-05,215.89999999999998
1981-04-06,218.43999999999997
1981-04-07,223.52
1981-04-08,223.52
1981-04-09,228.6
1981-04-10,228.6
1981-04-11,223.52
1981-04-12,215.89999999999998
1981-04-13,205.73999999999998
1981-04-14,200.66
1981-04-15,195.57999999999998
1981-04-16,190.5
1981-04-17,182.88
1981-04-18,170.18
1981-04-19,165.1
1981-04-20,147.32
1981-04-21,142.23999999999998
1981-04-22,129.54
1981-04-23,116.83999999999999
1981-04-24,96.52
1981-04-25,71.11999999999999
1981-04-26,43.18
1981-04-27,12.7
1981-04-28,0.0
1981-04-29,0.0
1981-04-30,0.0
1981-05-01,0.0
1981-05-02,0.0
1981-05-03,0.0
1981-05-04,0.0
1981-05-05,0.0
1981-05-06,0.0
1981-05-07,0.0
1981-05-08,0.0
1981-05-09,0.0
1981-05-10,0.0
1981-05-11,0.0
1981-05-12,0.0
1981-05-13,0.0
1981-05-14,0.0
1981-05-15,0.0
1981-05-16,0.0
1981-05-17,0.0
1981-05-18,0.0
1981-05-19,0.0
1981-05-20,0.0
1981-05-21,0.0
1981-05-22,0.0
1981-05-23,0.0
1981-05-24,0.0
1981-05-25,0.0
1981-05-26,0.0
1981-05-27,0.0
1981-05-28,0.0
1981-05-29,0.0
1981-05-30,0.0
1981-05-31,0.0
1981-06-01,0.0
1981-06-02,0.0
1981-06-03,0.0
1981-06-04,0.0
1981-06-05,0.0
1981-06-06,0.0
1981-06-07,0.0
1981-06-08,0.0
1981-06-09,0.0
1981-06-10,0.0
1981-06-11,0.0
1981-06-12,0.0
1981-06-13,0.0
1981-06-14,0.0
1981-06-15,0.0
1981-06-16,0.0
1981-06-17,0.0
1981-06-18,0.0
1981-06-19,0.0
1981-06-20,0.0
1981-06-21,0.0
1981-06-22,0.0
1981-06-23,0.0
1981-06-24,0.0
1981-06-25,0.0
1981-06-26,0.0
1981-06-27,0.0
1981-06-28,0.0
1981-06-29,0.0
1981-06-30,0.0
1981-07-01,0.0
1981-07-02,0.0
1981-07-03,0.0
1981-07-04,0.0
1981-07-05,0.0
1981-07-06,0.0
1981-07-07,0.0
1981-07-08,0.0
1981-07-09,0.0
1981-07-10,0.0
1981-07-11,0.0
1981-07-12,0.0
1981-07-13,0.0
1981-07-14,0.0
1981-07-15,0.0
1981-07-16,0.0
1981-07-17,0.0
1981-07-18,0.0
1981-07-19,0.0
1981-07-20,0.0
1981-07-21,0.0
1981-07-22,0.0
1981-07-23,0.0
1981-07-24,0.0
1981-07-25,0.0
1981-07-26,0.0
1981-07-27,0.0
1981-07-28,0.0
1981-07-29,0.0
1981-07-30,0.0
1981-07-31,0.0
1981-08-01,0.0
1981-08-02,0.0
1981-08-03,0.0
1981-08-04,0.0
1981-08-05,0.0
1981-08-06,0.0
1981-08-07,0.0
1981-08-08,0.0
1981-08-09,0.0
1981-08-10,0.0
1981-08-11,0.0
1981-08-12,0.0
1981-08-13,0.0
1981-08-14,0.0
1981-08-15,0.0
1981-08-16,0.0
1981-08-17,0.0
1981-08-18,0.0
1981-08-19,0.0
1981-08-20,0.0
1981-08-21,0.0
1981-08-22,0.0
1981-08-23,0.0
1981-08-24,0.0
1981-08-25,0.0
1981-08-26,0.0
1981-08-27,0.0
1981-08-28,0.0
1981-08-29,0.0
1981-08-30,0.0
1981-08-31,0.0
1981-09-01,0.0
1981-09-02,0.0
1981-09-03,0.0
1981-09-04,0.0
1981-09-05,0.0
1981-09-06,0.0
1981-09-07,0.0
1981-09-08,0.0
1981-09-09,0.0
1981-09-10,0.0
1981-09-11,0.0
1981-09-12,0.0
1981-09-13,0.0
1981-09-14,0.0
1981-09-15,0.0
1981-09-16,0.0
1981-09-17,0.0
1981-09-18,0.0
1981-09-19,0.0
1981-09-20,0.0
1981-09-21,0.0
1981-09-22,0.0
1981-09-23,0.0
1981-09-24,0.0
1981-09-25,0.0
1981-09-26,0.0
1981-09-27,0.0
1981-09-28,0.0
1981-09-29,0.0
1981-09-30,0.0
1981-10-01,0.0
1981-10-02,0.0
1981-10-03,0.0
1981-10-04,0.0
1981-10-05,0.0
1981-10-06,0.0
1981-10-07,0.0
1981-10-08,0.0
1981-10-09,0.0
1981-10-10,0.0
1981-10-11,0.0
1981-10-12,2.54
1981-10-13,2.54
1981-10-14,2.54
1981-10-15,7.619999999999999
1981-10-16,7.619999999999999
1981-10-17,12.7
1981-10-18,5.08
1981-10-19,5.08
1981-10-20,2.54
1981-10-21,0.0
1981-10-22,0.0
1981-10-23,0.0
1981-10-24,0.0
1981-10-25,20.32
1981-10-26,20.32
1981-10-27,20.32
1981-10-28,22.86
1981-10-29,25.4
1981-10-30,25.4
1981-10-31,25.4
1981-11-01,22.86
1981-11-02,22.86
1981-11-03,20.32
1981-11-04,20.32
1981-11-05,20.32
1981-11-06,20.32
1981-11-07,20.32
1981-11-08,22.86
1981-11-09,22.86
1981-11-10,22.86
1981-11-11,27.94
1981-11-12,27.94
1981-11-13,27.94
1981-11-14,27.94
1981-11-15,27.94
1981-11-16,27.94
1981-11-17,27.94
1981-11-18,27.94
1981-11-19,33.019999999999996
1981-11-20,33.019999999999996
1981-11-21,33.019999999999996
1981-11-22,40.64
1981-11-23,45.72
1981-11-24,45.72
1981-11-25,45.72
1981-11-26,45.72
1981-11-27,45.72
1981-11-28,45.72
1981-11-29,55.88
1981-11-30,58.419999999999995
1981-12-01,58.419999999999995
1981-12-02,60.959999999999994
1981-12-03,60.959999999999994
1981-12-04,63.5
1981-12-05,63.5
1981-12-06,63.5
1981-12-07,63.5
1981-12-08,66.03999999999999
1981-12-09,68.58
1981-12-10,68.58
1981-12-11,68.58
1981-12-12,68.58
1981-12-13,68.58
1981-12-14,81.28
1981-12-15,81.28
1981-12-16,81.28
1981-12-17,83.82
1981-12-18,91.44
1981-12-19,91.44
1981-12-20,91.44
1981-12-21,91.44
1981-12-22,91.44
1981-12-23,96.52
1981-12-24,96.52
1981-12-25,104.13999999999999
1981-12-26,109.21999999999998
1981-12-27,134.61999999999998
1981-12-28,139.7
1981-12-29,144.78
1981-12-30,152.39999999999998
1981-12-31,165.1
1982-01-01,195.57999999999998
1982-01-02,208.27999999999997
1982-01-03,208.27999999999997
1982-01-04,208.27999999999997
1982-01-05,228.6
1982-01-06,259.08
1982-01-07,259.08
1982-01-08,259.08
1982-01-09,259.08
1982-01-10,259.08
1982-01-11,259.08
1982-01-12,259.08
1982-01-13,261.62
1982-01-14,264.15999999999997
1982-01-15,266.7
1982-01-16,266.7
1982-01-17,269.23999999999995
1982-01-18,269.23999999999995
1982-01-19,269.23999999999995
1982-01-20,269.23999999999995
1982-01-21,274.32
1982-01-22,274.32
1982-01-23,274.32
1982-01-24,274.32
1982-01-25,287.02
1982-01-26,287.02
1982-01-27,287.02
1982-01-28,287.02
1982-01-29,287.02
1982-01-30,287.02
1982-01-31,289.56
1982-02-01,289.56
1982-02-02,292.09999999999997
1982-02-03,297.17999999999995
1982-02-04,302.26
1982-02-05,302.26
1982-02-06,302.26
1982-02-07,304.79999999999995
1982-02-08,309.87999999999994
1982-02-09,312.42
1982-02-10,317.5
1982-02-11,322.58
1982-02-12,322.58
1982-02-13,330.2
1982-02-14,330.2
1982-02-15,330.2
1982-02-16,330.2
1982-02-17,330.2
1982-02-18,330.2
1982-02-19,330.2
1982-02-20,330.2
1982-02-21,330.2
1982-02-22,330.2
1982-02-23,332.73999999999995
1982-02-24,332.73999999999995
1982-02-25,332.73999999999995
1982-02-26,332.73999999999995
1982-02-27,332.73999999999995
1982-02-28,332.73999999999995
1982-03-01,332.73999999999995
1982-03-02,340.36
1982-03-03,347.97999999999996
1982-03-04,363.21999999999997
1982-03-05,363.21999999999997
1982-03-06,363.21999999999997
1982-03-07,363.21999999999997
1982-03-08,368.29999999999995
1982-03-09,373.37999999999994
1982-03-10,373.37999999999994
1982-03-11,381.0
1982-03-12,403.86
1982-03-13,414.02
1982-03-14,414.02
1982-03-15,426.71999999999997
1982-03-16,434.34000000000003
1982-03-17,434.34000000000003
1982-03-18,434.34000000000003
1982-03-19,434.34000000000003
1982-03-20,444.5
1982-03-21,444.5
1982-03-22,444.5
1982-03-23,444.5
1982-03-24,447.04
1982-03-25,447.04
1982-03-26,447.04
1982-03-27,459.74
1982-03-28,459.74
1982-03-29,469.9
1982-03-30,469.9
1982-03-31,482.59999999999997
1982-04-01,485.14
1982-04-02,485.14
1982-04-03,490.21999999999997
1982-04-04,490.21999999999997
1982-04-05,490.21999999999997
1982-04-06,497.84000000000003
1982-04-07,497.84000000000003
1982-04-08,497.84000000000003
1982-04-09,497.84000000000003
1982-04-10,497.84000000000003
1982-04-11,508.0
1982-04-12,510.54
1982-04-13,510.54
1982-04-14,497.84000000000003
1982-04-15,477.52
1982-04-16,477.52
1982-04-17,472.44
1982-04-18,447.04
1982-04-19,434.34000000000003
1982-04-20,414.02
1982-04-21,414.02
1982-04-22,414.02
1982-04-23,414.02
1982-04-24,414.02
1982-04-25,419.09999999999997
1982-04-26,419.09999999999997
1982-04-27,419.09999999999997
1982-04-28,421.64
1982-04-29,408.94
1982-04-30,403.86
1982-05-01,403.86
1982-05-02,370.84
1982-05-03,347.97999999999996
1982-05-04,327.65999999999997
1982-05-05,317.5
1982-05-06,314.96
1982-05-07,312.42
1982-05-08,297.17999999999995
1982-05-09,292.09999999999997
1982-05-10,281.94
1982-05-11,264.15999999999997
1982-05-12,259.08
1982-05-13,274.32
1982-05-14,279.4
1982-05-15,276.86
1982-05-16,276.86
1982-05-17,266.7
1982-05-18,254.0
1982-05-19,236.22
1982-05-20,231.14
1982-05-21,215.89999999999998
1982-05-22,190.5
1982-05-23,167.64
1982-05-24,144.78
1982-05-25,127.0
1982-05-26,101.6
1982-05-27,71.11999999999999
1982-05-28,53.339999999999996
1982-05-29,33.019999999999996
1982-05-30,20.32
1982-05-31,7.619999999999999
1982-06-01,0.0
1982-06-02,0.0
1982-06-03,0.0
1982-06-04,0.0
1982-06-05,0.0
1982-06-06,0.0
1982-06-07,0.0
1982-06-08,0.0
1982-06-09,0.0
1982-06-10,0.0
1982-06-11,0.0
1982-06-12,0.0
1982-06-13,0.0
1982-06-14,0.0
1982-06-15,0.0
1982-06-16,0.0
1982-06-17,0.0
1982-06-18,0.0
1982-06-19,0.0
1982-06-20,0.0
1982-06-21,0.0
1982-06-22,0.0
1982-06-23,0.0
1982-06-24,0.0
1982-06-25,0.0
1982-06-26,0.0
1982-06-27,0.0
1982-06-28,0.0
1982-06-29,0.0
1982-06-30,0.0
1982-07-01,0.0
1982-07-02,0.0
1982-07-03,0.0
1982-07-04,0.0
1982-07-05,0.0
1982-07-06,0.0
1982-07-07,0.0
1982-07-08,0.0
1982-07-09,0.0
1982-07-10,0.0
1982-07-11,0.0
1982-07-12,0.0
1982-07-13,0.0
1982-07-14,0.0
1982-07-15,0.0
1982-07-16,0.0
1982-07-17,0.0
1982-07-18,0.0
1982-07-19,0.0
1982-07-20,0.0
1982-07-21,0.0
1982-07-22,0.0
1982-07-23,0.0
1982-07-24,0.0
1982-07-25,0.0
1982-07-26,0.0
1982-07-27,0.0
1982-07-28,0.0
1982-07-29,0.0
1982-07-30,0.0
1982-07-31,0.0
1982-08-01,0.0
1982-08-02,0.0
1982-08-03,0.0
1982-08-04,0.0
1982-08-05,0.0
1982-08-06,0.0
1982-08-07,0.0
1982-08-08,0.0
1982-08-09,0.0
1982-08-10,0.0
1982-08-11,0.0
1982-08-12,0.0
1982-08-13,0.0
1982-08-14,0.0
1982-08-15,0.0
1982-08-16,0.0
1982-08-17,0.0
1982-08-18,0.0
1982-08-19,0.0
1982-08-20,0.0
1982-08-21,0.0
1982-08-22,0.0
1982-08-23,0.0
1982-08-24,0.0
1982-08-25,0.0
1982-08-26,0.0
1982-08-27,0.0
1982-08-28,0.0
1982-08-29,0.0
1982-08-30,0.0
1982-08-31,0.0
1982-09-01,0.0
1982-09-02,0.0
1982-09-03,0.0
1982-09-04,0.0
1982-09-05,0.0
1982-09-06,0.0
1982-09-07,0.0
1982-09-08,0.0
1982-09-09,0.0
1982-09-10,0.0
1982-09-11,0.0
1982-09-12,0.0
1982-09-13,0.0
1982-09-14,0.0
1982-09-15,0.0
1982-09-16,0.0
1982-09-17,0.0
1982-09-18,0.0
1982-09-19,0.0
1982-09-20,0.0
1982-09-21,0.0
1982-09-22,0.0
1982-09-23,0.0
1982-09-24,0.0
1982-09-25,0.0
1982-09-26,0.0
1982-09-27,0.0
1982-09-28,0.0
1982-09-29,0.0
1982-09-30,0.0
1982-10-01,0.0
1982-10-02,0.0
1982-10-03,0.0
1982-10-04,0.0
1982-10-05,0.0
1982-10-06,0.0
1982-10-07,0.0
1982-10-08,0.0
1982-10-09,0.0
1982-10-10,0.0
1982-10-11,0.0
1982-10-12,0.0
1982-10-13,0.0
1982-10-14,0.0
1982-10-15,10.16
1982-10-16,10.16
1982-10-17,7.619999999999999
1982-10-18,7.619999999999999
1982-10-19,7.619999999999999
1982-10-20,7.619999999999999
1982-10-21,7.619999999999999
1982-10-22,10.16
1982-10-23,17.779999999999998
1982-10-24,17.779999999999998
1982-10-25,17.779999999999998
1982-10-26,17.779999999999998
1982-10-27,17.779999999999998
1982-10-28,17.779999999999998
1982-10-29,17.779999999999998
1982-10-30,17.779999999999998
1982-10-31,25.4
1982-11-01,33.019999999999996
1982-11-02,33.019999999999996
1982-11-03,27.94
1982-11-04,27.94
1982-11-05,27.94
1982-11-06,27.94
1982-11-07,33.019999999999996
1982-11-08,33.019999999999996
1982-11-09,33.019999999999996
1982-11-10,43.18
1982-11-11,63.5
1982-11-12,63.5
1982-11-13,63.5
1982-11-14,60.959999999999994
1982-11-15,60.959999999999994
1982-11-16,60.959999999999994
1982-11-17,58.419999999999995
1982-11-18,58.419999999999995
1982-11-19,63.5
1982-11-20,83.82
1982-11-21,91.44
1982-11-22,93.98
1982-11-23,93.98
1982-11-24,99.05999999999999
1982-11-25,99.05999999999999
1982-11-26,99.05999999999999
1982-11-27,99.05999999999999
1982-11-28,99.05999999999999
1982-11-29,99.05999999999999
1982-11-30,109.21999999999998
1982-12-01,119.38
1982-12-02,127.0
1982-12-03,132.07999999999998
1982-12-04,132.07999999999998
1982-12-05,132.07999999999998
1982-12-06,132.07999999999998
1982-12-07,132.07999999999998
1982-12-08,132.07999999999998
1982-12-09,132.07999999999998
1982-12-10,132.07999999999998
1982-12-11,134.61999999999998
1982-12-12,134.61999999999998
1982-12-13,134.61999999999998
1982-12-14,139.7
1982-12-15,139.7
1982-12-16,139.7
1982-12-17,139.7
1982-12-18,139.7
1982-12-19,139.7
1982-12-20,139.7
1982-12-21,137.16
1982-12-22,137.16
1982-12-23,137.16
1982-12-24,142.23999999999998
1982-12-25,144.78
1982-12-26,144.78
1982-12-27,144.78
1982-12-28,144.78
1982-12-29,144.78
1982-12-30,144.78
1982-12-31,144.78
1983-01-01,144.78
1983-01-02,144.78
1983-01-03,144.78
1983-01-04,144.78
1983-01-05,144.78
1983-01-06,144.78
1983-01-07,144.78
1983-01-08,149.86
1983-01-09,149.86
1983-01-10,149.86
1983-01-11,149.86
1983-01-12,149.86
1983-01-13,149.86
1983-01-14,149.86
1983-01-15,149.86
1983-01-16,149.86
1983-01-17,149.86
1983-01-18,152.39999999999998
1983-01-19,152.39999999999998
1983-01-20,152.39999999999998
1983-01-21,152.39999999999998
1983-01-22,152.39999999999998
1983-01-23,152.39999999999998
1983-01-24,154.93999999999997
1983-01-25,157.48
1983-01-26,160.01999999999998
1983-01-27,160.01999999999998
1983-01-28,160.01999999999998
1983-01-29,165.1
1983-01-30,165.1
1983-01-31,167.64
1983-02-01,167.64
1983-02-02,167.64
1983-02-03,167.64
1983-02-04,170.18
1983-02-05,172.72
1983-02-06,175.26
1983-02-07,185.42
1983-02-08,193.04
1983-02-09,205.73999999999998
1983-02-10,215.89999999999998
1983-02-11,215.89999999999998
1983-02-12,215.89999999999998
1983-02-13,218.43999999999997
1983-02-14,218.43999999999997
1983-02-15,220.97999999999996
1983-02-16,220.97999999999996
1983-02-17,220.97999999999996
1983-02-18,220.97999999999996
1983-02-19,220.97999999999996
1983-02-20,223.52
1983-02-21,223.52
1983-02-22,223.52
1983-02-23,223.52
1983-02-24,223.52
1983-02-25,241.29999999999998
1983-02-26,241.29999999999998
1983-02-27,246.37999999999997
1983-02-28,254.0
1983-03-01,269.23999999999995
1983-03-02,269.23999999999995
1983-03-03,269.23999999999995
1983-03-04,269.23999999999995
1983-03-05,269.23999999999995
1983-03-06,269.23999999999995
1983-03-07,269.23999999999995
1983-03-08,271.78
1983-03-09,271.78
1983-03-10,271.78
1983-03-11,276.86
1983-03-12,292.09999999999997
1983-03-13,292.09999999999997
1983-03-14,292.09999999999997
1983-03-15,297.17999999999995
1983-03-16,297.17999999999995
1983-03-17,304.79999999999995
1983-03-18,312.42
1983-03-19,312.42
1983-03-20,314.96
1983-03-21,314.96
1983-03-22,327.65999999999997
1983-03-23,332.73999999999995
1983-03-24,347.97999999999996
1983-03-25,347.97999999999996
1983-03-26,347.97999999999996
1983-03-27,365.76
1983-03-28,365.76
1983-03-29,365.76
1983-03-30,365.76
1983-03-31,368.29999999999995
1983-04-01,368.29999999999995
1983-04-02,368.29999999999995
1983-04-03,375.92
1983-04-04,375.92
1983-04-05,378.46
1983-04-06,378.46
1983-04-07,378.46
1983-04-08,378.46
1983-04-09,378.46
1983-04-10,378.46
1983-04-11,378.46
1983-04-12,383.53999999999996
1983-04-13,386.08
1983-04-14,388.62
1983-04-15,388.62
1983-04-16,393.7
1983-04-17,393.7
1983-04-18,396.23999999999995
1983-04-19,396.23999999999995
1983-04-20,396.23999999999995
1983-04-21,396.23999999999995
1983-04-22,396.23999999999995
1983-04-23,396.23999999999995
1983-04-24,396.23999999999995
1983-04-25,396.23999999999995
1983-04-26,386.08
1983-04-27,386.08
1983-04-28,386.08
1983-04-29,391.15999999999997
1983-04-30,408.94
1983-05-01,426.71999999999997
1983-05-02,434.34000000000003
1983-05-03,434.34000000000003
1983-05-04,431.79999999999995
1983-05-05,426.71999999999997
1983-05-06,419.09999999999997
1983-05-07,419.09999999999997
1983-05-08,414.02
1983-05-09,403.86
1983-05-10,388.62
1983-05-11,368.29999999999995
1983-05-12,360.67999999999995
1983-05-13,360.67999999999995
1983-05-14,360.67999999999995
1983-05-15,360.67999999999995
1983-05-16,363.21999999999997
1983-05-17,378.46
1983-05-18,378.46
1983-05-19,378.46
1983-05-20,378.46
1983-05-21,378.46
1983-05-22,355.59999999999997
1983-05-23,332.73999999999995
1983-05-24,304.79999999999995
1983-05-25,279.4
1983-05-26,259.08
1983-05-27,231.14
1983-05-28,198.11999999999998
1983-05-29,165.1
1983-05-30,119.38
1983-05-31,111.76
1983-06-01,99.05999999999999
1983-06-02,66.03999999999999
1983-06-03,40.64
1983-06-04,27.94
1983-06-05,12.7
1983-06-06,12.7
1983-06-07,12.7
1983-06-08,12.7
1983-06-09,10.16
1983-06-10,10.16
1983-06-11,0.0
1983-06-12,0.0
1983-06-13,0.0
1983-06-14,0.0
1983-06-15,0.0
1983-06-16,0.0
1983-06-17,0.0
1983-06-18,0.0
1983-06-19,0.0
1983-06-20,0.0
1983-06-21,0.0
1983-06-22,0.0
1983-06-23,0.0
1983-06-24,0.0
1983-06-25,0.0
1983-06-26,0.0
1983-06-27,0.0
1983-06-28,0.0
1983-06-29,0.0
1983-06-30,0.0
1983-07-01,0.0
1983-07-02,0.0
1983-07-03,0.0
1983-07-04,0.0
1983-07-05,0.0
1983-07-06,0.0
1983-07-07,0.0
1983-07-08,0.0
1983-07-09,0.0
1983-07-10,0.0
1983-07-11,0.0
1983-07-12,0.0
1983-07-13,0.0
1983-07-14,0.0
1983-07-15,0.0
1983-07-16,0.0
1983-07-17,0.0
1983-07-18,0.0
1983-07-19,0.0
1983-07-20,0.0
1983-07-21,0.0
1983-07-22,0.0
1983-07-23,0.0
1983-07-24,0.0
1983-07-25,0.0
1983-07-26,0.0
1983-07-27,0.0
1983-07-28,0.0
1983-07-29,0.0
1983-07-30,0.0
1983-07-31,0.0
1983-08-01,0.0
1983-08-02,0.0
1983-08-03,0.0
1983-08-04,0.0
1983-08-05,0.0
1983-08-06,0.0
1983-08-07,0.0
1983-08-08,0.0
1983-08-09,0.0
1983-08-10,0.0
1983-08-11,0.0
1983-08-12,0.0
1983-08-13,0.0
1983-08-14,0.0
1983-08-15,0.0
1983-08-16,0.0
1983-08-17,0.0
1983-08-18,0.0
1983-08-19,0.0
1983-08-20,0.0
1983-08-21,0.0
1983-08-22,0.0
1983-08-23,0.0
1983-08-24,0.0
1983-08-25,0.0
1983-08-26,0.0
1983-08-27,0.0
1983-08-28,0.0
1983-08-29,0.0
1983-08-30,0.0
1983-08-31,0.0
1983-09-01,0.0
1983-09-02,0.0
1983-09-03,0.0
1983-09-04,0.0
1983-09-05,0.0
1983-09-06,0.0
1983-09-07,0.0
1983-09-08,0.0
1983-09-09,0.0
1983-09-10,0.0
1983-09-11,0.0
1983-09-12,0.0
1983-09-13,0.0
1983-09-14,0.0
1983-09-15,0.0
1983-09-16,0.0
1983-09-17,0.0
1983-09-18,0.0
1983-09-19,0.0
1983-09-20,0.0
1983-09-21,0.0
1983-09-22,0.0
1983-09-23,0.0
1983-09-24,0.0
1983-09-25,0.0
1983-09-26,0.0
1983-09-27,0.0
1983-09-28,0.0
1983-09-29,0.0
1983-09-30,0.0
1983-10-01,0.0
1983-10-02,0.0
1983-10-03,0.0
1983-10-04,0.0
1983-10-05,0.0
1983-10-06,0.0
1983-10-07,0.0
1983-10-08,0.0
1983-10-09,0.0
1983-10-10,0.0
1983-10-11,0.0
1983-10-12,0.0
1983-10-13,0.0
1983-10-14,0.0
1983-10-15,0.0
1983-10-16,0.0
1983-10-17,0.0
1983-10-18,0.0
1983-10-19,0.0
1983-10-20,0.0
1983-10-21,0.0
1983-10-22,0.0
1983-10-23,0.0
1983-10-24,0.0
1983-10-25,0.0
1983-10-26,0.0
1983-10-27,0.0
1983-10-28,0.0
1983-10-29,0.0
1983-10-30,0.0
1983-10-31,10.16
1983-11-01,0.0
1983-11-02,0.0
1983-11-03,0.0
1983-11-04,0.0
1983-11-05,0.0
1983-11-06,0.0
1983-11-07,0.0
1983-11-08,0.0
1983-11-09,5.08
1983-11-10,5.08
1983-11-11,5.08
1983-11-12,15.239999999999998
1983-11-13,43.18
1983-11-14,43.18
1983-11-15,45.72
1983-11-16,48.26
1983-11-17,48.26
1983-11-18,60.959999999999994
1983-11-19,60.959999999999994
1983-11-20,81.28
1983-11-21,99.05999999999999
1983-11-22,99.05999999999999
1983-11-23,99.05999999999999
1983-11-24,106.67999999999999
1983-11-25,127.0
1983-11-26,139.7
1983-11-27,142.23999999999998
1983-11-28,144.78
1983-11-29,149.86
1983-11-30,149.86
1983-12-01,157.48
1983-12-02,162.56
1983-12-03,162.56
1983-12-04,187.96
1983-12-05,198.11999999999998
1983-12-06,208.27999999999997
1983-12-07,220.97999999999996
1983-12-08,220.97999999999996
1983-12-09,220.97999999999996
1983-12-10,231.14
1983-12-11,233.67999999999998
1983-12-12,243.83999999999997
1983-12-13,243.83999999999997
1983-12-14,243.83999999999997
1983-12-15,261.62
1983-12-16,261.62
1983-12-17,269.23999999999995
1983-12-18,269.23999999999995
1983-12-19,276.86
1983-12-20,302.26
1983-12-21,302.26
1983-12-22,309.87999999999994
1983-12-23,317.5
1983-12-24,340.36
1983-12-25,368.29999999999995
1983-12-26,386.08
1983-12-27,388.62
1983-12-28,388.62
1983-12-29,396.23999999999995
1983-12-30,398.78
1983-12-31,401.32
1984-01-01,403.86
1984-01-02,408.94
1984-01-03,414.02
1984-01-04,414.02
1984-01-05,414.02
1984-01-06,414.02
1984-01-07,414.02
1984-01-08,414.02
1984-01-09,414.02
1984-01-10,414.02
1984-01-11,414.02
1984-01-12,414.02
1984-01-13,426.71999999999997
1984-01-14,426.71999999999997
1984-01-15,426.71999999999997
1984-01-16,426.71999999999997
1984-01-17,426.71999999999997
1984-01-18,426.71999999999997
1984-01-19,426.71999999999997
1984-01-20,426.71999999999997
1984-01-21,426.71999999999997
1984-01-22,426.71999999999997
1984-01-23,426.71999999999997
1984-01-24,426.71999999999997
1984-01-25,426.71999999999997
1984-01-26,426.71999999999997
1984-01-27,426.71999999999997
1984-01-28,426.71999999999997
1984-01-29,426.71999999999997
1984-01-30,426.71999999999997
1984-01-31,426.71999999999997
1984-02-01,426.71999999999997
1984-02-02,426.71999999999997
1984-02-03,426.71999999999997
1984-02-04,426.71999999999997
1984-02-05,426.71999999999997
1984-02-06,426.71999999999997
1984-02-07,426.71999999999997
1984-02-08,426.71999999999997
1984-02-09,426.71999999999997
1984-02-10,426.71999999999997
1984-02-11,426.71999999999997
1984-02-12,434.34000000000003
1984-02-13,439.42
1984-02-14,439.42
1984-02-15,452.12
1984-02-16,452.12
1984-02-17,452.12
1984-02-18,457.2
1984-02-19,457.2
1984-02-20,457.2
1984-02-21,459.74
1984-02-22,459.74
1984-02-23,459.74
1984-02-24,464.82
1984-02-25,464.82
1984-02-26,464.82
1984-02-27,464.82
1984-02-28,469.9
1984-02-29,469.9
1984-03-01,469.9
1984-03-02,469.9
1984-03-03,477.52
1984-03-04,477.52
1984-03-05,477.52
1984-03-06,477.52
1984-03-07,477.52
1984-03-08,477.52
1984-03-09,477.52
1984-03-10,477.52
1984-03-11,477.52
1984-03-12,485.14
1984-03-13,490.21999999999997
1984-03-14,495.29999999999995
1984-03-15,510.54
1984-03-16,515.62
1984-03-17,520.6999999999999
1984-03-18,520.6999999999999
1984-03-19,520.6999999999999
1984-03-20,535.94
1984-03-21,535.94
1984-03-22,535.94
1984-03-23,535.94
1984-03-24,535.94
1984-03-25,535.94
1984-03-26,541.02
1984-03-27,541.02
1984-03-28,535.94
1984-03-29,535.94
1984-03-30,546.1
1984-03-31,553.72
1984-04-01,558.8
1984-04-02,558.8
1984-04-03,558.8
1984-04-04,558.8
1984-04-05,558.8
1984-04-06,558.8
1984-04-07,558.8
1984-04-08,558.8
1984-04-09,558.8
1984-04-10,558.8
1984-04-11,558.8
1984-04-12,558.8
1984-04-13,561.34
1984-04-14,561.34
1984-04-15,561.34
1984-04-16,548.64
1984-04-17,528.3199999999999
1984-04-18,520.6999999999999
1984-04-19,515.62
1984-04-20,528.3199999999999
1984-04-21,535.94
1984-04-22,541.02
1984-04-23,541.02
1984-04-24,541.02
1984-04-25,546.1
1984-04-26,546.1
1984-04-27,553.72
1984-04-28,561.34
1984-04-29,566.42
1984-04-30,579.12
1984-05-01,584.1999999999999
1984-05-02,586.74
1984-05-03,599.44
1984-05-04,604.52
1984-05-05,612.14
1984-05-06,624.84
1984-05-07,629.92
1984-05-08,637.54
1984-05-09,637.54
1984-05-10,637.54
1984-05-11,617.22
1984-05-12,596.9
1984-05-13,576.5799999999999
1984-05-14,553.72
1984-05-15,523.24
1984-05-16,508.0
1984-05-17,485.14
1984-05-18,457.2
1984-05-19,452.12
1984-05-20,426.71999999999997
1984-05-21,398.78
1984-05-22,368.29999999999995
1984-05-23,330.2
1984-05-24,299.72
1984-05-25,261.62
1984-05-26,223.52
1984-05-27,193.04
1984-05-28,154.93999999999997
1984-05-29,116.83999999999999
1984-05-30,73.66
1984-05-31,17.779999999999998
1984-06-01,15.239999999999998
1984-06-02,0.0
1984-06-03,0.0
1984-06-04,0.0
1984-06-05,0.0
1984-06-06,0.0
1984-06-07,0.0
1984-06-08,0.0
1984-06-09,0.0
1984-06-10,0.0
1984-06-11,0.0
1984-06-12,0.0
1984-06-13,0.0
1984-06-14,0.0
1984-06-15,0.0
1984-06-16,0.0
1984-06-17,0.0
1984-06-18,0.0
1984-06-19,0.0
1984-06-20,0.0
1984-06-21,0.0
1984-06-22,0.0
1984-06-23,0.0
1984-06-24,0.0
1984-06-25,0.0
1984-06-26,0.0
1984-06-27,0.0
1984-06-28,0.0
1984-06-29,0.0
1984-06-30,0.0
1984-07-01,0.0
1984-07-02,0.0
1984-07-03,0.0
1984-07-04,0.0
1984-07-05,0.0
1984-07-06,0.0
1984-07-07,0.0
1984-07-08,0.0
1984-07-09,0.0
1984-07-10,0.0
1984-07-11,0.0
1984-07-12,0.0
1984-07-13,0.0
1984-07-14,0.0
1984-07-15,0.0
1984-07-16,0.0
1984-07-17,0.0
1984-07-18,0.0
1984-07-19,0.0
1984-07-20,0.0
1984-07-21,0.0
1984-07-22,0.0
1984-07-23,0.0
1984-07-24,0.0
1984-07-25,0.0
1984-07-26,0.0
1984-07-27,0.0
1984-07-28,0.0
1984-07-29,0.0
1984-07-30,0.0
1984-07-31,0.0
1984-08-01,0.0
1984-08-02,0.0
1984-08-03,0.0
1984-08-04,0.0
1984-08-05,0.0
1984-08-06,0.0
1984-08-07,0.0
1984-08-08,0.0
1984-08-09,0.0
1984-08-10,0.0
1984-08-11,0.0
1984-08-12,0.0
1984-08-13,0.0
1984-08-14,0.0
1984-08-15,0.0
1984-08-16,0.0
1984-08-17,0.0
1984-08-18,0.0
1984-08-19,0.0
1984-08-20,0.0
1984-08-21,0.0
1984-08-22,0.0
1984-08-23,0.0
1984-08-24,0.0
1984-08-25,0.0
1984-08-26,0.0
1984-08-27,0.0
1984-08-28,0.0
1984-08-29,0.0
1984-08-30,0.0
1984-08-31,0.0
1984-09-01,0.0
1984-09-02,0.0
1984-09-03,0.0
1984-09-04,0.0
1984-09-05,0.0
1984-09-06,0.0
1984-09-07,0.0
1984-09-08,0.0
1984-09-09,0.0
1984-09-10,0.0
1984-09-11,0.0
1984-09-12,0.0
1984-09-13,0.0
1984-09-14,0.0
1984-09-15,0.0
1984-09-16,0.0
1984-09-17,0.0
1984-09-18,0.0
1984-09-19,0.0
1984-09-20,0.0
1984-09-21,0.0
1984-09-22,0.0
1984-09-23,0.0
1984-09-24,0.0
1984-09-25,0.0
1984-09-26,0.0
1984-09-27,0.0
1984-09-28,0.0
1984-09-29,0.0
1984-09-30,0.0
1984-10-01,0.0
1984-10-02,0.0
1984-10-03,2.54
1984-10-04,5.08
1984-10-05,2.54
1984-10-06,2.54
1984-10-07,0.0
1984-10-08,0.0
1984-10-09,0.0
1984-10-10,0.0
1984-10-11,0.0
1984-10-12,0.0
1984-10-13,0.0
1984-10-14,2.54
1984-10-15,2.54
1984-10-16,5.08
1984-10-17,10.16
1984-10-18,38.099999999999994
1984-10-19,43.18
1984-10-20,45.72
1984-10-21,45.72
1984-10-22,48.26
1984-10-23,48.26
1984-10-24,55.88
1984-10-25,55.88
1984-10-26,55.88
1984-10-27,66.03999999999999
1984-10-28,73.66
1984-10-29,73.66
1984-10-30,73.66
1984-10-31,73.66
1984-11-01,73.66
1984-11-02,73.66
1984-11-03,73.66
1984-11-04,73.66
1984-11-05,73.66
1984-11-06,73.66
1984-11-07,73.66
1984-11-08,73.66
1984-11-09,88.89999999999999
1984-11-10,99.05999999999999
1984-11-11,99.05999999999999
1984-11-12,99.05999999999999
1984-11-13,101.6
1984-11-14,104.13999999999999
1984-11-15,106.67999999999999
1984-11-16,106.67999999999999
1984-11-17,106.67999999999999
1984-11-18,106.67999999999999
1984-11-19,106.67999999999999
1984-11-20,104.13999999999999
1984-11-21,104.13999999999999
1984-11-22,104.13999999999999
1984-11-23,104.13999999999999
1984-11-24,104.13999999999999
1984-11-25,104.13999999999999
1984-11-26,104.13999999999999
1984-11-27,104.13999999999999
1984-11-28,109.21999999999998
1984-11-29,109.21999999999998
1984-11-30,116.83999999999999
1984-12-01,116.83999999999999
1984-12-02,119.38
1984-12-03,121.91999999999999
1984-12-04,121.91999999999999
1984-12-05,124.46000000000001
1984-12-06,127.0
1984-12-07,137.16
1984-12-08,139.7
1984-12-09,149.86
1984-12-10,149.86
1984-12-11,154.93999999999997
1984-12-12,167.64
1984-12-13,167.64
1984-12-14,167.64
1984-12-15,167.64
1984-12-16,167.64
1984-12-17,175.26
1984-12-18,175.26
1984-12-19,175.26
1984-12-20,175.26
1984-12-21,180.33999999999997
1984-12-22,185.42
1984-12-23,187.96
1984-12-24,187.96
1984-12-25,190.5
1984-12-26,193.04
1984-12-27,200.66
1984-12-28,213.35999999999999
1984-12-29,218.43999999999997
1984-12-30,218.43999999999997
1984-12-31,218.43999999999997
1985-01-01,218.43999999999997
1985-01-02,218.43999999999997
1985-01-03,220.97999999999996
1985-01-04,220.97999999999996
1985-01-05,220.97999999999996
1985-01-06,223.52
1985-01-07,223.52
1985-01-08,228.6
1985-01-09,231.14
1985-01-10,231.14
1985-01-11,231.14
1985-01-12,231.14
1985-01-13,231.14
1985-01-14,231.14
1985-01-15,236.22
1985-01-16,236.22
1985-01-17,236.22
1985-01-18,241.29999999999998
1985-01-19,241.29999999999998
1985-01-20,243.83999999999997
1985-01-21,246.37999999999997
1985-01-22,254.0
1985-01-23,254.0
1985-01-24,259.08
1985-01-25,259.08
1985-01-26,259.08
1985-01-27,259.08
1985-01-28,259.08
1985-01-29,264.15999999999997
1985-01-30,271.78
1985-01-31,271.78
1985-02-01,274.32
1985-02-02,271.78
1985-02-03,274.32
1985-02-04,279.4
1985-02-05,287.02
1985-02-06,287.02
1985-02-07,287.02
1985-02-08,287.02
1985-02-09,292.09999999999997
1985-02-10,302.26
1985-02-11,304.79999999999995
1985-02-12,304.79999999999995
1985-02-13,307.34
1985-02-14,307.34
1985-02-15,307.34
1985-02-16,307.34
1985-02-17,307.34
1985-02-18,314.96
1985-02-19,317.5
1985-02-20,317.5
1985-02-21,317.5
1985-02-22,317.5
1985-02-23,320.03999999999996
1985-02-24,320.03999999999996
1985-02-25,320.03999999999996
1985-02-26,332.73999999999995
1985-02-27,335.28
1985-02-28,335.28
1985-03-01,335.28
1985-03-02,335.28
1985-03-03,335.28
1985-03-04,337.82
1985-03-05,337.82
1985-03-06,340.36
1985-03-07,340.36
1985-03-08,340.36
1985-03-09,340.36
1985-03-10,342.9
1985-03-11,363.21999999999997
1985-03-12,375.92
1985-03-13,383.53999999999996
1985-03-14,383.53999999999996
1985-03-15,383.53999999999996
1985-03-16,383.53999999999996
1985-03-17,383.53999999999996
1985-03-18,383.53999999999996
1985-03-19,388.62
1985-03-20,388.62
1985-03-21,388.62
1985-03-22,388.62
1985-03-23,388.62
1985-03-24,388.62
1985-03-25,393.7
1985-03-26,393.7
1985-03-27,398.78
1985-03-28,444.5
1985-03-29,459.74
1985-03-30,469.9
1985-03-31,469.9
1985-04-01,482.59999999999997
1985-04-02,485.14
1985-04-03,485.14
1985-04-04,490.21999999999997
1985-04-05,495.29999999999995
1985-04-06,495.29999999999995
1985-04-07,477.52
1985-04-08,459.74
1985-04-09,452.12
1985-04-10,452.12
1985-04-11,452.12
1985-04-12,452.12
1985-04-13,439.42
1985-04-14,426.71999999999997
1985-04-15,408.94
1985-04-16,396.23999999999995
1985-04-17,391.15999999999997
1985-04-18,386.08
1985-04-19,381.0
1985-04-20,388.62
1985-04-21,396.23999999999995
1985-04-22,398.78
1985-04-23,403.86
1985-04-24,403.86
1985-04-25,408.94
1985-04-26,421.64
1985-04-27,421.64
1985-04-28,414.02
1985-04-29,408.94
1985-04-30,401.32
1985-05-01,378.46
1985-05-02,353.06
1985-05-03,330.2
1985-05-04,317.5
1985-05-05,292.09999999999997
1985-05-06,271.78
1985-05-07,259.08
1985-05-08,236.22
1985-05-09,213.35999999999999
1985-05-10,213.35999999999999
1985-05-11,213.35999999999999
1985-05-12,213.35999999999999
1985-05-13,220.97999999999996
1985-05-14,218.43999999999997
1985-05-15,205.73999999999998
1985-05-16,182.88
1985-05-17,165.1
1985-05-18,142.23999999999998
1985-05-19,121.91999999999999
1985-05-20,106.67999999999999
1985-05-21,81.28
1985-05-22,73.66
1985-05-23,53.339999999999996
1985-05-24,25.4
1985-05-25,17.779999999999998
1985-05-26,5.08
1985-05-27,0.0
1985-05-28,0.0
1985-05-29,0.0
1985-05-30,0.0
1985-05-31,0.0
1985-06-01,0.0
1985-06-02,0.0
1985-06-03,0.0
1985-06-04,0.0
1985-06-05,0.0
1985-06-06,0.0
1985-06-07,0.0
1985-06-08,0.0
1985-06-09,0.0
1985-06-10,0.0
1985-06-11,0.0
1985-06-12,0.0
1985-06-13,0.0
1985-06-14,0.0
1985-06-15,0.0
1985-06-16,0.0
1985-06-17,0.0
1985-06-18,0.0
1985-06-19,0.0
1985-06-20,0.0
1985-06-21,0.0
1985-06-22,0.0
1985-06-23,0.0
1985-06-24,0.0
1985-06-25,0.0
1985-06-26,0.0
1985-06-27,0.0
1985-06-28,0.0
1985-06-29,0.0
1985-06-30,0.0
1985-07-01,0.0
1985-07-02,0.0
1985-07-03,0.0
1985-07-04,0.0
1985-07-05,0.0
1985-07-06,0.0
1985-07-07,0.0
1985-07-08,0.0
1985-07-09,0.0
1985-07-10,0.0
1985-07-11,0.0
1985-07-12,0.0
1985-07-13,0.0
1985-07-14,0.0
1985-07-15,0.0
1985-07-16,0.0
1985-07-17,0.0
1985-07-18,0.0
1985-07-19,0.0
1985-07-20,0.0
1985-07-21,0.0
1985-07-22,0.0
1985-07-23,0.0
1985-07-24,0.0
1985-07-25,0.0
1985-07-26,0.0
1985-07-27,0.0
1985-07-28,0.0
1985-07-29,0.0
1985-07-30,0.0
1985-07-31,0.0
1985-08-01,0.0
1985-08-02,0.0
1985-08-03,0.0
1985-08-04,0.0
1985-08-05,0.0
1985-08-06,0.0
1985-08-07,0.0
1985-08-08,0.0
1985-08-09,0.0
1985-08-10,0.0
1985-08-11,0.0
1985-08-12,0.0
1985-08-13,0.0
1985-08-14,0.0
1985-08-15,0.0
1985-08-16,0.0
1985-08-17,0.0
1985-08-18,0.0
1985-08-19,0.0
1985-08-20,0.0
1985-08-21,0.0
1985-08-22,0.0
1985-08-23,0.0
1985-08-24,0.0
1985-08-25,0.0
1985-08-26,0.0
1985-08-27,0.0
1985-08-28,0.0
1985-08-29,0.0
1985-08-30,0.0
1985-08-31,0.0
1985-09-01,0.0
1985-09-02,0.0
1985-09-03,0.0
1985-09-04,0.0
1985-09-05,0.0
1985-09-06,0.0
1985-09-07,0.0
1985-09-08,0.0
1985-09-09,0.0
1985-09-10,0.0
1985-09-11,0.0
1985-09-12,0.0
1985-09-13,0.0
1985-09-14,0.0
1985-09-15,0.0
1985-09-16,0.0
1985-09-17,0.0
1985-09-18,0.0
1985-09-19,0.0
1985-09-20,0.0
1985-09-21,0.0
1985-09-22,0.0
1985-09-23,0.0
1985-09-24,0.0
1985-09-25,0.0
1985-09-26,0.0
1985-09-27,0.0
1985-09-28,0.0
1985-09-29,15.239999999999998
1985-09-30,12.7
1985-10-01,12.7
1985-10-02,12.7
1985-10-03,7.619999999999999
1985-10-04,2.54
1985-10-05,0.0
1985-10-06,5.08
1985-10-07,12.7
1985-10-08,22.86
1985-10-09,50.8
1985-10-10,50.8
1985-10-11,53.339999999999996
1985-10-12,55.88
1985-10-13,55.88
1985-10-14,58.419999999999995
1985-10-15,58.419999999999995
1985-10-16,58.419999999999995
1985-10-17,58.419999999999995
1985-10-18,58.419999999999995
1985-10-19,55.88
1985-10-20,55.88
1985-10-21,55.88
1985-10-22,55.88
1985-10-23,55.88
1985-10-24,55.88
1985-10-25,53.339999999999996
1985-10-26,53.339999999999996
1985-10-27,53.339999999999996
1985-10-28,53.339999999999996
1985-10-29,53.339999999999996
1985-10-30,53.339999999999996
1985-10-31,53.339999999999996
1985-11-01,50.8
1985-11-02,50.8
1985-11-03,50.8
1985-11-04,50.8
1985-11-05,50.8
1985-11-06,55.88
1985-11-07,55.88
1985-11-08,63.5
1985-11-09,68.58
1985-11-10,73.66
1985-11-11,73.66
1985-11-12,73.66
1985-11-13,73.66
1985-11-14,73.66
1985-11-15,73.66
1985-11-16,76.19999999999999
1985-11-17,83.82
1985-11-18,88.89999999999999
1985-11-19,88.89999999999999
1985-11-20,88.89999999999999
1985-11-21,91.44
1985-11-22,99.05999999999999
1985-11-23,99.05999999999999
1985-11-24,109.21999999999998
1985-11-25,124.46000000000001
1985-11-26,139.7
1985-11-27,139.7
1985-11-28,139.7
1985-11-29,154.93999999999997
1985-11-30,185.42
1985-12-01,193.04
1985-12-02,198.11999999999998
1985-12-03,218.43999999999997
1985-12-04,228.6
1985-12-05,231.14
1985-12-06,233.67999999999998
1985-12-07,233.67999999999998
1985-12-08,236.22
1985-12-09,238.76
1985-12-10,241.29999999999998
1985-12-11,248.92000000000002
1985-12-12,248.92000000000002
1985-12-13,251.46
1985-12-14,254.0
1985-12-15,254.0
1985-12-16,254.0
1985-12-17,248.92000000000002
1985-12-18,246.37999999999997
1985-12-19,243.83999999999997
1985-12-20,243.83999999999997
1985-12-21,243.83999999999997
1985-12-22,243.83999999999997
1985-12-23,243.83999999999997
1985-12-24,243.83999999999997
1985-12-25,243.83999999999997
1985-12-26,241.29999999999998
1985-12-27,241.29999999999998
1985-12-28,241.29999999999998
1985-12-29,241.29999999999998
1985-12-30,241.29999999999998
1985-12-31,261.62
1986-01-01,264.15999999999997
1986-01-02,266.7
1986-01-03,266.7
1986-01-04,269.23999999999995
1986-01-05,269.23999999999995
1986-01-06,271.78
1986-01-07,281.94
1986-01-08,281.94
1986-01-09,284.47999999999996
1986-01-10,284.47999999999996
1986-01-11,284.47999999999996
1986-01-12,284.47999999999996
1986-01-13,287.02
1986-01-14,287.02
1986-01-15,287.02
1986-01-16,287.02
1986-01-17,289.56
1986-01-18,289.56
1986-01-19,292.09999999999997
1986-01-20,292.09999999999997
1986-01-21,299.72
1986-01-22,299.72
1986-01-23,299.72
1986-01-24,299.72
1986-01-25,299.72
1986-01-26,302.26
1986-01-27,302.26
1986-01-28,302.26
1986-01-29,302.26
1986-01-30,302.26
1986-01-31,304.79999999999995
1986-02-01,307.34
1986-02-02,307.34
1986-02-03,307.34
1986-02-04,314.96
1986-02-05,314.96
1986-02-06,314.96
1986-02-07,314.96
1986-02-08,314.96
1986-02-09,317.5
1986-02-10,317.5
1986-02-11,317.5
1986-02-12,322.58
1986-02-13,327.65999999999997
1986-02-14,353.06
1986-02-15,365.76
1986-02-16,388.62
1986-02-17,406.4
1986-02-18,431.79999999999995
1986-02-19,452.12
1986-02-20,490.21999999999997
1986-02-21,495.29999999999995
1986-02-22,502.92
1986-02-23,502.92
1986-02-24,502.92
1986-02-25,502.92
1986-02-26,502.92
1986-02-27,502.92
1986-02-28,502.92
1986-03-01,502.92
1986-03-02,502.92
1986-03-03,502.92
1986-03-04,502.92
1986-03-05,502.92
1986-03-06,508.0
1986-03-07,510.54
1986-03-08,510.54
1986-03-09,520.6999999999999
1986-03-10,533.4
1986-03-11,535.94
1986-03-12,541.02
1986-03-13,541.02
1986-03-14,541.02
1986-03-15,548.64
1986-03-16,548.64
1986-03-17,553.72
1986-03-18,558.8
1986-03-19,558.8
1986-03-20,566.42
1986-03-21,566.42
1986-03-22,566.42
1986-03-23,566.42
1986-03-24,566.42
1986-03-25,571.5
1986-03-26,571.5
1986-03-27,571.5
1986-03-28,571.5
1986-03-29,584.1999999999999
1986-03-30,586.74
1986-03-31,591.8199999999999
1986-04-01,591.8199999999999
1986-04-02,599.44
1986-04-03,612.14
1986-04-04,609.5999999999999
1986-04-05,604.52
1986-04-06,599.44
1986-04-07,596.9
1986-04-08,591.8199999999999
1986-04-09,586.74
1986-04-10,584.1999999999999
1986-04-11,579.12
1986-04-12,579.12
1986-04-13,579.12
1986-04-14,579.12
1986-04-15,579.12
1986-04-16,574.04
1986-04-17,571.5
1986-04-18,571.5
1986-04-19,571.5
1986-04-20,571.5
1986-04-21,566.42
1986-04-22,553.72
1986-04-23,533.4
1986-04-24,523.24
1986-04-25,515.62
1986-04-26,533.4
1986-04-27,528.3199999999999
1986-04-28,528.3199999999999
1986-04-29,523.24
1986-04-30,523.24
1986-05-01,502.92
1986-05-02,477.52
1986-05-03,452.12
1986-05-04,431.79999999999995
1986-05-05,414.02
1986-05-06,388.62
1986-05-07,378.46
1986-05-08,373.37999999999994
1986-05-09,381.0
1986-05-10,386.08
1986-05-11,381.0
1986-05-12,368.29999999999995
1986-05-13,345.44
1986-05-14,314.96
1986-05-15,304.79999999999995
1986-05-16,314.96
1986-05-17,312.42
1986-05-18,302.26
1986-05-19,276.86
1986-05-20,246.37999999999997
1986-05-21,208.27999999999997
1986-05-22,177.79999999999998
1986-05-23,139.7
1986-05-24,96.52
1986-05-25,63.5
1986-05-26,38.099999999999994
1986-05-27,10.16
1986-05-28,0.0
1986-05-29,0.0
1986-05-30,0.0
1986-05-31,0.0
1986-06-01,0.0
1986-06-02,0.0
1986-06-03,0.0
1986-06-04,0.0
1986-06-05,0.0
1986-06-06,0.0
1986-06-07,0.0
1986-06-08,0.0
1986-06-09,0.0
1986-06-10,0.0
1986-06-11,0.0
1986-06-12,0.0
1986-06-13,0.0
1986-06-14,0.0
1986-06-15,0.0
1986-06-16,0.0
1986-06-17,0.0
1986-06-18,0.0
1986-06-19,0.0
1986-06-20,0.0
1986-06-21,0.0
1986-06-22,0.0
1986-06-23,0.0
1986-06-24,0.0
1986-06-25,0.0
1986-06-26,0.0
1986-06-27,0.0
1986-06-28,0.0
1986-06-29,0.0
1986-06-30,0.0
1986-07-01,0.0
1986-07-02,0.0
1986-07-03,0.0
1986-07-04,0.0
1986-07-05,0.0
1986-07-06,0.0
1986-07-07,0.0
1986-07-08,0.0
1986-07-09,0.0
1986-07-10,0.0
1986-07-11,0.0
1986-07-12,0.0
1986-07-13,0.0
1986-07-14,0.0
1986-07-15,0.0
1986-07-16,0.0
1986-07-17,0.0
1986-07-18,0.0
1986-07-19,0.0
1986-07-20,0.0
1986-07-21,0.0
1986-07-22,0.0
1986-07-23,0.0
1986-07-24,0.0
1986-07-25,0.0
1986-07-26,0.0
1986-07-27,0.0
1986-07-28,0.0
1986-07-29,0.0
1986-07-30,0.0
1986-07-31,0.0
1986-08-01,0.0
1986-08-02,0.0
1986-08-03,0.0
1986-08-04,0.0
1986-08-05,0.0
1986-08-06,0.0
1986-08-07,0.0
1986-08-08,0.0
1986-08-09,0.0
1986-08-10,0.0
1986-08-11,0.0
1986-08-12,0.0
1986-08-13,0.0
1986-08-14,0.0
1986-08-15,0.0
1986-08-16,0.0
1986-08-17,0.0
1986-08-18,0.0
1986-08-19,0.0
1986-08-20,0.0
1986-08-21,0.0
1986-08-22,0.0
1986-08-23,0.0
1986-08-24,0.0
1986-08-25,0.0
1986-08-26,0.0
1986-08-27,0.0
1986-08-28,0.0
1986-08-29,0.0
1986-08-30,0.0
1986-08-31,0.0
1986-09-01,0.0
1986-09-02,0.0
1986-09-03,0.0
1986-09-04,0.0
1986-09-05,0.0
1986-09-06,0.0
1986-09-07,0.0
1986-09-08,0.0
1986-09-09,0.0
1986-09-10,0.0
1986-09-11,0.0
1986-09-12,0.0
1986-09-13,0.0
1986-09-14,0.0
1986-09-15,0.0
1986-09-16,0.0
1986-09-17,0.0
1986-09-18,0.0
1986-09-19,0.0
1986-09-20,0.0
1986-09-21,0.0
1986-09-22,0.0
1986-09-23,0.0
1986-09-24,0.0
1986-09-25,2.54
1986-09-26,15.239999999999998
1986-09-27,12.7
1986-09-28,10.16
1986-09-29,10.16
1986-09-30,10.16
1986-10-01,7.619999999999999
1986-10-02,2.54
1986-10-03,0.0
1986-10-04,2.54
1986-10-05,0.0
1986-10-06,0.0
1986-10-07,2.54
1986-10-08,2.54
1986-10-09,2.54
1986-10-10,2.54
1986-10-11,12.7
1986-10-12,22.86
1986-10-13,22.86
1986-10-14,25.4
1986-10-15,25.4
1986-10-16,25.4
1986-10-17,25.4
1986-10-18,25.4
1986-10-19,25.4
1986-10-20,27.94
1986-10-21,33.019999999999996
1986-10-22,38.099999999999994
1986-10-23,38.099999999999994
1986-10-24,38.099999999999994
1986-10-25,38.099999999999994
1986-10-26,38.099999999999994
1986-10-27,38.099999999999994
1986-10-28,38.099999999999994
1986-10-29,38.099999999999994
1986-10-30,38.099999999999994
1986-10-31,38.099999999999994
1986-11-01,58.419999999999995
1986-11-02,76.19999999999999
1986-11-03,76.19999999999999
1986-11-04,76.19999999999999
1986-11-05,76.19999999999999
1986-11-06,76.19999999999999
1986-11-07,86.36
1986-11-08,101.6
1986-11-09,101.6
1986-11-10,106.67999999999999
1986-11-11,106.67999999999999
1986-11-12,106.67999999999999
1986-11-13,104.13999999999999
1986-11-14,104.13999999999999
1986-11-15,101.6
1986-11-16,101.6
1986-11-17,101.6
1986-11-18,101.6
1986-11-19,127.0
1986-11-20,139.7
1986-11-21,139.7
1986-11-22,139.7
1986-11-23,139.7
1986-11-24,147.32
1986-11-25,149.86
1986-11-26,149.86
1986-11-27,149.86
1986-11-28,149.86
1986-11-29,152.39999999999998
1986-11-30,152.39999999999998
1986-12-01,152.39999999999998
1986-12-02,152.39999999999998
1986-12-03,152.39999999999998
1986-12-04,152.39999999999998
1986-12-05,152.39999999999998
1986-12-06,152.39999999999998
1986-12-07,160.01999999999998
1986-12-08,160.01999999999998
1986-12-09,160.01999999999998
1986-12-10,160.01999999999998
1986-12-11,160.01999999999998
1986-12-12,160.01999999999998
1986-12-13,160.01999999999998
1986-12-14,160.01999999999998
1986-12-15,160.01999999999998
1986-12-16,165.1
1986-12-17,165.1
1986-12-18,165.1
1986-12-19,177.79999999999998
1986-12-20,177.79999999999998
1986-12-21,177.79999999999998
1986-12-22,177.79999999999998
1986-12-23,175.26
1986-12-24,175.26
1986-12-25,175.26
1986-12-26,175.26
1986-12-27,175.26
1986-12-28,172.72
1986-12-29,170.18
1986-12-30,167.64
1986-12-31,162.56
1987-01-01,160.01999999999998
1987-01-02,160.01999999999998
1987-01-03,160.01999999999998
1987-01-04,160.01999999999998
1987-01-05,162.56
1987-01-06,167.64
1987-01-07,172.72
1987-01-08,180.33999999999997
1987-01-09,180.33999999999997
1987-01-10,180.33999999999997
1987-01-11,180.33999999999997
1987-01-12,180.33999999999997
1987-01-13,180.33999999999997
1987-01-14,180.33999999999997
1987-01-15,180.33999999999997
1987-01-16,182.88
1987-01-17,182.88
1987-01-18,182.88
1987-01-19,185.42
1987-01-20,187.96
1987-01-21,187.96
1987-01-22,185.42
1987-01-23,187.96
1987-01-24,185.42
1987-01-25,187.96
1987-01-26,193.04
1987-01-27,193.04
1987-01-28,195.57999999999998
1987-01-29,223.52
1987-01-30,226.06
1987-01-31,226.06
1987-02-01,226.06
1987-02-02,226.06
1987-02-03,228.6
1987-02-04,228.6
1987-02-05,228.6
1987-02-06,228.6
1987-02-07,228.6
1987-02-08,231.14
1987-02-09,231.14
1987-02-10,231.14
1987-02-11,236.22
1987-02-12,238.76
1987-02-13,243.83999999999997
1987-02-14,256.53999999999996
1987-02-15,259.08
1987-02-16,259.08
1987-02-17,261.62
1987-02-18,266.7
1987-02-19,269.23999999999995
1987-02-20,269.23999999999995
1987-02-21,271.78
1987-02-22,271.78
1987-02-23,274.32
1987-02-24,276.86
1987-02-25,281.94
1987-02-26,289.56
1987-02-27,299.72
1987-02-28,299.72
1987-03-01,299.72
1987-03-02,302.26
1987-03-03,302.26
1987-03-04,302.26
1987-03-05,304.79999999999995
1987-03-06,304.79999999999995
1987-03-07,304.79999999999995
1987-03-08,304.79999999999995
1987-03-09,307.34
1987-03-10,317.5
1987-03-11,317.5
1987-03-12,322.58
1987-03-13,325.12
1987-03-14,325.12
1987-03-15,327.65999999999997
1987-03-16,332.73999999999995
1987-03-17,332.73999999999995
1987-03-18,335.28
1987-03-19,337.82
1987-03-20,347.97999999999996
1987-03-21,365.76
1987-03-22,375.92
1987-03-23,375.92
1987-03-24,378.46
1987-03-25,378.46
1987-03-26,378.46
1987-03-27,383.53999999999996
1987-03-28,386.08
1987-03-29,388.62
1987-03-30,388.62
1987-03-31,391.15999999999997
1987-04-01,391.15999999999997
1987-04-02,391.15999999999997
1987-04-03,391.15999999999997
1987-04-04,391.15999999999997
1987-04-05,391.15999999999997
1987-04-06,398.78
1987-04-07,398.78
1987-04-08,398.78
1987-04-09,398.78
1987-04-10,401.32
1987-04-11,401.32
1987-04-12,403.86
1987-04-13,414.02
1987-04-14,414.02
1987-04-15,414.02
1987-04-16,414.02
1987-04-17,408.94
1987-04-18,396.23999999999995
1987-04-19,383.53999999999996
1987-04-20,370.84
1987-04-21,370.84
1987-04-22,370.84
1987-04-23,350.52
1987-04-24,325.12
1987-04-25,302.26
1987-04-26,284.47999999999996
1987-04-27,266.7
1987-04-28,251.46
1987-04-29,231.14
1987-04-30,218.43999999999997
1987-05-01,208.27999999999997
1987-05-02,190.5
1987-05-03,195.57999999999998
1987-05-04,195.57999999999998
1987-05-05,190.5
1987-05-06,177.79999999999998
1987-05-07,165.1
1987-05-08,137.16
1987-05-09,109.21999999999998
1987-05-10,81.28
1987-05-11,63.5
1987-05-12,33.019999999999996
1987-05-13,20.32
1987-05-14,7.619999999999999
1987-05-15,0.0
1987-05-16,0.0
1987-05-17,0.0
1987-05-18,0.0
1987-05-19,0.0
1987-05-20,0.0
1987-05-21,0.0
1987-05-22,0.0
1987-05-23,0.0
1987-05-24,0.0
1987-05-25,0.0
1987-05-26,0.0
1987-05-27,0.0
1987-05-28,0.0
1987-05-29,0.0
1987-05-30,0.0
1987-05-31,0.0
1987-06-01,0.0
1987-06-02,0.0
1987-06-03,0.0
1987-06-04,0.0
1987-06-05,0.0
1987-06-06,0.0
1987-06-07,0.0
1987-06-08,0.0
1987-06-09,0.0
1987-06-10,0.0
1987-06-11,0.0
1987-06-12,0.0
1987-06-13,0.0
1987-06-14,0.0
1987-06-15,0.0
1987-06-16,0.0
1987-06-17,0.0
1987-06-18,0.0
1987-06-19,0.0
1987-06-20,0.0
1987-06-21,0.0
1987-06-22,0.0
1987-06-23,0.0
1987-06-24,0.0
1987-06-25,0.0
1987-06-26,0.0
1987-06-27,0.0
1987-06-28,0.0
1987-06-29,0.0
1987-06-30,0.0
1987-07-01,0.0
1987-07-02,0.0
1987-07-03,0.0
1987-07-04,0.0
1987-07-05,0.0
1987-07-06,0.0
1987-07-07,0.0
1987-07-08,0.0
1987-07-09,0.0
1987-07-10,0.0
1987-07-11,0.0
1987-07-12,0.0
1987-07-13,0.0
1987-07-14,0.0
1987-07-15,0.0
1987-07-16,0.0
1987-07-17,0.0
1987-07-18,0.0
1987-07-19,0.0
1987-07-20,0.0
1987-07-21,0.0
1987-07-22,0.0
1987-07-23,0.0
1987-07-24,0.0
1987-07-25,0.0
1987-07-26,0.0
1987-07-27,0.0
1987-07-28,0.0
1987-07-29,0.0
1987-07-30,0.0
1987-07-31,0.0
1987-08-01,0.0
1987-08-02,0.0
1987-08-03,0.0
1987-08-04,0.0
1987-08-05,0.0
1987-08-06,0.0
1987-08-07,0.0
1987-08-08,0.0
1987-08-09,0.0
1987-08-10,0.0
1987-08-11,0.0
1987-08-12,0.0
1987-08-13,0.0
1987-08-14,0.0
1987-08-15,0.0
1987-08-16,0.0
1987-08-17,0.0
1987-08-18,0.0
1987-08-19,0.0
1987-08-20,0.0
1987-08-21,0.0
1987-08-22,0.0
1987-08-23,0.0
1987-08-24,0.0
1987-08-25,0.0
1987-08-26,0.0
1987-08-27,0.0
1987-08-28,0.0
1987-08-29,0.0
1987-08-30,0.0
1987-08-31,0.0
1987-09-01,0.0
1987-09-02,0.0
1987-09-03,0.0
1987-09-04,0.0
1987-09-05,0.0
1987-09-06,0.0
1987-09-07,0.0
1987-09-08,0.0
1987-09-09,0.0
1987-09-10,0.0
1987-09-11,0.0
1987-09-12,0.0
1987-09-13,0.0
1987-09-14,0.0
1987-09-15,0.0
1987-09-16,0.0
1987-09-17,0.0
1987-09-18,0.0
1987-09-19,0.0
1987-09-20,0.0
1987-09-21,0.0
1987-09-22,0.0
1987-09-23,0.0
1987-09-24,0.0
1987-09-25,0.0
1987-09-26,0.0
1987-09-27,0.0
1987-09-28,0.0
1987-09-29,0.0
1987-09-30,0.0
1987-10-01,0.0
1987-10-02,0.0
1987-10-03,0.0
1987-10-04,0.0
1987-10-05,0.0
1987-10-06,0.0
1987-10-07,0.0
1987-10-08,0.0
1987-10-09,0.0
1987-10-10,0.0
1987-10-11,0.0
1987-10-12,0.0
1987-10-13,0.0
1987-10-14,0.0
1987-10-15,0.0
1987-10-16,0.0
1987-10-17,0.0
1987-10-18,0.0
1987-10-19,0.0
1987-10-20,0.0
1987-10-21,0.0
1987-10-22,0.0
1987-10-23,0.0
1987-10-24,0.0
1987-10-25,0.0
1987-10-26,0.0
1987-10-27,0.0
1987-10-28,0.0
1987-10-29,0.0
1987-10-30,0.0
1987-10-31,0.0
1987-11-01,0.0
1987-11-02,0.0
1987-11-03,0.0
1987-11-04,0.0
1987-11-05,0.0
1987-11-06,7.619999999999999
1987-11-07,7.619999999999999
1987-11-08,7.619999999999999
1987-11-09,7.619999999999999
1987-11-10,10.16
1987-11-11,7.619999999999999
1987-11-12,7.619999999999999
1987-11-13,10.16
1987-11-14,15.239999999999998
1987-11-15,12.7
1987-11-16,12.7
1987-11-17,12.7
1987-11-18,12.7
1987-11-19,12.7
1987-11-20,15.239999999999998
1987-11-21,15.239999999999998
1987-11-22,15.239999999999998
1987-11-23,15.239999999999998
1987-11-24,15.239999999999998
1987-11-25,15.239999999999998
1987-11-26,17.779999999999998
1987-11-27,17.779999999999998
1987-11-28,15.239999999999998
1987-11-29,15.239999999999998
1987-11-30,12.7
1987-12-01,10.16
1987-12-02,10.16
1987-12-03,12.7
1987-12-04,12.7
1987-12-05,15.239999999999998
1987-12-06,20.32
1987-12-07,17.779999999999998
1987-12-08,27.94
1987-12-09,27.94
1987-12-10,27.94
1987-12-11,33.019999999999996
1987-12-12,33.019999999999996
1987-12-13,33.019999999999996
1987-12-14,33.019999999999996
1987-12-15,33.019999999999996
1987-12-16,33.019999999999996
1987-12-17,33.019999999999996
1987-12-18,33.019999999999996
1987-12-19,40.64
1987-12-20,43.18
1987-12-21,43.18
1987-12-22,50.8
1987-12-23,60.959999999999994
1987-12-24,68.58
1987-12-25,68.58
1987-12-26,71.11999999999999
1987-12-27,71.11999999999999
1987-12-28,71.11999999999999
1987-12-29,71.11999999999999
1987-12-30,71.11999999999999
1987-12-31,81.28
1988-01-01,81.28
1988-01-02,81.28
1988-01-03,81.28
1988-01-04,81.28
1988-01-05,91.44
1988-01-06,109.21999999999998
1988-01-07,119.38
1988-01-08,121.91999999999999
1988-01-09,129.54
1988-01-10,132.07999999999998
1988-01-11,132.07999999999998
1988-01-12,142.23999999999998
1988-01-13,142.23999999999998
1988-01-14,142.23999999999998
1988-01-15,144.78
1988-01-16,149.86
1988-01-17,154.93999999999997
1988-01-18,165.1
1988-01-19,167.64
1988-01-20,167.64
1988-01-21,170.18
1988-01-22,170.18
1988-01-23,170.18
1988-01-24,170.18
1988-01-25,170.18
1988-01-26,172.72
1988-01-27,172.72
1988-01-28,172.72
1988-01-29,172.72
1988-01-30,182.88
1988-01-31,193.04
1988-02-01,203.2
1988-02-02,208.27999999999997
1988-02-03,218.43999999999997
1988-02-04,220.97999999999996
1988-02-05,220.97999999999996
1988-02-06,220.97999999999996
1988-02-07,220.97999999999996
1988-02-08,220.97999999999996
1988-02-09,220.97999999999996
1988-02-10,231.14
1988-02-11,238.76
1988-02-12,238.76
1988-02-13,238.76
1988-02-14,241.29999999999998
1988-02-15,241.29999999999998
1988-02-16,241.29999999999998
1988-02-17,241.29999999999998
1988-02-18,241.29999999999998
1988-02-19,241.29999999999998
1988-02-20,241.29999999999998
1988-02-21,241.29999999999998
1988-02-22,241.29999999999998
1988-02-23,241.29999999999998
1988-02-24,241.29999999999998
1988-02-25,241.29999999999998
1988-02-26,241.29999999999998
1988-02-27,241.29999999999998
1988-02-28,241.29999999999998
1988-02-29,241.29999999999998
1988-03-01,241.29999999999998
1988-03-02,243.83999999999997
1988-03-03,243.83999999999997
1988-03-04,243.83999999999997
1988-03-05,248.92000000000002
1988-03-06,251.46
1988-03-07,264.15999999999997
1988-03-08,264.15999999999997
1988-03-09,264.15999999999997
1988-03-10,266.7
1988-03-11,271.78
1988-03-12,271.78
1988-03-13,274.32
1988-03-14,274.32
1988-03-15,274.32
1988-03-16,276.86
1988-03-17,281.94
1988-03-18,281.94
1988-03-19,281.94
1988-03-20,284.47999999999996
1988-03-21,287.02
1988-03-22,287.02
1988-03-23,289.56
1988-03-24,289.56
1988-03-25,289.56
1988-03-26,289.56
1988-03-27,284.47999999999996
1988-03-28,279.4
1988-03-29,279.4
1988-03-30,279.4
1988-03-31,279.4
1988-04-01,281.94
1988-04-02,284.47999999999996
1988-04-03,287.02
1988-04-04,287.02
1988-04-05,292.09999999999997
1988-04-06,292.09999999999997
1988-04-07,292.09999999999997
1988-04-08,292.09999999999997
1988-04-09,284.47999999999996
1988-04-10,274.32
1988-04-11,266.7
1988-04-12,261.62
1988-04-13,254.0
1988-04-14,243.83999999999997
1988-04-15,236.22
1988-04-16,236.22
1988-04-17,241.29999999999998
1988-04-18,246.37999999999997
1988-04-19,246.37999999999997
1988-04-20,246.37999999999997
1988-04-21,243.83999999999997
1988-04-22,254.0
1988-04-23,256.53999999999996
1988-04-24,259.08
1988-04-25,259.08
1988-04-26,266.7
1988-04-27,266.7
1988-04-28,261.62
1988-04-29,259.08
1988-04-30,243.83999999999997
1988-05-01,223.52
1988-05-02,215.89999999999998
1988-05-03,215.89999999999998
1988-05-04,195.57999999999998
1988-05-05,177.79999999999998
1988-05-06,160.01999999999998
1988-05-07,157.48
1988-05-08,142.23999999999998
1988-05-09,142.23999999999998
1988-05-10,127.0
1988-05-11,104.13999999999999
1988-05-12,73.66
1988-05-13,33.019999999999996
1988-05-14,17.779999999999998
1988-05-15,0.0
1988-05-16,0.0
1988-05-17,0.0
1988-05-18,0.0
1988-05-19,0.0
1988-05-20,0.0
1988-05-21,0.0
1988-05-22,0.0
1988-05-23,0.0
1988-05-24,0.0
1988-05-25,0.0
1988-05-26,0.0
1988-05-27,0.0
1988-05-28,0.0
1988-05-29,0.0
1988-05-30,0.0
1988-05-31,0.0
1988-06-01,0.0
1988-06-02,0.0
1988-06-03,0.0
1988-06-04,0.0
1988-06-05,0.0
1988-06-06,0.0
1988-06-07,0.0
1988-06-08,0.0
1988-06-09,0.0
1988-06-10,0.0
1988-06-11,0.0
1988-06-12,0.0
1988-06-13,0.0
1988-06-14,0.0
1988-06-15,0.0
1988-06-16,0.0
1988-06-17,0.0
1988-06-18,0.0
1988-06-19,0.0
1988-06-20,0.0
1988-06-21,0.0
1988-06-22,0.0
1988-06-23,0.0
1988-06-24,0.0
1988-06-25,0.0
1988-06-26,0.0
1988-06-27,0.0
1988-06-28,0.0
1988-06-29,0.0
1988-06-30,0.0
1988-07-01,0.0
1988-07-02,0.0
1988-07-03,0.0
1988-07-04,0.0
1988-07-05,0.0
1988-07-06,0.0
1988-07-07,0.0
1988-07-08,0.0
1988-07-09,0.0
1988-07-10,0.0
1988-07-11,0.0
1988-07-12,0.0
1988-07-13,0.0
1988-07-14,0.0
1988-07-15,0.0
1988-07-16,0.0
1988-07-17,0.0
1988-07-18,0.0
1988-07-19,0.0
1988-07-20,0.0
1988-07-21,0.0
1988-07-22,0.0
1988-07-23,0.0
1988-07-24,0.0
1988-07-25,0.0
1988-07-26,0.0
1988-07-27,0.0
1988-07-28,0.0
1988-07-29,0.0
1988-07-30,0.0
1988-07-31,0.0
1988-08-01,0.0
1988-08-02,0.0
1988-08-03,0.0
1988-08-04,0.0
1988-08-05,0.0
1988-08-06,0.0
1988-08-07,0.0
1988-08-08,0.0
1988-08-09,0.0
1988-08-10,0.0
1988-08-11,0.0
1988-08-12,0.0
1988-08-13,0.0
1988-08-14,0.0
1988-08-15,0.0
1988-08-16,0.0
1988-08-17,0.0
1988-08-18,0.0
1988-08-19,0.0
1988-08-20,0.0
1988-08-21,0.0
1988-08-22,0.0
1988-08-23,0.0
1988-08-24,0.0
1988-08-25,0.0
1988-08-26,0.0
1988-08-27,0.0
1988-08-28,0.0
1988-08-29,0.0
1988-08-30,0.0
1988-08-31,0.0
1988-09-01,0.0
1988-09-02,0.0
1988-09-03,0.0
1988-09-04,0.0
1988-09-05,0.0
1988-09-06,0.0
1988-09-07,0.0
1988-09-08,0.0
1988-09-09,0.0
1988-09-10,0.0
1988-09-11,0.0
1988-09-12,0.0
1988-09-13,0.0
1988-09-14,0.0
1988-09-15,0.0
1988-09-16,0.0
1988-09-17,0.0
1988-09-18,0.0
1988-09-19,0.0
1988-09-20,0.0
1988-09-21,0.0
1988-09-22,0.0
1988-09-23,0.0
1988-09-24,0.0
1988-09-25,0.0
1988-09-26,0.0
1988-09-27,0.0
1988-09-28,0.0
1988-09-29,0.0
1988-09-30,0.0
1988-10-01,0.0
1988-10-02,0.0
1988-10-03,0.0
1988-10-04,0.0
1988-10-05,0.0
1988-10-06,0.0
1988-10-07,0.0
1988-10-08,0.0
1988-10-09,0.0
1988-10-10,0.0
1988-10-11,0.0
1988-10-12,0.0
1988-10-13,0.0
1988-10-14,0.0
1988-10-15,0.0
1988-10-16,0.0
1988-10-17,0.0
1988-10-18,0.0
1988-10-19,0.0
1988-10-20,0.0
1988-10-21,0.0
1988-10-22,0.0
1988-10-23,0.0
1988-10-24,0.0
1988-10-25,0.0
1988-10-26,0.0
1988-10-27,0.0
1988-10-28,0.0
1988-10-29,0.0
1988-10-30,0.0
1988-10-31,0.0
1988-11-01,0.0
1988-11-02,0.0
1988-11-03,0.0
1988-11-04,0.0
1988-11-05,0.0
1988-11-06,0.0
1988-11-07,0.0
1988-11-08,0.0
1988-11-09,7.619999999999999
1988-11-10,12.7
1988-11-11,12.7
1988-11-12,25.4
1988-11-13,25.4
1988-11-14,25.4
1988-11-15,43.18
1988-11-16,43.18
1988-11-17,45.72
1988-11-18,58.419999999999995
1988-11-19,55.88
1988-11-20,55.88
1988-11-21,55.88
1988-11-22,50.8
1988-11-23,48.26
1988-11-24,48.26
1988-11-25,53.339999999999996
1988-11-26,55.88
1988-11-27,58.419999999999995
1988-11-28,58.419999999999995
1988-11-29,60.959999999999994
1988-11-30,60.959999999999994
1988-12-01,60.959999999999994
1988-12-02,60.959999999999994
1988-12-03,60.959999999999994
1988-12-04,60.959999999999994
1988-12-05,60.959999999999994
1988-12-06,60.959999999999994
1988-12-07,60.959999999999994
1988-12-08,60.959999999999994
1988-12-09,60.959999999999994
1988-12-10,60.959999999999994
1988-12-11,60.959999999999994
1988-12-12,60.959999999999994
1988-12-13,60.959999999999994
1988-12-14,60.959999999999994
1988-12-15,66.03999999999999
1988-12-16,73.66
1988-12-17,73.66
1988-12-18,73.66
1988-12-19,73.66
1988-12-20,83.82
1988-12-21,86.36
1988-12-22,96.52
1988-12-23,104.13999999999999
1988-12-24,109.21999999999998
1988-12-25,121.91999999999999
1988-12-26,137.16
1988-12-27,139.7
1988-12-28,139.7
1988-12-29,139.7
1988-12-30,139.7
1988-12-31,142.23999999999998
1989-01-01,142.23999999999998
1989-01-02,142.23999999999998
1989-01-03,142.23999999999998
1989-01-04,142.23999999999998
1989-01-05,152.39999999999998
1989-01-06,154.93999999999997
1989-01-07,160.01999999999998
1989-01-08,162.56
1989-01-09,162.56
1989-01-10,167.64
1989-01-11,170.18
1989-01-12,170.18
1989-01-13,170.18
1989-01-14,172.72
1989-01-15,172.72
1989-01-16,172.72
1989-01-17,172.72
1989-01-18,172.72
1989-01-19,172.72
1989-01-20,172.72
1989-01-21,172.72
1989-01-22,172.72
1989-01-23,172.72
1989-01-24,172.72
1989-01-25,180.33999999999997
1989-01-26,182.88
1989-01-27,182.88
1989-01-28,182.88
1989-01-29,182.88
1989-01-30,182.88
1989-01-31,182.88
1989-02-01,182.88
1989-02-02,182.88
1989-02-03,182.88
1989-02-04,218.43999999999997
1989-02-05,238.76
1989-02-06,238.76
1989-02-07,241.29999999999998
1989-02-08,241.29999999999998
1989-02-09,243.83999999999997
1989-02-10,246.37999999999997
1989-02-11,254.0
1989-02-12,254.0
1989-02-13,261.62
1989-02-14,264.15999999999997
1989-02-15,264.15999999999997
1989-02-16,264.15999999999997
1989-02-17,264.15999999999997
1989-02-18,264.15999999999997
1989-02-19,269.23999999999995
1989-02-20,279.4
1989-02-21,281.94
1989-02-22,281.94
1989-02-23,281.94
1989-02-24,284.47999999999996
1989-02-25,284.47999999999996
1989-02-26,284.47999999999996
1989-02-27,289.56
1989-02-28,289.56
1989-03-01,289.56
1989-03-02,289.56
1989-03-03,314.96
1989-03-04,322.58
1989-03-05,322.58
1989-03-06,322.58
1989-03-07,322.58
1989-03-08,322.58
1989-03-09,322.58
1989-03-10,325.12
1989-03-11,325.12
1989-03-12,325.12
1989-03-13,325.12
1989-03-14,322.58
1989-03-15,322.58
1989-03-16,322.58
1989-03-17,322.58
1989-03-18,322.58
1989-03-19,322.58
1989-03-20,322.58
1989-03-21,337.82
1989-03-22,337.82
1989-03-23,337.82
1989-03-24,337.82
1989-03-25,337.82
1989-03-26,337.82
1989-03-27,335.28
1989-03-28,335.28
1989-03-29,335.28
1989-03-30,335.28
1989-03-31,335.28
1989-04-01,332.73999999999995
1989-04-02,340.36
1989-04-03,353.06
1989-04-04,373.37999999999994
1989-04-05,373.37999999999994
1989-04-06,370.84
1989-04-07,368.29999999999995
1989-04-08,363.21999999999997
1989-04-09,355.59999999999997
1989-04-10,350.52
1989-04-11,337.82
1989-04-12,330.2
1989-04-13,330.2
1989-04-14,325.12
1989-04-15,312.42
1989-04-16,299.72
1989-04-17,292.09999999999997
1989-04-18,281.94
1989-04-19,271.78
1989-04-20,259.08
1989-04-21,241.29999999999998
1989-04-22,226.06
1989-04-23,213.35999999999999
1989-04-24,193.04
1989-04-25,172.72
1989-04-26,157.48
1989-04-27,142.23999999999998
1989-04-28,142.23999999999998
1989-04-29,142.23999999999998
1989-04-30,139.7
1989-05-01,139.7
1989-05-02,139.7
1989-05-03,139.7
1989-05-04,149.86
1989-05-05,149.86
1989-05-06,129.54
1989-05-07,104.13999999999999
1989-05-08,86.36
1989-05-09,55.88
1989-05-10,25.4
1989-05-11,17.779999999999998
1989-05-12,5.08
1989-05-13,0.0
1989-05-14,0.0
1989-05-15,0.0
1989-05-16,0.0
1989-05-17,0.0
1989-05-18,0.0
1989-05-19,0.0
1989-05-20,0.0
1989-05-21,0.0
1989-05-22,0.0
1989-05-23,0.0
1989-05-24,0.0
1989-05-25,0.0
1989-05-26,0.0
1989-05-27,0.0
1989-05-28,0.0
1989-05-29,0.0
1989-05-30,0.0
1989-05-31,0.0
1989-06-01,0.0
1989-06-02,0.0
1989-06-03,0.0
1989-06-04,0.0
1989-06-05,0.0
1989-06-06,0.0
1989-06-07,0.0
1989-06-08,0.0
1989-06-09,0.0
1989-06-10,0.0
1989-06-11,0.0
1989-06-12,0.0
1989-06-13,0.0
1989-06-14,0.0
1989-06-15,0.0
1989-06-16,0.0
1989-06-17,0.0
1989-06-18,0.0
1989-06-19,0.0
1989-06-20,0.0
1989-06-21,0.0
1989-06-22,0.0
1989-06-23,0.0
1989-06-24,0.0
1989-06-25,0.0
1989-06-26,0.0
1989-06-27,0.0
1989-06-28,0.0
1989-06-29,0.0
1989-06-30,0.0
1989-07-01,0.0
1989-07-02,0.0
1989-07-03,0.0
1989-07-04,0.0
1989-07-05,0.0
1989-07-06,0.0
1989-07-07,0.0
1989-07-08,0.0
1989-07-09,0.0
1989-07-10,0.0
1989-07-11,0.0
1989-07-12,0.0
1989-07-13,0.0
1989-07-14,0.0
1989-07-15,0.0
1989-07-16,0.0
1989-07-17,0.0
1989-07-18,0.0
1989-07-19,0.0
1989-07-20,0.0
1989-07-21,0.0
1989-07-22,0.0
1989-07-23,0.0
1989-07-24,0.0
1989-07-25,0.0
1989-07-26,0.0
1989-07-27,0.0
1989-07-28,0.0
1989-07-29,0.0
1989-07-30,0.0
1989-07-31,0.0
1989-08-01,0.0
1989-08-02,0.0
1989-08-03,0.0
1989-08-04,0.0
1989-08-05,0.0
1989-08-06,0.0
1989-08-07,0.0
1989-08-08,0.0
1989-08-09,0.0
1989-08-10,0.0
1989-08-11,0.0
1989-08-12,0.0
1989-08-13,0.0
1989-08-14,0.0
1989-08-15,0.0
1989-08-16,0.0
1989-08-17,0.0
1989-08-18,0.0
1989-08-19,0.0
1989-08-20,0.0
1989-08-21,0.0
1989-08-22,0.0
1989-08-23,0.0
1989-08-24,0.0
1989-08-25,0.0
1989-08-26,0.0
1989-08-27,0.0
1989-08-28,0.0
1989-08-29,0.0
1989-08-30,0.0
1989-08-31,0.0
1989-09-01,0.0
1989-09-02,0.0
1989-09-03,0.0
1989-09-04,0.0
1989-09-05,0.0
1989-09-06,0.0
1989-09-07,0.0
1989-09-08,0.0
1989-09-09,0.0
1989-09-10,0.0
1989-09-11,0.0
1989-09-12,0.0
1989-09-13,0.0
1989-09-14,0.0
1989-09-15,0.0
1989-09-16,0.0
1989-09-17,0.0
1989-09-18,0.0
1989-09-19,0.0
1989-09-20,0.0
1989-09-21,0.0
1989-09-22,0.0
1989-09-23,0.0
1989-09-24,0.0
1989-09-25,0.0
1989-09-26,0.0
1989-09-27,0.0
1989-09-28,0.0
1989-09-29,0.0
1989-09-30,0.0
1989-10-01,0.0
1989-10-02,0.0
1989-10-03,0.0
1989-10-04,0.0
1989-10-05,0.0
1989-10-06,0.0
1989-10-07,0.0
1989-10-08,0.0
1989-10-09,0.0
1989-10-10,0.0
1989-10-11,0.0
1989-10-12,0.0
1989-10-13,0.0
1989-10-14,0.0
1989-10-15,0.0
1989-10-16,0.0
1989-10-17,0.0
1989-10-18,0.0
1989-10-19,0.0
1989-10-20,0.0
1989-10-21,0.0
1989-10-22,0.0
1989-10-23,0.0
1989-10-24,0.0
1989-10-25,0.0
1989-10-26,0.0
1989-10-27,0.0
1989-10-28,0.0
1989-10-29,0.0
1989-10-30,0.0
1989-10-31,0.0
1989-11-01,0.0
1989-11-02,0.0
1989-11-03,0.0
1989-11-04,0.0
1989-11-05,0.0
1989-11-06,0.0
1989-11-07,0.0
1989-11-08,0.0
1989-11-09,0.0
1989-11-10,0.0
1989-11-11,0.0
1989-11-12,0.0
1989-11-13,0.0
1989-11-14,0.0
1989-11-15,0.0
1989-11-16,0.0
1989-11-17,0.0
1989-11-18,0.0
1989-11-19,0.0
1989-11-20,0.0
1989-11-21,0.0
1989-11-22,0.0
1989-11-23,0.0
1989-11-24,0.0
1989-11-25,5.08
1989-11-26,7.619999999999999
1989-11-27,27.94
1989-11-28,27.94
1989-11-29,25.4
1989-11-30,30.479999999999997
1989-12-01,30.479999999999997
1989-12-02,30.479999999999997
1989-12-03,30.479999999999997
1989-12-04,30.479999999999997
1989-12-05,30.479999999999997
1989-12-06,30.479999999999997
1989-12-07,35.559999999999995
1989-12-08,35.559999999999995
1989-12-09,38.099999999999994
1989-12-10,38.099999999999994
1989-12-11,43.18
1989-12-12,43.18
1989-12-13,43.18
1989-12-14,45.72
1989-12-15,45.72
1989-12-16,45.72
1989-12-17,45.72
1989-12-18,53.339999999999996
1989-12-19,53.339999999999996
1989-12-20,53.339999999999996
1989-12-21,53.339999999999996
1989-12-22,55.88
1989-12-23,55.88
1989-12-24,55.88
1989-12-25,55.88
1989-12-26,55.88
1989-12-27,55.88
1989-12-28,55.88
1989-12-29,55.88
1989-12-30,55.88
1989-12-31,58.419999999999995
1990-01-01,58.419999999999995
1990-01-02,58.419999999999995
1990-01-03,58.419999999999995
1990-01-04,58.419999999999995
1990-01-05,60.959999999999994
1990-01-06,60.959999999999994
1990-01-07,60.959999999999994
1990-01-08,60.959999999999994
1990-01-09,63.5
1990-01-10,63.5
1990-01-11,63.5
1990-01-12,63.5
1990-01-13,63.5
1990-01-14,71.11999999999999
1990-01-15,71.11999999999999
1990-01-16,73.66
1990-01-17,73.66
1990-01-18,73.66
1990-01-19,73.66
1990-01-20,76.19999999999999
1990-01-21,76.19999999999999
1990-01-22,76.19999999999999
1990-01-23,76.19999999999999
1990-01-24,78.74
1990-01-25,78.74
1990-01-26,81.28
1990-01-27,81.28
1990-01-28,81.28
1990-01-29,81.28
1990-01-30,88.89999999999999
1990-01-31,88.89999999999999
1990-02-01,93.98
1990-02-02,96.52
1990-02-03,96.52
1990-02-04,96.52
1990-02-05,99.05999999999999
1990-02-06,99.05999999999999
1990-02-07,99.05999999999999
1990-02-08,99.05999999999999
1990-02-09,101.6
1990-02-10,104.13999999999999
1990-02-11,104.13999999999999
1990-02-12,104.13999999999999
1990-02-13,106.67999999999999
1990-02-14,106.67999999999999
1990-02-15,111.76
1990-02-16,114.3
1990-02-17,119.38
1990-02-18,137.16
1990-02-19,142.23999999999998
1990-02-20,144.78
1990-02-21,144.78
1990-02-22,144.78
1990-02-23,144.78
1990-02-24,144.78
1990-02-25,144.78
1990-02-26,144.78
1990-02-27,144.78
1990-02-28,144.78
1990-03-01,144.78
1990-03-02,144.78
1990-03-03,144.78
1990-03-04,152.39999999999998
1990-03-05,152.39999999999998
1990-03-06,154.93999999999997
1990-03-07,157.48
1990-03-08,160.01999999999998
1990-03-09,160.01999999999998
1990-03-10,160.01999999999998
1990-03-11,165.1
1990-03-12,167.64
1990-03-13,170.18
1990-03-14,170.18
1990-03-15,172.72
1990-03-16,172.72
1990-03-17,172.72
1990-03-18,175.26
1990-03-19,175.26
1990-03-20,172.72
1990-03-21,172.72
1990-03-22,172.72
1990-03-23,172.72
1990-03-24,175.26
1990-03-25,175.26
1990-03-26,175.26
1990-03-27,175.26
1990-03-28,175.26
1990-03-29,177.79999999999998
1990-03-30,180.33999999999997
1990-03-31,185.42
1990-04-01,185.42
1990-04-02,185.42
1990-04-03,185.42
1990-04-04,185.42
1990-04-05,185.42
1990-04-06,185.42
1990-04-07,185.42
1990-04-08,185.42
1990-04-09,185.42
1990-04-10,193.04
1990-04-11,193.04
1990-04-12,185.42
1990-04-13,182.88
1990-04-14,182.88
1990-04-15,175.26
1990-04-16,165.1
1990-04-17,154.93999999999997
1990-04-18,154.93999999999997
1990-04-19,160.01999999999998
1990-04-20,167.64
1990-04-21,165.1
1990-04-22,152.39999999999998
1990-04-23,147.32
1990-04-24,147.32
1990-04-25,154.93999999999997
1990-04-26,147.32
1990-04-27,152.39999999999998
1990-04-28,162.56
1990-04-29,167.64
1990-04-30,177.79999999999998
1990-05-01,190.5
1990-05-02,195.57999999999998
1990-05-03,193.04
1990-05-04,190.5
1990-05-05,185.42
1990-05-06,170.18
1990-05-07,144.78
1990-05-08,129.54
1990-05-09,129.54
1990-05-10,114.3
1990-05-11,93.98
1990-05-12,88.89999999999999
1990-05-13,91.44
1990-05-14,73.66
1990-05-15,58.419999999999995
1990-05-16,55.88
1990-05-17,45.72
1990-05-18,27.94
1990-05-19,17.779999999999998
1990-05-20,12.7
1990-05-21,5.08
1990-05-22,0.0
1990-05-23,0.0
1990-05-24,0.0
1990-05-25,0.0
1990-05-26,0.0
1990-05-27,0.0
1990-05-28,0.0
1990-05-29,0.0
1990-05-30,0.0
1990-05-31,0.0
1990-06-01,0.0
1990-06-02,0.0
1990-06-03,0.0
1990-06-04,0.0
1990-06-05,0.0
1990-06-06,0.0
1990-06-07,0.0
1990-06-08,0.0
1990-06-09,0.0
1990-06-10,0.0
1990-06-11,0.0
1990-06-12,0.0
1990-06-13,0.0
1990-06-14,0.0
1990-06-15,0.0
1990-06-16,0.0
1990-06-17,0.0
1990-06-18,0.0
1990-06-19,0.0
1990-06-20,0.0
1990-06-21,0.0
1990-06-22,0.0
1990-06-23,0.0
1990-06-24,0.0
1990-06-25,0.0
1990-06-26,0.0
1990-06-27,0.0
1990-06-28,0.0
1990-06-29,0.0
1990-06-30,0.0
1990-07-01,0.0
1990-07-02,0.0
1990-07-03,0.0
1990-07-04,0.0
1990-07-05,0.0
1990-07-06,0.0
1990-07-07,0.0
1990-07-08,0.0
1990-07-09,0.0
1990-07-10,0.0
1990-07-11,0.0
1990-07-12,0.0
1990-07-13,0.0
1990-07-14,0.0
1990-07-15,0.0
1990-07-16,0.0
1990-07-17,0.0
1990-07-18,0.0
1990-07-19,0.0
1990-07-20,0.0
1990-07-21,0.0
1990-07-22,0.0
1990-07-23,0.0
1990-07-24,0.0
1990-07-25,0.0
1990-07-26,0.0
1990-07-27,0.0
1990-07-28,0.0
1990-07-29,0.0
1990-07-30,0.0
1990-07-31,0.0
1990-08-01,0.0
1990-08-02,0.0
1990-08-03,0.0
1990-08-04,0.0
1990-08-05,0.0
1990-08-06,0.0
1990-08-07,0.0
1990-08-08,0.0
1990-08-09,0.0
1990-08-10,0.0
1990-08-11,0.0
1990-08-12,0.0
1990-08-13,0.0
1990-08-14,0.0
1990-08-15,0.0
1990-08-16,0.0
1990-08-17,0.0
1990-08-18,0.0
1990-08-19,0.0
1990-08-20,0.0
1990-08-21,0.0
1990-08-22,0.0
1990-08-23,0.0
1990-08-24,0.0
1990-08-25,0.0
1990-08-26,0.0
1990-08-27,0.0
1990-08-28,0.0
1990-08-29,0.0
1990-08-30,0.0
1990-08-31,0.0
1990-09-01,0.0
1990-09-02,0.0
1990-09-03,0.0
1990-09-04,0.0
1990-09-05,0.0
1990-09-06,0.0
1990-09-07,0.0
1990-09-08,0.0
1990-09-09,0.0
1990-09-10,0.0
1990-09-11,0.0
1990-09-12,0.0
1990-09-13,0.0
1990-09-14,0.0
1990-09-15,0.0
1990-09-16,0.0
1990-09-17,0.0
1990-09-18,0.0
1990-09-19,0.0
1990-09-20,0.0
1990-09-21,0.0
1990-09-22,0.0
1990-09-23,0.0
1990-09-24,0.0
1990-09-25,0.0
1990-09-26,0.0
1990-09-27,0.0
1990-09-28,0.0
1990-09-29,0.0
1990-09-30,0.0
1990-10-01,0.0
1990-10-02,0.0
1990-10-03,0.0
1990-10-04,0.0
1990-10-05,0.0
1990-10-06,0.0
1990-10-07,0.0
1990-10-08,5.08
1990-10-09,0.0
1990-10-10,0.0
1990-10-11,0.0
1990-10-12,0.0
1990-10-13,0.0
1990-10-14,0.0
1990-10-15,0.0
1990-10-16,0.0
1990-10-17,5.08
1990-10-18,5.08
1990-10-19,5.08
1990-10-20,7.619999999999999
1990-10-21,17.779999999999998
1990-10-22,17.779999999999998
1990-10-23,17.779999999999998
1990-10-24,15.239999999999998
1990-10-25,15.239999999999998
1990-10-26,15.239999999999998
1990-10-27,15.239999999999998
1990-10-28,12.7
1990-10-29,7.619999999999999
1990-10-30,5.08
1990-10-31,0.0
1990-11-01,0.0
1990-11-02,0.0
1990-11-03,17.779999999999998
1990-11-04,20.32
1990-11-05,22.86
1990-11-06,43.18
1990-11-07,48.26
1990-11-08,48.26
1990-11-09,48.26
1990-11-10,48.26
1990-11-11,48.26
1990-11-12,48.26
1990-11-13,48.26
1990-11-14,50.8
1990-11-15,50.8
1990-11-16,50.8
1990-11-17,50.8
1990-11-18,50.8
1990-11-19,50.8
1990-11-20,50.8
1990-11-21,55.88
1990-11-22,55.88
1990-11-23,55.88
1990-11-24,55.88
1990-11-25,55.88
1990-11-26,60.959999999999994
1990-11-27,68.58
1990-11-28,68.58
1990-11-29,63.5
1990-11-30,60.959999999999994
1990-12-01,58.419999999999995
1990-12-02,55.88
1990-12-03,53.339999999999996
1990-12-04,45.72
1990-12-05,45.72
1990-12-06,45.72
1990-12-07,40.64
1990-12-08,40.64
1990-12-09,40.64
1990-12-10,38.099999999999994
1990-12-11,40.64
1990-12-12,40.64
1990-12-13,50.8
1990-12-14,60.959999999999994
1990-12-15,60.959999999999994
1990-12-16,60.959999999999994
1990-12-17,66.03999999999999
1990-12-18,68.58
1990-12-19,73.66
1990-12-20,78.74
1990-12-21,83.82
1990-12-22,83.82
1990-12-23,83.82
1990-12-24,83.82
1990-12-25,83.82
1990-12-26,83.82
1990-12-27,83.82
1990-12-28,86.36
1990-12-29,86.36
1990-12-30,88.89999999999999
1990-12-31,88.89999999999999
1991-01-01,91.44
1991-01-02,91.44
1991-01-03,91.44
1991-01-04,91.44
1991-01-05,116.83999999999999
1991-01-06,119.38
1991-01-07,119.38
1991-01-08,119.38
1991-01-09,121.91999999999999
1991-01-10,121.91999999999999
1991-01-11,124.46000000000001
1991-01-12,124.46000000000001
1991-01-13,124.46000000000001
1991-01-14,127.0
1991-01-15,127.0
1991-01-16,129.54
1991-01-17,129.54
1991-01-18,129.54
1991-01-19,129.54
1991-01-20,132.07999999999998
1991-01-21,132.07999999999998
1991-01-22,132.07999999999998
1991-01-23,132.07999999999998
1991-01-24,132.07999999999998
1991-01-25,134.61999999999998
1991-01-26,134.61999999999998
1991-01-27,134.61999999999998
1991-01-28,134.61999999999998
1991-01-29,137.16
1991-01-30,137.16
1991-01-31,137.16
1991-02-01,137.16
1991-02-02,137.16
1991-02-03,137.16
1991-02-04,137.16
1991-02-05,137.16
1991-02-06,137.16
1991-02-07,137.16
1991-02-08,137.16
1991-02-09,137.16
1991-02-10,137.16
1991-02-11,137.16
1991-02-12,137.16
1991-02-13,139.7
1991-02-14,147.32
1991-02-15,147.32
1991-02-16,147.32
1991-02-17,160.01999999999998
1991-02-18,170.18
1991-02-19,170.18
1991-02-20,170.18
1991-02-21,170.18
1991-02-22,170.18
1991-02-23,170.18
1991-02-24,170.18
1991-02-25,170.18
1991-02-26,170.18
1991-02-27,170.18
1991-02-28,172.72
1991-03-01,175.26
1991-03-02,198.11999999999998
1991-03-03,208.27999999999997
1991-03-04,210.82
1991-03-05,223.52
1991-03-06,238.76
1991-03-07,241.29999999999998
1991-03-08,241.29999999999998
1991-03-09,241.29999999999998
1991-03-10,241.29999999999998
1991-03-11,259.08
1991-03-12,271.78
1991-03-13,271.78
1991-03-14,274.32
1991-03-15,274.32
1991-03-16,276.86
1991-03-17,276.86
1991-03-18,276.86
1991-03-19,279.4
1991-03-20,281.94
1991-03-21,284.47999999999996
1991-03-22,289.56
1991-03-23,294.64
1991-03-24,294.64
1991-03-25,294.64
1991-03-26,294.64
1991-03-27,304.79999999999995
1991-03-28,307.34
1991-03-29,307.34
1991-03-30,314.96
1991-03-31,314.96
1991-04-01,314.96
1991-04-02,322.58
1991-04-03,327.65999999999997
1991-04-04,327.65999999999997
1991-04-05,322.58
1991-04-06,309.87999999999994
1991-04-07,304.79999999999995
1991-04-08,307.34
1991-04-09,312.42
1991-04-10,312.42
1991-04-11,314.96
1991-04-12,317.5
1991-04-13,320.03999999999996
1991-04-14,322.58
1991-04-15,322.58
1991-04-16,320.03999999999996
1991-04-17,304.79999999999995
1991-04-18,289.56
1991-04-19,289.56
1991-04-20,287.02
1991-04-21,287.02
1991-04-22,287.02
1991-04-23,287.02
1991-04-24,287.02
1991-04-25,287.02
1991-04-26,284.47999999999996
1991-04-27,294.64
1991-04-28,297.17999999999995
1991-04-29,302.26
1991-04-30,312.42
1991-05-01,312.42
1991-05-02,297.17999999999995
1991-05-03,289.56
1991-05-04,271.78
1991-05-05,276.86
1991-05-06,264.15999999999997
1991-05-07,251.46
1991-05-08,236.22
1991-05-09,213.35999999999999
1991-05-10,198.11999999999998
1991-05-11,170.18
1991-05-12,144.78
1991-05-13,124.46000000000001
1991-05-14,96.52
1991-05-15,68.58
1991-05-16,76.19999999999999
1991-05-17,76.19999999999999
1991-05-18,55.88
1991-05-19,17.779999999999998
1991-05-20,2.54
1991-05-21,0.0
1991-05-22,0.0
1991-05-23,0.0
1991-05-24,0.0
1991-05-25,0.0
1991-05-26,0.0
1991-05-27,0.0
1991-05-28,0.0
1991-05-29,0.0
1991-05-30,0.0
1991-05-31,0.0
1991-06-01,0.0
1991-06-02,0.0
1991-06-03,0.0
1991-06-04,0.0
1991-06-05,0.0
1991-06-06,0.0
1991-06-07,0.0
1991-06-08,0.0
1991-06-09,0.0
1991-06-10,0.0
1991-06-11,0.0
1991-06-12,0.0
1991-06-13,0.0
1991-06-14,0.0
1991-06-15,0.0
1991-06-16,0.0
1991-06-17,0.0
1991-06-18,0.0
1991-06-19,0.0
1991-06-20,0.0
1991-06-21,0.0
1991-06-22,0.0
1991-06-23,0.0
1991-06-24,0.0
1991-06-25,0.0
1991-06-26,0.0
1991-06-27,0.0
1991-06-28,0.0
1991-06-29,0.0
1991-06-30,0.0
1991-07-01,0.0
1991-07-02,0.0
1991-07-03,0.0
1991-07-04,0.0
1991-07-05,0.0
1991-07-06,0.0
1991-07-07,0.0
1991-07-08,0.0
1991-07-09,0.0
1991-07-10,0.0
1991-07-11,0.0
1991-07-12,0.0
1991-07-13,0.0
1991-07-14,0.0
1991-07-15,0.0
1991-07-16,0.0
1991-07-17,0.0
1991-07-18,0.0
1991-07-19,0.0
1991-07-20,0.0
1991-07-21,0.0
1991-07-22,0.0
1991-07-23,0.0
1991-07-24,0.0
1991-07-25,0.0
1991-07-26,0.0
1991-07-27,0.0
1991-07-28,0.0
1991-07-29,0.0
1991-07-30,0.0
1991-07-31,0.0
1991-08-01,0.0
1991-08-02,0.0
1991-08-03,0.0
1991-08-04,0.0
1991-08-05,0.0
1991-08-06,0.0
1991-08-07,0.0
1991-08-08,0.0
1991-08-09,0.0
1991-08-10,0.0
1991-08-11,0.0
1991-08-12,0.0
1991-08-13,0.0
1991-08-14,0.0
1991-08-15,0.0
1991-08-16,0.0
1991-08-17,0.0
1991-08-18,0.0
1991-08-19,0.0
1991-08-20,0.0
1991-08-21,0.0
1991-08-22,0.0
1991-08-23,0.0
1991-08-24,0.0
1991-08-25,0.0
1991-08-26,0.0
1991-08-27,0.0
1991-08-28,0.0
1991-08-29,0.0
1991-08-30,0.0
1991-08-31,0.0
1991-09-01,0.0
1991-09-02,0.0
1991-09-03,0.0
1991-09-04,0.0
1991-09-05,0.0
1991-09-06,0.0
1991-09-07,0.0
1991-09-08,0.0
1991-09-09,0.0
1991-09-10,0.0
1991-09-11,0.0
1991-09-12,0.0
1991-09-13,0.0
1991-09-14,0.0
1991-09-15,0.0
1991-09-16,0.0
1991-09-17,0.0
1991-09-18,0.0
1991-09-19,0.0
1991-09-20,0.0
1991-09-21,0.0
1991-09-22,0.0
1991-09-23,0.0
1991-09-24,0.0
1991-09-25,0.0
1991-09-26,0.0
1991-09-27,0.0
1991-09-28,0.0
1991-09-29,0.0
1991-09-30,0.0
1991-10-01,0.0
1991-10-02,0.0
1991-10-03,0.0
1991-10-04,0.0
1991-10-05,0.0
1991-10-06,0.0
1991-10-07,0.0
1991-10-08,0.0
1991-10-09,0.0
1991-10-10,0.0
1991-10-11,0.0
1991-10-12,0.0
1991-10-13,0.0
1991-10-14,0.0
1991-10-15,0.0
1991-10-16,0.0
1991-10-17,0.0
1991-10-18,0.0
1991-10-19,0.0
1991-10-20,0.0
1991-10-21,0.0
1991-10-22,0.0
1991-10-23,0.0
1991-10-24,0.0
1991-10-25,15.239999999999998
1991-10-26,22.86
1991-10-27,20.32
1991-10-28,22.86
1991-10-29,22.86
1991-10-30,35.559999999999995
1991-10-31,38.099999999999994
1991-11-01,38.099999999999994
1991-11-02,55.88
1991-11-03,58.419999999999995
1991-11-04,58.419999999999995
1991-11-05,58.419999999999995
1991-11-06,60.959999999999994
1991-11-07,76.19999999999999
1991-11-08,76.19999999999999
1991-11-09,76.19999999999999
1991-11-10,76.19999999999999
1991-11-11,81.28
1991-11-12,81.28
1991-11-13,78.74
1991-11-14,78.74
1991-11-15,86.36
1991-11-16,101.6
1991-11-17,101.6
1991-11-18,114.3
1991-11-19,129.54
1991-11-20,129.54
1991-11-21,132.07999999999998
1991-11-22,137.16
1991-11-23,137.16
1991-11-24,137.16
1991-11-25,137.16
1991-11-26,137.16
1991-11-27,142.23999999999998
1991-11-28,142.23999999999998
1991-11-29,144.78
1991-11-30,152.39999999999998
1991-12-01,152.39999999999998
1991-12-02,152.39999999999998
1991-12-03,152.39999999999998
1991-12-04,149.86
1991-12-05,149.86
1991-12-06,147.32
1991-12-07,147.32
1991-12-08,144.78
1991-12-09,144.78
1991-12-10,144.78
1991-12-11,144.78
1991-12-12,147.32
1991-12-13,147.32
1991-12-14,152.39999999999998
1991-12-15,152.39999999999998
1991-12-16,152.39999999999998
1991-12-17,152.39999999999998
1991-12-18,152.39999999999998
1991-12-19,157.48
1991-12-20,160.01999999999998
1991-12-21,160.01999999999998
1991-12-22,160.01999999999998
1991-12-23,160.01999999999998
1991-12-24,160.01999999999998
1991-12-25,160.01999999999998
1991-12-26,160.01999999999998
1991-12-27,160.01999999999998
1991-12-28,160.01999999999998
1991-12-29,160.01999999999998
1991-12-30,160.01999999999998
1991-12-31,160.01999999999998
1992-01-01,160.01999999999998
1992-01-02,160.01999999999998
1992-01-03,160.01999999999998
1992-01-04,160.01999999999998
1992-01-05,162.56
1992-01-06,165.1
1992-01-07,172.72
1992-01-08,177.79999999999998
1992-01-09,177.79999999999998
1992-01-10,180.33999999999997
1992-01-11,180.33999999999997
1992-01-12,180.33999999999997
1992-01-13,180.33999999999997
1992-01-14,180.33999999999997
1992-01-15,180.33999999999997
1992-01-16,180.33999999999997
1992-01-17,180.33999999999997
1992-01-18,180.33999999999997
1992-01-19,180.33999999999997
1992-01-20,180.33999999999997
1992-01-21,180.33999999999997
1992-01-22,180.33999999999997
1992-01-23,180.33999999999997
1992-01-24,180.33999999999997
1992-01-25,180.33999999999997
1992-01-26,180.33999999999997
1992-01-27,180.33999999999997
1992-01-28,180.33999999999997
1992-01-29,180.33999999999997
1992-01-30,180.33999999999997
1992-01-31,180.33999999999997
1992-02-01,180.33999999999997
1992-02-02,180.33999999999997
1992-02-03,180.33999999999997
1992-02-04,180.33999999999997
1992-02-05,180.33999999999997
1992-02-06,180.33999999999997
1992-02-07,180.33999999999997
1992-02-08,180.33999999999997
1992-02-09,182.88
1992-02-10,182.88
1992-02-11,185.42
1992-02-12,190.5
1992-02-13,190.5
1992-02-14,200.66
1992-02-15,205.73999999999998
1992-02-16,205.73999999999998
1992-02-17,215.89999999999998
1992-02-18,218.43999999999997
1992-02-19,218.43999999999997
1992-02-20,218.43999999999997
1992-02-21,220.97999999999996
1992-02-22,220.97999999999996
1992-02-23,220.97999999999996
1992-02-24,220.97999999999996
1992-02-25,220.97999999999996
1992-02-26,220.97999999999996
1992-02-27,220.97999999999996
1992-02-28,220.97999999999996
1992-02-29,220.97999999999996
1992-03-01,220.97999999999996
1992-03-02,220.97999999999996
1992-03-03,220.97999999999996
1992-03-04,226.06
1992-03-05,231.14
1992-03-06,238.76
1992-03-07,238.76
1992-03-08,238.76
1992-03-09,243.83999999999997
1992-03-10,246.37999999999997
1992-03-11,246.37999999999997
1992-03-12,246.37999999999997
1992-03-13,246.37999999999997
1992-03-14,246.37999999999997
1992-03-15,246.37999999999997
1992-03-16,246.37999999999997
1992-03-17,246.37999999999997
1992-03-18,246.37999999999997
1992-03-19,248.92000000000002
1992-03-20,256.53999999999996
1992-03-21,256.53999999999996
1992-03-22,264.15999999999997
1992-03-23,264.15999999999997
1992-03-24,269.23999999999995
1992-03-25,271.78
1992-03-26,271.78
1992-03-27,271.78
1992-03-28,287.02
1992-03-29,292.09999999999997
1992-03-30,289.56
1992-03-31,292.09999999999997
1992-04-01,297.17999999999995
1992-04-02,297.17999999999995
1992-04-03,297.17999999999995
1992-04-04,292.09999999999997
1992-04-05,287.02
1992-04-06,281.94
1992-04-07,279.4
1992-04-08,279.4
1992-04-09,274.32
1992-04-10,264.15999999999997
1992-04-11,251.46
1992-04-12,243.83999999999997
1992-04-13,233.67999999999998
1992-04-14,223.52
1992-04-15,220.97999999999996
1992-04-16,220.97999999999996
1992-04-17,228.6
1992-04-18,228.6
1992-04-19,231.14
1992-04-20,233.67999999999998
1992-04-21,233.67999999999998
1992-04-22,226.06
1992-04-23,228.6
1992-04-24,226.06
1992-04-25,215.89999999999998
1992-04-26,203.2
1992-04-27,195.57999999999998
1992-04-28,177.79999999999998
1992-04-29,154.93999999999997
1992-04-30,132.07999999999998
1992-05-01,109.21999999999998
1992-05-02,83.82
1992-05-03,60.959999999999994
1992-05-04,33.019999999999996
1992-05-05,15.239999999999998
1992-05-06,10.16
1992-05-07,2.54
1992-05-08,5.08
1992-05-09,0.0
1992-05-10,0.0
1992-05-11,0.0
1992-05-12,0.0
1992-05-13,0.0
1992-05-14,0.0
1992-05-15,0.0
1992-05-16,0.0
1992-05-17,0.0
1992-05-18,0.0
1992-05-19,0.0
1992-05-20,0.0
1992-05-21,0.0
1992-05-22,0.0
1992-05-23,0.0
1992-05-24,0.0
1992-05-25,0.0
1992-05-26,0.0
1992-05-27,0.0
1992-05-28,0.0
1992-05-29,0.0
1992-05-30,0.0
1992-05-31,0.0
1992-06-01,0.0
1992-06-02,0.0
1992-06-03,0.0
1992-06-04,0.0
1992-06-05,0.0
1992-06-06,0.0
1992-06-07,0.0
1992-06-08,0.0
1992-06-09,0.0
1992-06-10,0.0
1992-06-11,0.0
1992-06-12,0.0
1992-06-13,0.0
1992-06-14,0.0
1992-06-15,0.0
1992-06-16,0.0
1992-06-17,0.0
1992-06-18,0.0
1992-06-19,0.0
1992-06-20,0.0
1992-06-21,0.0
1992-06-22,0.0
1992-06-23,0.0
1992-06-24,0.0
1992-06-25,0.0
1992-06-26,0.0
1992-06-27,0.0
1992-06-28,0.0
1992-06-29,0.0
1992-06-30,0.0
1992-07-01,0.0
1992-07-02,0.0
1992-07-03,0.0
1992-07-04,0.0
1992-07-05,0.0
1992-07-06,0.0
1992-07-07,0.0
1992-07-08,0.0
1992-07-09,0.0
1992-07-10,0.0
1992-07-11,0.0
1992-07-12,0.0
1992-07-13,0.0
1992-07-14,0.0
1992-07-15,0.0
1992-07-16,0.0
1992-07-17,0.0
1992-07-18,0.0
1992-07-19,0.0
1992-07-20,0.0
1992-07-21,0.0
1992-07-22,0.0
1992-07-23,0.0
1992-07-24,0.0
1992-07-25,0.0
1992-07-26,0.0
1992-07-27,0.0
1992-07-28,0.0
1992-07-29,0.0
1992-07-30,0.0
1992-07-31,0.0
1992-08-01,0.0
1992-08-02,0.0
1992-08-03,0.0
1992-08-04,0.0
1992-08-05,0.0
1992-08-06,0.0
1992-08-07,0.0
1992-08-08,0.0
1992-08-09,0.0
1992-08-10,0.0
1992-08-11,0.0
1992-08-12,0.0
1992-08-13,0.0
1992-08-14,0.0
1992-08-15,0.0
1992-08-16,0.0
1992-08-17,0.0
1992-08-18,0.0
1992-08-19,0.0
1992-08-20,0.0
1992-08-21,0.0
1992-08-22,0.0
1992-08-23,0.0
1992-08-24,0.0
1992-08-25,0.0
1992-08-26,0.0
1992-08-27,0.0
1992-08-28,0.0
1992-08-29,0.0
1992-08-30,0.0
1992-08-31,0.0
1992-09-01,0.0
1992-09-02,0.0
1992-09-03,0.0
1992-09-04,0.0
1992-09-05,0.0
1992-09-06,0.0
1992-09-07,0.0
1992-09-08,0.0
1992-09-09,0.0
1992-09-10,0.0
1992-09-11,0.0
1992-09-12,0.0
1992-09-13,0.0
1992-09-14,0.0
1992-09-15,0.0
1992-09-16,0.0
1992-09-17,0.0
1992-09-18,0.0
1992-09-19,0.0
1992-09-20,0.0
1992-09-21,0.0
1992-09-22,0.0
1992-09-23,0.0
1992-09-24,0.0
1992-09-25,0.0
1992-09-26,0.0
1992-09-27,0.0
1992-09-28,0.0
1992-09-29,0.0
1992-09-30,0.0
1992-10-01,0.0
1992-10-02,0.0
1992-10-03,0.0
1992-10-04,0.0
1992-10-05,0.0
1992-10-06,0.0
1992-10-07,0.0
1992-10-08,0.0
1992-10-09,0.0
1992-10-10,0.0
1992-10-11,0.0
1992-10-12,0.0
1992-10-13,0.0
1992-10-14,0.0
1992-10-15,0.0
1992-10-16,0.0
1992-10-17,0.0
1992-10-18,0.0
1992-10-19,0.0
1992-10-20,0.0
1992-10-21,0.0
1992-10-22,0.0
1992-10-23,0.0
1992-10-24,0.0
1992-10-25,0.0
1992-10-26,0.0
1992-10-27,0.0
1992-10-28,0.0
1992-10-29,5.08
1992-10-30,5.08
1992-10-31,22.86
1992-11-01,30.479999999999997
1992-11-02,35.559999999999995
1992-11-03,53.339999999999996
1992-11-04,53.339999999999996
1992-11-05,53.339999999999996
1992-11-06,53.339999999999996
1992-11-07,53.339999999999996
1992-11-08,53.339999999999996
1992-11-09,55.88
1992-11-10,63.5
1992-11-11,68.58
1992-11-12,68.58
1992-11-13,68.58
1992-11-14,68.58
1992-11-15,68.58
1992-11-16,68.58
1992-11-17,66.03999999999999
1992-11-18,66.03999999999999
1992-11-19,66.03999999999999
1992-11-20,71.11999999999999
1992-11-21,73.66
1992-11-22,73.66
1992-11-23,76.19999999999999
1992-11-24,76.19999999999999
1992-11-25,76.19999999999999
1992-11-26,76.19999999999999
1992-11-27,76.19999999999999
1992-11-28,78.74
1992-11-29,78.74
1992-11-30,78.74
1992-12-01,78.74
1992-12-02,78.74
1992-12-03,78.74
1992-12-04,78.74
1992-12-05,78.74
1992-12-06,86.36
1992-12-07,86.36
1992-12-08,86.36
1992-12-09,86.36
1992-12-10,96.52
1992-12-11,96.52
1992-12-12,96.52
1992-12-13,96.52
1992-12-14,96.52
1992-12-15,101.6
1992-12-16,101.6
1992-12-17,106.67999999999999
1992-12-18,116.83999999999999
1992-12-19,124.46000000000001
1992-12-20,127.0
1992-12-21,127.0
1992-12-22,127.0
1992-12-23,127.0
1992-12-24,127.0
1992-12-25,127.0
1992-12-26,127.0
1992-12-27,127.0
1992-12-28,129.54
1992-12-29,149.86
1992-12-30,152.39999999999998
1992-12-31,152.39999999999998
1993-01-01,162.56
1993-01-02,162.56
1993-01-03,165.1
1993-01-04,165.1
1993-01-05,167.64
1993-01-06,170.18
1993-01-07,185.42
1993-01-08,203.2
1993-01-09,220.97999999999996
1993-01-10,223.52
1993-01-11,228.6
1993-01-12,228.6
1993-01-13,228.6
1993-01-14,248.92000000000002
1993-01-15,256.53999999999996
1993-01-16,259.08
1993-01-17,271.78
1993-01-18,271.78
1993-01-19,281.94
1993-01-20,281.94
1993-01-21,292.09999999999997
1993-01-22,294.64
1993-01-23,294.64
1993-01-24,294.64
1993-01-25,294.64
1993-01-26,299.72
1993-01-27,299.72
1993-01-28,299.72
1993-01-29,299.72
1993-01-30,299.72
1993-01-31,299.72
1993-02-01,304.79999999999995
1993-02-02,304.79999999999995
1993-02-03,304.79999999999995
1993-02-04,304.79999999999995
1993-02-05,304.79999999999995
1993-02-06,304.79999999999995
1993-02-07,304.79999999999995
1993-02-08,312.42
1993-02-09,335.28
1993-02-10,342.9
1993-02-11,342.9
1993-02-12,345.44
1993-02-13,350.52
1993-02-14,350.52
1993-02-15,350.52
1993-02-16,358.14
1993-02-17,370.84
1993-02-18,383.53999999999996
1993-02-19,398.78
1993-02-20,429.25999999999993
1993-02-21,454.6599999999999
1993-02-22,459.74
1993-02-23,469.9
1993-02-24,477.52
1993-02-25,495.29999999999995
1993-02-26,502.92
1993-02-27,505.4599999999999
1993-02-28,505.4599999999999
1993-03-01,508.0
1993-03-02,508.0
1993-03-03,508.0
1993-03-04,508.0
1993-03-05,508.0
1993-03-06,508.0
1993-03-07,508.0
1993-03-08,508.0
1993-03-09,508.0
1993-03-10,508.0
1993-03-11,513.0799999999999
1993-03-12,515.62
1993-03-13,515.62
1993-03-14,515.62
1993-03-15,523.24
1993-03-16,535.94
1993-03-17,538.4799999999999
1993-03-18,543.56
1993-03-19,551.18
1993-03-20,551.18
1993-03-21,551.18
1993-03-22,551.18
1993-03-23,553.72
1993-03-24,553.72
1993-03-25,556.2599999999999
1993-03-26,561.34
1993-03-27,571.5
1993-03-28,596.9
1993-03-29,601.9799999999999
1993-03-30,607.06
1993-03-31,609.5999999999999
1993-04-01,609.5999999999999
1993-04-02,614.68
1993-04-03,624.84
1993-04-04,627.38
1993-04-05,632.4599999999999
1993-04-06,647.6999999999999
1993-04-07,650.24
1993-04-08,650.24
1993-04-09,650.24
1993-04-10,645.16
1993-04-11,645.16
1993-04-12,645.16
1993-04-13,652.78
1993-04-14,652.78
1993-04-15,652.78
1993-04-16,655.3199999999999
1993-04-17,662.94
1993-04-18,662.94
1993-04-19,670.56
1993-04-20,673.0999999999999
1993-04-21,670.56
1993-04-22,652.78
1993-04-23,642.62
1993-04-24,632.4599999999999
1993-04-25,642.62
1993-04-26,635.0
1993-04-27,629.92
1993-04-28,619.7599999999999
1993-04-29,609.5999999999999
1993-04-30,594.3599999999999
1993-05-01,591.8199999999999
1993-05-02,579.12
1993-05-03,571.5
1993-05-04,561.34
1993-05-05,551.18
1993-05-06,551.18
1993-05-07,553.72
1993-05-08,563.88
1993-05-09,563.88
1993-05-10,563.88
1993-05-11,528.3199999999999
1993-05-12,523.24
1993-05-13,497.84000000000003
1993-05-14,474.97999999999996
1993-05-15,452.12
1993-05-16,429.25999999999993
1993-05-17,414.02
1993-05-18,398.78
1993-05-19,378.46
1993-05-20,365.76
1993-05-21,337.82
1993-05-22,314.96
1993-05-23,309.87999999999994
1993-05-24,287.02
1993-05-25,274.32
1993-05-26,243.83999999999997
1993-05-27,228.6
1993-05-28,218.43999999999997
1993-05-29,205.73999999999998
1993-05-30,175.26
1993-05-31,139.7
1993-06-01,116.83999999999999
1993-06-02,91.44
1993-06-03,71.11999999999999
1993-06-04,48.26
1993-06-05,20.32
1993-06-06,0.0
1993-06-07,0.0
1993-06-08,0.0
1993-06-09,0.0
1993-06-10,0.0
1993-06-11,0.0
1993-06-12,0.0
1993-06-13,0.0
1993-06-14,0.0
1993-06-15,0.0
1993-06-16,0.0
1993-06-17,0.0
1993-06-18,0.0
1993-06-19,0.0
1993-06-20,0.0
1993-06-21,0.0
1993-06-22,0.0
1993-06-23,0.0
1993-06-24,0.0
1993-06-25,0.0
1993-06-26,0.0
1993-06-27,0.0
1993-06-28,0.0
1993-06-29,0.0
1993-06-30,0.0
1993-07-01,0.0
1993-07-02,0.0
1993-07-03,0.0
1993-07-04,0.0
1993-07-05,0.0
1993-07-06,0.0
1993-07-07,0.0
1993-07-08,0.0
1993-07-09,0.0
1993-07-10,0.0
1993-07-11,0.0
1993-07-12,0.0
1993-07-13,0.0
1993-07-14,0.0
1993-07-15,0.0
1993-07-16,0.0
1993-07-17,0.0
1993-07-18,0.0
1993-07-19,0.0
1993-07-20,0.0
1993-07-21,0.0
1993-07-22,0.0
1993-07-23,0.0
1993-07-24,0.0
1993-07-25,0.0
1993-07-26,0.0
1993-07-27,0.0
1993-07-28,0.0
1993-07-29,0.0
1993-07-30,0.0
1993-07-31,0.0
1993-08-01,0.0
1993-08-02,0.0
1993-08-03,0.0
1993-08-04,0.0
1993-08-05,0.0
1993-08-06,0.0
1993-08-07,0.0
1993-08-08,0.0
1993-08-09,0.0
1993-08-10,0.0
1993-08-11,0.0
1993-08-12,0.0
1993-08-13,0.0
1993-08-14,0.0
1993-08-15,0.0
1993-08-16,0.0
1993-08-17,0.0
1993-08-18,0.0
1993-08-19,0.0
1993-08-20,0.0
1993-08-21,0.0
1993-08-22,0.0
1993-08-23,0.0
1993-08-24,0.0
1993-08-25,0.0
1993-08-26,0.0
1993-08-27,0.0
1993-08-28,0.0
1993-08-29,0.0
1993-08-30,0.0
1993-08-31,0.0
1993-09-01,0.0
1993-09-02,0.0
1993-09-03,0.0
1993-09-04,0.0
1993-09-05,0.0
1993-09-06,0.0
1993-09-07,0.0
1993-09-08,0.0
1993-09-09,0.0
1993-09-10,0.0
1993-09-11,0.0
1993-09-12,0.0
1993-09-13,0.0
1993-09-14,0.0
1993-09-15,0.0
1993-09-16,0.0
1993-09-17,0.0
1993-09-18,0.0
1993-09-19,0.0
1993-09-20,0.0
1993-09-21,0.0
1993-09-22,0.0
1993-09-23,0.0
1993-09-24,0.0
1993-09-25,0.0
1993-09-26,0.0
1993-09-27,0.0
1993-09-28,0.0
1993-09-29,0.0
1993-09-30,0.0
1993-10-01,0.0
1993-10-02,0.0
1993-10-03,0.0
1993-10-04,0.0
1993-10-05,0.0
1993-10-06,0.0
1993-10-07,0.0
1993-10-08,0.0
1993-10-09,0.0
1993-10-10,0.0
1993-10-11,0.0
1993-10-12,0.0
1993-10-13,0.0
1993-10-14,0.0
1993-10-15,2.54
1993-10-16,2.54
1993-10-17,10.16
1993-10-18,15.239999999999998
1993-10-19,17.779999999999998
1993-10-20,20.32
1993-10-21,15.239999999999998
1993-10-22,15.239999999999998
1993-10-23,15.239999999999998
1993-10-24,12.7
1993-10-25,12.7
1993-10-26,12.7
1993-10-27,12.7
1993-10-28,10.16
1993-10-29,10.16
1993-10-30,10.16
1993-10-31,17.779999999999998
1993-11-01,12.7
1993-11-02,12.7
1993-11-03,10.16
1993-11-04,10.16
1993-11-05,12.7
1993-11-06,12.7
1993-11-07,10.16
1993-11-08,7.619999999999999
1993-11-09,5.08
1993-11-10,2.54
1993-11-11,2.54
1993-11-12,30.479999999999997
1993-11-13,45.72
1993-11-14,48.26
1993-11-15,53.339999999999996
1993-11-16,55.88
1993-11-17,55.88
1993-11-18,55.88
1993-11-19,58.419999999999995
1993-11-20,58.419999999999995
1993-11-21,58.419999999999995
1993-11-22,58.419999999999995
1993-11-23,81.28
1993-11-24,91.44
1993-11-25,93.98
1993-11-26,93.98
1993-11-27,93.98
1993-11-28,93.98
1993-11-29,93.98
1993-11-30,93.98
1993-12-01,93.98
1993-12-02,93.98
1993-12-03,93.98
1993-12-04,93.98
1993-12-05,96.52
1993-12-06,96.52
1993-12-07,96.52
1993-12-08,99.05999999999999
1993-12-09,99.05999999999999
1993-12-10,99.05999999999999
1993-12-11,99.05999999999999
1993-12-12,99.05999999999999
1993-12-13,106.67999999999999
1993-12-14,106.67999999999999
1993-12-15,106.67999999999999
1993-12-16,109.21999999999998
1993-12-17,111.76
1993-12-18,114.3
1993-12-19,114.3
1993-12-20,114.3
1993-12-21,114.3
1993-12-22,114.3
1993-12-23,114.3
1993-12-24,116.83999999999999
1993-12-25,119.38
1993-12-26,119.38
1993-12-27,119.38
1993-12-28,119.38
1993-12-29,121.91999999999999
1993-12-30,121.91999999999999
1993-12-31,121.91999999999999
1994-01-01,121.91999999999999
1994-01-02,121.91999999999999
1994-01-03,121.91999999999999
1994-01-04,121.91999999999999
1994-01-05,121.91999999999999
1994-01-06,129.54
1994-01-07,129.54
1994-01-08,132.07999999999998
1994-01-09,132.07999999999998
1994-01-10,132.07999999999998
1994-01-11,132.07999999999998
1994-01-12,132.07999999999998
1994-01-13,132.07999999999998
1994-01-14,132.07999999999998
1994-01-15,132.07999999999998
1994-01-16,132.07999999999998
1994-01-17,132.07999999999998
1994-01-18,132.07999999999998
1994-01-19,132.07999999999998
1994-01-20,132.07999999999998
1994-01-21,132.07999999999998
1994-01-22,132.07999999999998
1994-01-23,132.07999999999998
1994-01-24,132.07999999999998
1994-01-25,134.61999999999998
1994-01-26,139.7
1994-01-27,139.7
1994-01-28,139.7
1994-01-29,139.7
1994-01-30,139.7
1994-01-31,139.7
1994-02-01,139.7
1994-02-02,139.7
1994-02-03,139.7
1994-02-04,139.7
1994-02-05,149.86
1994-02-06,149.86
1994-02-07,149.86
1994-02-08,167.64
1994-02-09,203.2
1994-02-10,203.2
1994-02-11,205.73999999999998
1994-02-12,220.97999999999996
1994-02-13,220.97999999999996
1994-02-14,220.97999999999996
1994-02-15,220.97999999999996
1994-02-16,220.97999999999996
1994-02-17,220.97999999999996
1994-02-18,223.52
1994-02-19,226.06
1994-02-20,231.14
1994-02-21,238.76
1994-02-22,246.37999999999997
1994-02-23,246.37999999999997
1994-02-24,246.37999999999997
1994-02-25,246.37999999999997
1994-02-26,248.92000000000002
1994-02-27,248.92000000000002
1994-02-28,248.92000000000002
1994-03-01,251.46
1994-03-02,251.46
1994-03-03,251.46
1994-03-04,251.46
1994-03-05,251.46
1994-03-06,251.46
1994-03-07,251.46
1994-03-08,251.46
1994-03-09,251.46
1994-03-10,251.46
1994-03-11,251.46
1994-03-12,251.46
1994-03-13,251.46
1994-03-14,251.46
1994-03-15,251.46
1994-03-16,248.92000000000002
1994-03-17,248.92000000000002
1994-03-18,248.92000000000002
1994-03-19,248.92000000000002
1994-03-20,254.0
1994-03-21,264.15999999999997
1994-03-22,264.15999999999997
1994-03-23,264.15999999999997
1994-03-24,269.23999999999995
1994-03-25,276.86
1994-03-26,281.94
1994-03-27,281.94
1994-03-28,284.47999999999996
1994-03-29,284.47999999999996
1994-03-30,284.47999999999996
1994-03-31,289.56
1994-04-01,299.72
1994-04-02,302.26
1994-04-03,314.96
1994-04-04,314.96
1994-04-05,314.96
1994-04-06,320.03999999999996
1994-04-07,320.03999999999996
1994-04-08,322.58
1994-04-09,327.65999999999997
1994-04-10,342.9
1994-04-11,345.44
1994-04-12,345.44
1994-04-13,345.44
1994-04-14,345.44
1994-04-15,345.44
1994-04-16,345.44
1994-04-17,330.2
1994-04-18,317.5
1994-04-19,304.79999999999995
1994-04-20,294.64
1994-04-21,271.78
1994-04-22,254.0
1994-04-23,246.37999999999997
1994-04-24,238.76
1994-04-25,231.14
1994-04-26,238.76
1994-04-27,246.37999999999997
1994-04-28,254.0
1994-04-29,256.53999999999996
1994-04-30,269.23999999999995
1994-05-01,269.23999999999995
1994-05-02,269.23999999999995
1994-05-03,266.7
1994-05-04,266.7
1994-05-05,254.0
1994-05-06,238.76
1994-05-07,215.89999999999998
1994-05-08,198.11999999999998
1994-05-09,193.04
1994-05-10,182.88
1994-05-11,172.72
1994-05-12,144.78
1994-05-13,124.46000000000001
1994-05-14,111.76
1994-05-15,86.36
1994-05-16,73.66
1994-05-17,48.26
1994-05-18,17.779999999999998
1994-05-19,15.239999999999998
1994-05-20,7.619999999999999
1994-05-21,0.0
1994-05-22,0.0
1994-05-23,0.0
1994-05-24,0.0
1994-05-25,0.0
1994-05-26,0.0
1994-05-27,0.0
1994-05-28,0.0
1994-05-29,0.0
1994-05-30,0.0
1994-05-31,0.0
1994-06-01,0.0
1994-06-02,0.0
1994-06-03,0.0
1994-06-04,0.0
1994-06-05,0.0
1994-06-06,0.0
1994-06-07,0.0
1994-06-08,0.0
1994-06-09,0.0
1994-06-10,0.0
1994-06-11,0.0
1994-06-12,0.0
1994-06-13,0.0
1994-06-14,0.0
1994-06-15,0.0
1994-06-16,0.0
1994-06-17,0.0
1994-06-18,0.0
1994-06-19,0.0
1994-06-20,0.0
1994-06-21,0.0
1994-06-22,0.0
1994-06-23,0.0
1994-06-24,0.0
1994-06-25,0.0
1994-06-26,0.0
1994-06-27,0.0
1994-06-28,0.0
1994-06-29,0.0
1994-06-30,0.0
1994-07-01,0.0
1994-07-02,0.0
1994-07-03,0.0
1994-07-04,0.0
1994-07-05,0.0
1994-07-06,0.0
1994-07-07,0.0
1994-07-08,0.0
1994-07-09,0.0
1994-07-10,0.0
1994-07-11,0.0
1994-07-12,0.0
1994-07-13,0.0
1994-07-14,0.0
1994-07-15,0.0
1994-07-16,0.0
1994-07-17,0.0
1994-07-18,0.0
1994-07-19,0.0
1994-07-20,0.0
1994-07-21,0.0
1994-07-22,0.0
1994-07-23,0.0
1994-07-24,0.0
1994-07-25,0.0
1994-07-26,0.0
1994-07-27,0.0
1994-07-28,0.0
1994-07-29,0.0
1994-07-30,0.0
1994-07-31,0.0
1994-08-01,0.0
1994-08-02,0.0
1994-08-03,0.0
1994-08-04,0.0
1994-08-05,0.0
1994-08-06,0.0
1994-08-07,0.0
1994-08-08,0.0
1994-08-09,0.0
1994-08-10,0.0
1994-08-11,0.0
1994-08-12,0.0
1994-08-13,0.0
1994-08-14,0.0
1994-08-15,0.0
1994-08-16,0.0
1994-08-17,0.0
1994-08-18,0.0
1994-08-19,0.0
1994-08-20,0.0
1994-08-21,0.0
1994-08-22,0.0
1994-08-23,0.0
1994-08-24,0.0
1994-08-25,0.0
1994-08-26,0.0
1994-08-27,0.0
1994-08-28,0.0
1994-08-29,0.0
1994-08-30,0.0
1994-08-31,0.0
1994-09-01,0.0
1994-09-02,0.0
1994-09-03,0.0
1994-09-04,0.0
1994-09-05,0.0
1994-09-06,0.0
1994-09-07,0.0
1994-09-08,0.0
1994-09-09,0.0
1994-09-10,0.0
1994-09-11,0.0
1994-09-12,0.0
1994-09-13,0.0
1994-09-14,0.0
1994-09-15,0.0
1994-09-16,0.0
1994-09-17,0.0
1994-09-18,0.0
1994-09-19,0.0
1994-09-20,0.0
1994-09-21,0.0
1994-09-22,0.0
1994-09-23,0.0
1994-09-24,0.0
1994-09-25,0.0
1994-09-26,0.0
1994-09-27,0.0
1994-09-28,0.0
1994-09-29,0.0
1994-09-30,0.0
1994-10-01,0.0
1994-10-02,0.0
1994-10-03,0.0
1994-10-04,0.0
1994-10-05,0.0
1994-10-06,0.0
1994-10-07,0.0
1994-10-08,0.0
1994-10-09,0.0
1994-10-10,0.0
1994-10-11,0.0
1994-10-12,0.0
1994-10-13,0.0
1994-10-14,0.0
1994-10-15,2.54
1994-10-16,2.54
1994-10-17,5.08
1994-10-18,12.7
1994-10-19,17.779999999999998
1994-10-20,17.779999999999998
1994-10-21,15.239999999999998
1994-10-22,12.7
1994-10-23,12.7
1994-10-24,5.08
1994-10-25,7.619999999999999
1994-10-26,10.16
1994-10-27,10.16
1994-10-28,10.16
1994-10-29,10.16
1994-10-30,10.16
1994-10-31,10.16
1994-11-01,7.619999999999999
1994-11-02,7.619999999999999
1994-11-03,7.619999999999999
1994-11-04,15.239999999999998
1994-11-05,15.239999999999998
1994-11-06,15.239999999999998
1994-11-07,17.779999999999998
1994-11-08,17.779999999999998
1994-11-09,25.4
1994-11-10,27.94
1994-11-11,27.94
1994-11-12,33.019999999999996
1994-11-13,50.8
1994-11-14,60.959999999999994
1994-11-15,60.959999999999994
1994-11-16,60.959999999999994
1994-11-17,68.58
1994-11-18,73.66
1994-11-19,76.19999999999999
1994-11-20,78.74
1994-11-21,78.74
1994-11-22,86.36
1994-11-23,88.89999999999999
1994-11-24,88.89999999999999
1994-11-25,88.89999999999999
1994-11-26,88.89999999999999
1994-11-27,93.98
1994-11-28,93.98
1994-11-29,96.52
1994-11-30,96.52
1994-12-01,96.52
1994-12-02,96.52
1994-12-03,96.52
1994-12-04,96.52
1994-12-05,96.52
1994-12-06,104.13999999999999
1994-12-07,116.83999999999999
1994-12-08,124.46000000000001
1994-12-09,124.46000000000001
1994-12-10,124.46000000000001
1994-12-11,124.46000000000001
1994-12-12,124.46000000000001
1994-12-13,127.0
1994-12-14,129.54
1994-12-15,134.61999999999998
1994-12-16,134.61999999999998
1994-12-17,134.61999999999998
1994-12-18,134.61999999999998
1994-12-19,134.61999999999998
1994-12-20,134.61999999999998
1994-12-21,134.61999999999998
1994-12-22,134.61999999999998
1994-12-23,137.16
1994-12-24,137.16
1994-12-25,137.16
1994-12-26,137.16
1994-12-27,137.16
1994-12-28,137.16
1994-12-29,137.16
1994-12-30,137.16
1994-12-31,139.7
1995-01-01,142.23999999999998
1995-01-02,142.23999999999998
1995-01-03,144.78
1995-01-04,144.78
1995-01-05,147.32
1995-01-06,154.93999999999997
1995-01-07,165.1
1995-01-08,177.79999999999998
1995-01-09,182.88
1995-01-10,182.88
1995-01-11,182.88
1995-01-12,198.11999999999998
1995-01-13,200.66
1995-01-14,203.2
1995-01-15,203.2
1995-01-16,203.2
1995-01-17,205.73999999999998
1995-01-18,205.73999999999998
1995-01-19,208.27999999999997
1995-01-20,208.27999999999997
1995-01-21,208.27999999999997
1995-01-22,208.27999999999997
1995-01-23,208.27999999999997
1995-01-24,208.27999999999997
1995-01-25,210.82
1995-01-26,213.35999999999999
1995-01-27,218.43999999999997
1995-01-28,218.43999999999997
1995-01-29,218.43999999999997
1995-01-30,218.43999999999997
1995-01-31,218.43999999999997
1995-02-01,218.43999999999997
1995-02-02,218.43999999999997
1995-02-03,218.43999999999997
1995-02-04,218.43999999999997
1995-02-05,218.43999999999997
1995-02-06,218.43999999999997
1995-02-07,218.43999999999997
1995-02-08,218.43999999999997
1995-02-09,231.14
1995-02-10,236.22
1995-02-11,251.46
1995-02-12,279.4
1995-02-13,302.26
1995-02-14,320.03999999999996
1995-02-15,363.21999999999997
1995-02-16,363.21999999999997
1995-02-17,363.21999999999997
1995-02-18,363.21999999999997
1995-02-19,363.21999999999997
1995-02-20,363.21999999999997
1995-02-21,363.21999999999997
1995-02-22,363.21999999999997
1995-02-23,363.21999999999997
1995-02-24,363.21999999999997
1995-02-25,363.21999999999997
1995-02-26,363.21999999999997
1995-02-27,363.21999999999997
1995-02-28,365.76
1995-03-01,370.84
1995-03-02,386.08
1995-03-03,406.4
1995-03-04,416.55999999999995
1995-03-05,429.25999999999993
1995-03-06,457.2
1995-03-07,464.82
1995-03-08,464.82
1995-03-09,464.82
1995-03-10,467.35999999999996
1995-03-11,467.35999999999996
1995-03-12,469.9
1995-03-13,477.52
1995-03-14,477.52
1995-03-15,477.52
1995-03-16,480.05999999999995
1995-03-17,480.05999999999995
1995-03-18,482.59999999999997
1995-03-19,482.59999999999997
1995-03-20,492.75999999999993
1995-03-21,492.75999999999993
1995-03-22,492.75999999999993
1995-03-23,497.84000000000003
1995-03-24,497.84000000000003
1995-03-25,500.37999999999994
1995-03-26,502.92
1995-03-27,505.4599999999999
1995-03-28,505.4599999999999
1995-03-29,515.62
1995-03-30,523.24
1995-03-31,523.24
1995-04-01,523.24
1995-04-02,523.24
1995-04-03,525.78
1995-04-04,528.3199999999999
1995-04-05,541.02
1995-04-06,541.02
1995-04-07,541.02
1995-04-08,541.02
1995-04-09,528.3199999999999
1995-04-10,528.3199999999999
1995-04-11,525.78
1995-04-12,525.78
1995-04-13,525.78
1995-04-14,525.78
1995-04-15,520.6999999999999
1995-04-16,525.78
1995-04-17,528.3199999999999
1995-04-18,530.8599999999999
1995-04-19,533.4
1995-04-20,548.64
1995-04-21,553.72
1995-04-22,553.72
1995-04-23,553.72
1995-04-24,556.2599999999999
1995-04-25,558.8
1995-04-26,563.88
1995-04-27,566.42
1995-04-28,561.34
1995-04-29,548.64
1995-04-30,553.72
1995-05-01,566.42
1995-05-02,563.88
1995-05-03,579.12
1995-05-04,579.12
1995-05-05,576.5799999999999
1995-05-06,574.04
1995-05-07,571.5
1995-05-08,568.9599999999999
1995-05-09,591.8199999999999
1995-05-10,589.28
1995-05-11,591.8199999999999
1995-05-12,589.28
1995-05-13,609.5999999999999
1995-05-14,612.14
1995-05-15,601.9799999999999
1995-05-16,579.12
1995-05-17,558.8
1995-05-18,558.8
1995-05-19,548.64
1995-05-20,525.78
1995-05-21,508.0
1995-05-22,485.14
1995-05-23,464.82
1995-05-24,454.6599999999999
1995-05-25,444.5
1995-05-26,444.5
1995-05-27,441.9599999999999
1995-05-28,452.12
1995-05-29,449.58
1995-05-30,480.05999999999995
1995-05-31,492.75999999999993
1995-06-01,485.14
1995-06-02,464.82
1995-06-03,454.6599999999999
1995-06-04,439.42
1995-06-05,424.17999999999995
1995-06-06,388.62
1995-06-07,365.76
1995-06-08,335.28
1995-06-09,314.96
1995-06-10,302.26
1995-06-11,279.4
1995-06-12,246.37999999999997
1995-06-13,213.35999999999999
1995-06-14,177.79999999999998
1995-06-15,137.16
1995-06-16,99.05999999999999
1995-06-17,66.03999999999999
1995-06-18,30.479999999999997
1995-06-19,5.08
1995-06-20,0.0
1995-06-21,0.0
1995-06-22,0.0
1995-06-23,0.0
1995-06-24,0.0
1995-06-25,0.0
1995-06-26,0.0
1995-06-27,0.0
1995-06-28,0.0
1995-06-29,0.0
1995-06-30,0.0
1995-07-01,0.0
1995-07-02,0.0
1995-07-03,0.0
1995-07-04,0.0
1995-07-05,0.0
1995-07-06,0.0
1995-07-07,0.0
1995-07-08,0.0
1995-07-09,0.0
1995-07-10,0.0
1995-07-11,0.0
1995-07-12,0.0
1995-07-13,0.0
1995-07-14,0.0
1995-07-15,0.0
1995-07-16,0.0
1995-07-17,0.0
1995-07-18,0.0
1995-07-19,0.0
1995-07-20,0.0
1995-07-21,0.0
1995-07-22,0.0
1995-07-23,0.0
1995-07-24,0.0
1995-07-25,0.0
1995-07-26,0.0
1995-07-27,0.0
1995-07-28,0.0
1995-07-29,0.0
1995-07-30,0.0
1995-07-31,0.0
1995-08-01,0.0
1995-08-02,0.0
1995-08-03,0.0
1995-08-04,0.0
1995-08-05,0.0
1995-08-06,0.0
1995-08-07,0.0
1995-08-08,0.0
1995-08-09,0.0
1995-08-10,0.0
1995-08-11,0.0
1995-08-12,0.0
1995-08-13,0.0
1995-08-14,0.0
1995-08-15,0.0
1995-08-16,0.0
1995-08-17,0.0
1995-08-18,0.0
1995-08-19,0.0
1995-08-20,0.0
1995-08-21,0.0
1995-08-22,0.0
1995-08-23,0.0
1995-08-24,0.0
1995-08-25,0.0
1995-08-26,0.0
1995-08-27,0.0
1995-08-28,0.0
1995-08-29,0.0
1995-08-30,0.0
1995-08-31,0.0
1995-09-01,0.0
1995-09-02,0.0
1995-09-03,0.0
1995-09-04,0.0
1995-09-05,0.0
1995-09-06,0.0
1995-09-07,0.0
1995-09-08,0.0
1995-09-09,0.0
1995-09-10,0.0
1995-09-11,0.0
1995-09-12,0.0
1995-09-13,0.0
1995-09-14,0.0
1995-09-15,0.0
1995-09-16,0.0
1995-09-17,0.0
1995-09-18,0.0
1995-09-19,0.0
1995-09-20,0.0
1995-09-21,0.0
1995-09-22,0.0
1995-09-23,0.0
1995-09-24,0.0
1995-09-25,0.0
1995-09-26,0.0
1995-09-27,0.0
1995-09-28,0.0
1995-09-29,0.0
1995-09-30,7.619999999999999
1995-10-01,7.619999999999999
1995-10-02,0.0
1995-10-03,0.0
1995-10-04,0.0
1995-10-05,5.08
1995-10-06,2.54
1995-10-07,2.54
1995-10-08,0.0
1995-10-09,0.0
1995-10-10,0.0
1995-10-11,0.0
1995-10-12,0.0
1995-10-13,0.0
1995-10-14,0.0
1995-10-15,0.0
1995-10-16,0.0
1995-10-17,0.0
1995-10-18,0.0
1995-10-19,0.0
1995-10-20,0.0
1995-10-21,0.0
1995-10-22,2.54
1995-10-23,2.54
1995-10-24,0.0
1995-10-25,0.0
1995-10-26,0.0
1995-10-27,0.0
1995-10-28,0.0
1995-10-29,0.0
1995-10-30,0.0
1995-10-31,0.0
1995-11-01,2.54
1995-11-02,20.32
1995-11-03,17.779999999999998
1995-11-04,17.779999999999998
1995-11-05,12.7
1995-11-06,10.16
1995-11-07,7.619999999999999
1995-11-08,7.619999999999999
1995-11-09,7.619999999999999
1995-11-10,22.86
1995-11-11,27.94
1995-11-12,30.479999999999997
1995-11-13,30.479999999999997
1995-11-14,30.479999999999997
1995-11-15,30.479999999999997
1995-11-16,30.479999999999997
1995-11-17,30.479999999999997
1995-11-18,30.479999999999997
1995-11-19,30.479999999999997
1995-11-20,30.479999999999997
1995-11-21,30.479999999999997
1995-11-22,30.479999999999997
1995-11-23,30.479999999999997
1995-11-24,30.479999999999997
1995-11-25,30.479999999999997
1995-11-26,30.479999999999997
1995-11-27,43.18
1995-11-28,43.18
1995-11-29,48.26
1995-11-30,48.26
1995-12-01,48.26
1995-12-02,48.26
1995-12-03,48.26
1995-12-04,48.26
1995-12-05,53.339999999999996
1995-12-06,55.88
1995-12-07,58.419999999999995
1995-12-08,71.11999999999999
1995-12-09,71.11999999999999
1995-12-10,71.11999999999999
1995-12-11,71.11999999999999
1995-12-12,73.66
1995-12-13,73.66
1995-12-14,88.89999999999999
1995-12-15,91.44
1995-12-16,91.44
1995-12-17,91.44
1995-12-18,91.44
1995-12-19,91.44
1995-12-20,91.44
1995-12-21,91.44
1995-12-22,91.44
1995-12-23,91.44
1995-12-24,91.44
1995-12-25,91.44
1995-12-26,91.44
1995-12-27,91.44
1995-12-28,88.89999999999999
1995-12-29,86.36
1995-12-30,86.36
1995-12-31,93.98
1996-01-01,106.67999999999999
1996-01-02,111.76
1996-01-03,116.83999999999999
1996-01-04,129.54
1996-01-05,137.16
1996-01-06,137.16
1996-01-07,139.7
1996-01-08,139.7
1996-01-09,139.7
1996-01-10,139.7
1996-01-11,144.78
1996-01-12,144.78
1996-01-13,144.78
1996-01-14,144.78
1996-01-15,144.78
1996-01-16,147.32
1996-01-17,154.93999999999997
1996-01-18,167.64
1996-01-19,172.72
1996-01-20,187.96
1996-01-21,190.5
1996-01-22,193.04
1996-01-23,200.66
1996-01-24,205.73999999999998
1996-01-25,215.89999999999998
1996-01-26,233.67999999999998
1996-01-27,233.67999999999998
1996-01-28,238.76
1996-01-29,254.0
1996-01-30,254.0
1996-01-31,284.47999999999996
1996-02-01,322.58
1996-02-02,332.73999999999995
1996-02-03,332.73999999999995
1996-02-04,335.28
1996-02-05,340.36
1996-02-06,342.9
1996-02-07,342.9
1996-02-08,342.9
1996-02-09,342.9
1996-02-10,342.9
1996-02-11,342.9
1996-02-12,342.9
1996-02-13,342.9
1996-02-14,342.9
1996-02-15,342.9
1996-02-16,342.9
1996-02-17,342.9
1996-02-18,342.9
1996-02-19,347.97999999999996
1996-02-20,350.52
1996-02-21,391.15999999999997
1996-02-22,424.17999999999995
1996-02-23,439.42
1996-02-24,439.42
1996-02-25,439.42
1996-02-26,439.42
1996-02-27,441.9599999999999
1996-02-28,441.9599999999999
1996-02-29,441.9599999999999
1996-03-01,444.5
1996-03-02,444.5
1996-03-03,444.5
1996-03-04,444.5
1996-03-05,444.5
1996-03-06,469.9
1996-03-07,474.97999999999996
1996-03-08,474.97999999999996
1996-03-09,474.97999999999996
1996-03-10,477.52
1996-03-11,477.52
1996-03-12,474.97999999999996
1996-03-13,482.59999999999997
1996-03-14,485.14
1996-03-15,485.14
1996-03-16,487.67999999999995
1996-03-17,487.67999999999995
1996-03-18,497.84000000000003
1996-03-19,497.84000000000003
1996-03-20,497.84000000000003
1996-03-21,497.84000000000003
1996-03-22,497.84000000000003
1996-03-23,500.37999999999994
1996-03-24,502.92
1996-03-25,505.4599999999999
1996-03-26,510.54
1996-03-27,513.0799999999999
1996-03-28,513.0799999999999
1996-03-29,515.62
1996-03-30,518.16
1996-03-31,525.78
1996-04-01,533.4
1996-04-02,523.24
1996-04-03,505.4599999999999
1996-04-04,505.4599999999999
1996-04-05,505.4599999999999
1996-04-06,505.4599999999999
1996-04-07,495.29999999999995
1996-04-08,477.52
1996-04-09,467.35999999999996
1996-04-10,464.82
1996-04-11,467.35999999999996
1996-04-12,477.52
1996-04-13,482.59999999999997
1996-04-14,487.67999999999995
1996-04-15,492.75999999999993
1996-04-16,490.21999999999997
1996-04-17,485.14
1996-04-18,485.14
1996-04-19,502.92
1996-04-20,505.4599999999999
1996-04-21,510.54
1996-04-22,510.54
1996-04-23,513.0799999999999
1996-04-24,510.54
1996-04-25,497.84000000000003
1996-04-26,480.05999999999995
1996-04-27,467.35999999999996
1996-04-28,459.74
1996-04-29,452.12
1996-04-30,441.9599999999999
1996-05-01,429.25999999999993
1996-05-02,419.09999999999997
1996-05-03,408.94
1996-05-04,401.32
1996-05-05,383.53999999999996
1996-05-06,360.67999999999995
1996-05-07,340.36
1996-05-08,317.5
1996-05-09,294.64
1996-05-10,271.78
1996-05-11,251.46
1996-05-12,223.52
1996-05-13,195.57999999999998
1996-05-14,165.1
1996-05-15,142.23999999999998
1996-05-16,109.21999999999998
1996-05-17,68.58
1996-05-18,53.339999999999996
1996-05-19,20.32
1996-05-20,2.54
1996-05-21,0.0
1996-05-22,0.0
1996-05-23,0.0
1996-05-24,0.0
1996-05-25,0.0
1996-05-26,0.0
1996-05-27,0.0
1996-05-28,0.0
1996-05-29,0.0
1996-05-30,0.0
1996-05-31,0.0
1996-06-01,0.0
1996-06-02,0.0
1996-06-03,0.0
1996-06-04,0.0
1996-06-05,0.0
1996-06-06,0.0
1996-06-07,0.0
1996-06-08,0.0
1996-06-09,0.0
1996-06-10,0.0
1996-06-11,0.0
1996-06-12,0.0
1996-06-13,0.0
1996-06-14,0.0
1996-06-15,0.0
1996-06-16,0.0
1996-06-17,0.0
1996-06-18,0.0
1996-06-19,0.0
1996-06-20,0.0
1996-06-21,0.0
1996-06-22,0.0
1996-06-23,0.0
1996-06-24,0.0
1996-06-25,0.0
1996-06-26,0.0
1996-06-27,0.0
1996-06-28,0.0
1996-06-29,0.0
1996-06-30,0.0
1996-07-01,0.0
1996-07-02,0.0
1996-07-03,0.0
1996-07-04,0.0
1996-07-05,0.0
1996-07-06,0.0
1996-07-07,0.0
1996-07-08,0.0
1996-07-09,0.0
1996-07-10,0.0
1996-07-11,0.0
1996-07-12,0.0
1996-07-13,0.0
1996-07-14,0.0
1996-07-15,0.0
1996-07-16,0.0
1996-07-17,0.0
1996-07-18,0.0
1996-07-19,0.0
1996-07-20,0.0
1996-07-21,0.0
1996-07-22,0.0
1996-07-23,0.0
1996-07-24,0.0
1996-07-25,0.0
1996-07-26,0.0
1996-07-27,0.0
1996-07-28,0.0
1996-07-29,0.0
1996-07-30,0.0
1996-07-31,0.0
1996-08-01,0.0
1996-08-02,0.0
1996-08-03,0.0
1996-08-04,0.0
1996-08-05,0.0
1996-08-06,0.0
1996-08-07,0.0
1996-08-08,0.0
1996-08-09,0.0
1996-08-10,0.0
1996-08-11,0.0
1996-08-12,0.0
1996-08-13,0.0
1996-08-14,0.0
1996-08-15,0.0
1996-08-16,0.0
1996-08-17,0.0
1996-08-18,0.0
1996-08-19,0.0
1996-08-20,0.0
1996-08-21,0.0
1996-08-22,0.0
1996-08-23,0.0
1996-08-24,0.0
1996-08-25,0.0
1996-08-26,0.0
1996-08-27,0.0
1996-08-28,0.0
1996-08-29,0.0
1996-08-30,0.0
1996-08-31,0.0
1996-09-01,0.0
1996-09-02,0.0
1996-09-03,0.0
1996-09-04,0.0
1996-09-05,0.0
1996-09-06,0.0
1996-09-07,0.0
1996-09-08,0.0
1996-09-09,0.0
1996-09-10,0.0
1996-09-11,0.0
1996-09-12,0.0
1996-09-13,0.0
1996-09-14,0.0
1996-09-15,0.0
1996-09-16,0.0
1996-09-17,0.0
1996-09-18,0.0
1996-09-19,0.0
1996-09-20,0.0
1996-09-21,0.0
1996-09-22,0.0
1996-09-23,0.0
1996-09-24,0.0
1996-09-25,0.0
1996-09-26,0.0
1996-09-27,0.0
1996-09-28,0.0
1996-09-29,0.0
1996-09-30,0.0
1996-10-01,0.0
1996-10-02,0.0
1996-10-03,0.0
1996-10-04,0.0
1996-10-05,0.0
1996-10-06,0.0
1996-10-07,0.0
1996-10-08,0.0
1996-10-09,0.0
1996-10-10,0.0
1996-10-11,0.0
1996-10-12,0.0
1996-10-13,0.0
1996-10-14,0.0
1996-10-15,0.0
1996-10-16,0.0
1996-10-17,0.0
1996-10-18,0.0
1996-10-19,2.54
1996-10-20,10.16
1996-10-21,10.16
1996-10-22,7.619999999999999
1996-10-23,5.08
1996-10-24,2.54
1996-10-25,7.619999999999999
1996-10-26,22.86
1996-10-27,27.94
1996-10-28,30.479999999999997
1996-10-29,55.88
1996-10-30,55.88
1996-10-31,55.88
1996-11-01,55.88
1996-11-02,55.88
1996-11-03,55.88
1996-11-04,60.959999999999994
1996-11-05,60.959999999999994
1996-11-06,68.58
1996-11-07,68.58
1996-11-08,68.58
1996-11-09,68.58
1996-11-10,68.58
1996-11-11,68.58
1996-11-12,68.58
1996-11-13,68.58
1996-11-14,68.58
1996-11-15,68.58
1996-11-16,78.74
1996-11-17,88.89999999999999
1996-11-18,106.67999999999999
1996-11-19,106.67999999999999
1996-11-20,106.67999999999999
1996-11-21,106.67999999999999
1996-11-22,106.67999999999999
1996-11-23,119.38
1996-11-24,119.38
1996-11-25,119.38
1996-11-26,119.38
1996-11-27,121.91999999999999
1996-11-28,121.91999999999999
1996-11-29,121.91999999999999
1996-11-30,124.46000000000001
1996-12-01,124.46000000000001
1996-12-02,124.46000000000001
1996-12-03,129.54
1996-12-04,129.54
1996-12-05,129.54
1996-12-06,149.86
1996-12-07,172.72
1996-12-08,172.72
1996-12-09,172.72
1996-12-10,175.26
1996-12-11,190.5
1996-12-12,200.66
1996-12-13,203.2
1996-12-14,203.2
1996-12-15,208.27999999999997
1996-12-16,210.82
1996-12-17,218.43999999999997
1996-12-18,218.43999999999997
1996-12-19,223.52
1996-12-20,223.52
1996-12-21,226.06
1996-12-22,231.14
1996-12-23,254.0
1996-12-24,259.08
1996-12-25,259.08
1996-12-26,264.15999999999997
1996-12-27,266.7
1996-12-28,284.47999999999996
1996-12-29,287.02
1996-12-30,287.02
1996-12-31,289.56
1997-01-01,292.09999999999997
1997-01-02,294.64
1997-01-03,299.72
1997-01-04,320.03999999999996
1997-01-05,320.03999999999996
1997-01-06,320.03999999999996
1997-01-07,320.03999999999996
1997-01-08,322.58
1997-01-09,322.58
1997-01-10,327.65999999999997
1997-01-11,335.28
1997-01-12,342.9
1997-01-13,355.59999999999997
1997-01-14,358.14
1997-01-15,358.14
1997-01-16,358.14
1997-01-17,358.14
1997-01-18,358.14
1997-01-19,358.14
1997-01-20,358.14
1997-01-21,358.14
1997-01-22,365.76
1997-01-23,365.76
1997-01-24,378.46
1997-01-25,378.46
1997-01-26,408.94
1997-01-27,419.09999999999997
1997-01-28,424.17999999999995
1997-01-29,424.17999999999995
1997-01-30,426.71999999999997
1997-01-31,426.71999999999997
1997-02-01,429.25999999999993
1997-02-02,431.79999999999995
1997-02-03,436.87999999999994
1997-02-04,441.9599999999999
1997-02-05,444.5
1997-02-06,449.58
1997-02-07,452.12
1997-02-08,452.12
1997-02-09,454.6599999999999
1997-02-10,454.6599999999999
1997-02-11,457.2
1997-02-12,457.2
1997-02-13,457.2
1997-02-14,454.6599999999999
1997-02-15,454.6599999999999
1997-02-16,452.12
1997-02-17,452.12
1997-02-18,452.12
1997-02-19,449.58
1997-02-20,447.04
1997-02-21,447.04
1997-02-22,444.5
1997-02-23,444.5
1997-02-24,449.58
1997-02-25,449.58
1997-02-26,447.04
1997-02-27,447.04
1997-02-28,449.58
1997-03-01,452.12
1997-03-02,452.12
1997-03-03,452.12
1997-03-04,452.12
1997-03-05,452.12
1997-03-06,452.12
1997-03-07,452.12
1997-03-08,452.12
1997-03-09,452.12
1997-03-10,452.12
1997-03-11,452.12
1997-03-12,459.74
1997-03-13,464.82
1997-03-14,464.82
1997-03-15,467.35999999999996
1997-03-16,467.35999999999996
1997-03-17,469.9
1997-03-18,464.82
1997-03-19,472.44
1997-03-20,467.35999999999996
1997-03-21,464.82
1997-03-22,464.82
1997-03-23,464.82
1997-03-24,464.82
1997-03-25,467.35999999999996
1997-03-26,469.9
1997-03-27,469.9
1997-03-28,469.9
1997-03-29,474.97999999999996
1997-03-30,474.97999999999996
1997-03-31,482.59999999999997
1997-04-01,485.14
1997-04-02,490.21999999999997
1997-04-03,497.84000000000003
1997-04-04,500.37999999999994
1997-04-05,505.4599999999999
1997-04-06,513.0799999999999
1997-04-07,518.16
1997-04-08,520.6999999999999
1997-04-09,523.24
1997-04-10,528.3199999999999
1997-04-11,530.8599999999999
1997-04-12,541.02
1997-04-13,541.02
1997-04-14,538.4799999999999
1997-04-15,535.94
1997-04-16,535.94
1997-04-17,535.94
1997-04-18,515.62
1997-04-19,492.75999999999993
1997-04-20,477.52
1997-04-21,464.82
1997-04-22,469.9
1997-04-23,477.52
1997-04-24,485.14
1997-04-25,490.21999999999997
1997-04-26,492.75999999999993
1997-04-27,477.52
1997-04-28,459.74
1997-04-29,452.12
1997-04-30,464.82
1997-05-01,464.82
1997-05-02,482.59999999999997
1997-05-03,485.14
1997-05-04,482.59999999999997
1997-05-05,454.6599999999999
1997-05-06,424.17999999999995
1997-05-07,396.23999999999995
1997-05-08,375.92
1997-05-09,350.52
1997-05-10,327.65999999999997
1997-05-11,302.26
1997-05-12,276.86
1997-05-13,256.53999999999996
1997-05-14,228.6
1997-05-15,203.2
1997-05-16,175.26
1997-05-17,152.39999999999998
1997-05-18,127.0
1997-05-19,101.6
1997-05-20,71.11999999999999
1997-05-21,60.959999999999994
1997-05-22,43.18
1997-05-23,38.099999999999994
1997-05-24,17.779999999999998
1997-05-25,12.7
1997-05-26,22.86
1997-05-27,22.86
1997-05-28,12.7
1997-05-29,5.08
1997-05-30,0.0
1997-05-31,0.0
1997-06-01,0.0
1997-06-02,0.0
1997-06-03,0.0
1997-06-04,0.0
1997-06-05,0.0
1997-06-06,0.0
1997-06-07,0.0
1997-06-08,0.0
1997-06-09,0.0
1997-06-10,0.0
1997-06-11,0.0
1997-06-12,0.0
1997-06-13,0.0
1997-06-14,0.0
1997-06-15,0.0
1997-06-16,0.0
1997-06-17,0.0
1997-06-18,0.0
1997-06-19,0.0
1997-06-20,0.0
1997-06-21,0.0
1997-06-22,0.0
1997-06-23,0.0
1997-06-24,0.0
1997-06-25,0.0
1997-06-26,0.0
1997-06-27,0.0
1997-06-28,0.0
1997-06-29,0.0
1997-06-30,0.0
1997-07-01,0.0
1997-07-02,0.0
1997-07-03,0.0
1997-07-04,0.0
1997-07-05,0.0
1997-07-06,0.0
1997-07-07,0.0
1997-07-08,0.0
1997-07-09,0.0
1997-07-10,0.0
1997-07-11,0.0
1997-07-12,0.0
1997-07-13,0.0
1997-07-14,0.0
1997-07-15,0.0
1997-07-16,0.0
1997-07-17,0.0
1997-07-18,0.0
1997-07-19,0.0
1997-07-20,0.0
1997-07-21,0.0
1997-07-22,0.0
1997-07-23,0.0
1997-07-24,0.0
1997-07-25,0.0
1997-07-26,0.0
1997-07-27,0.0
1997-07-28,0.0
1997-07-29,0.0
1997-07-30,0.0
1997-07-31,0.0
1997-08-01,0.0
1997-08-02,0.0
1997-08-03,0.0
1997-08-04,0.0
1997-08-05,0.0
1997-08-06,0.0
1997-08-07,0.0
1997-08-08,0.0
1997-08-09,0.0
1997-08-10,0.0
1997-08-11,0.0
1997-08-12,0.0
1997-08-13,0.0
1997-08-14,0.0
1997-08-15,0.0
1997-08-16,0.0
1997-08-17,0.0
1997-08-18,0.0
1997-08-19,0.0
1997-08-20,0.0
1997-08-21,0.0
1997-08-22,0.0
1997-08-23,0.0
1997-08-24,0.0
1997-08-25,0.0
1997-08-26,0.0
1997-08-27,0.0
1997-08-28,0.0
1997-08-29,0.0
1997-08-30,0.0
1997-08-31,0.0
1997-09-01,0.0
1997-09-02,0.0
1997-09-03,0.0
1997-09-04,0.0
1997-09-05,0.0
1997-09-06,0.0
1997-09-07,0.0
1997-09-08,0.0
1997-09-09,0.0
1997-09-10,0.0
1997-09-11,0.0
1997-09-12,0.0
1997-09-13,0.0
1997-09-14,0.0
1997-09-15,0.0
1997-09-16,0.0
1997-09-17,0.0
1997-09-18,0.0
1997-09-19,0.0
1997-09-20,0.0
1997-09-21,0.0
1997-09-22,0.0
1997-09-23,0.0
1997-09-24,0.0
1997-09-25,0.0
1997-09-26,0.0
1997-09-27,0.0
1997-09-28,0.0
1997-09-29,0.0
1997-09-30,0.0
1997-10-01,0.0
1997-10-02,0.0
1997-10-03,0.0
1997-10-04,0.0
1997-10-05,0.0
1997-10-06,0.0
1997-10-07,0.0
1997-10-08,0.0
1997-10-09,2.54
1997-10-10,2.54
1997-10-11,2.54
1997-10-12,2.54
1997-10-13,2.54
1997-10-14,0.0
1997-10-15,0.0
1997-10-16,0.0
1997-10-17,0.0
1997-10-18,0.0
1997-10-19,0.0
1997-10-20,0.0
1997-10-21,0.0
1997-10-22,0.0
1997-10-23,0.0
1997-10-24,7.619999999999999
1997-10-25,25.4
1997-10-26,25.4
1997-10-27,25.4
1997-10-28,25.4
1997-10-29,25.4
1997-10-30,25.4
1997-10-31,25.4
1997-11-01,27.94
1997-11-02,20.32
1997-11-03,20.32
1997-11-04,20.32
1997-11-05,20.32
1997-11-06,20.32
1997-11-07,17.779999999999998
1997-11-08,17.779999999999998
1997-11-09,22.86
1997-11-10,27.94
1997-11-11,35.559999999999995
1997-11-12,48.26
1997-11-13,48.26
1997-11-14,50.8
1997-11-15,50.8
1997-11-16,50.8
1997-11-17,60.959999999999994
1997-11-18,58.419999999999995
1997-11-19,58.419999999999995
1997-11-20,60.959999999999994
1997-11-21,66.03999999999999
1997-11-22,66.03999999999999
1997-11-23,66.03999999999999
1997-11-24,71.11999999999999
1997-11-25,71.11999999999999
1997-11-26,71.11999999999999
1997-11-27,91.44
1997-11-28,93.98
1997-11-29,93.98
1997-11-30,93.98
1997-12-01,93.98
1997-12-02,93.98
1997-12-03,96.52
1997-12-04,96.52
1997-12-05,96.52
1997-12-06,96.52
1997-12-07,99.05999999999999
1997-12-08,106.67999999999999
1997-12-09,111.76
1997-12-10,111.76
1997-12-11,111.76
1997-12-12,111.76
1997-12-13,114.3
1997-12-14,116.83999999999999
1997-12-15,119.38
1997-12-16,121.91999999999999
1997-12-17,124.46000000000001
1997-12-18,124.46000000000001
1997-12-19,124.46000000000001
1997-12-20,124.46000000000001
1997-12-21,124.46000000000001
1997-12-22,124.46000000000001
1997-12-23,124.46000000000001
1997-12-24,124.46000000000001
1997-12-25,124.46000000000001
1997-12-26,124.46000000000001
1997-12-27,124.46000000000001
1997-12-28,124.46000000000001
1997-12-29,124.46000000000001
1997-12-30,124.46000000000001
1997-12-31,124.46000000000001
1998-01-01,124.46000000000001
1998-01-02,124.46000000000001
1998-01-03,127.0
1998-01-04,134.61999999999998
1998-01-05,137.16
1998-01-06,142.23999999999998
1998-01-07,142.23999999999998
1998-01-08,142.23999999999998
1998-01-09,142.23999999999998
1998-01-10,144.78
1998-01-11,149.86
1998-01-12,154.93999999999997
1998-01-13,162.56
1998-01-14,170.18
1998-01-15,170.18
1998-01-16,175.26
1998-01-17,182.88
1998-01-18,193.04
1998-01-19,193.04
1998-01-20,200.66
1998-01-21,200.66
1998-01-22,203.2
1998-01-23,203.2
1998-01-24,205.73999999999998
1998-01-25,205.73999999999998
1998-01-26,208.27999999999997
1998-01-27,208.27999999999997
1998-01-28,208.27999999999997
1998-01-29,208.27999999999997
1998-01-30,208.27999999999997
1998-01-31,208.27999999999997
1998-02-01,210.82
1998-02-02,210.82
1998-02-03,213.35999999999999
1998-02-04,213.35999999999999
1998-02-05,213.35999999999999
1998-02-06,215.89999999999998
1998-02-07,215.89999999999998
1998-02-08,220.97999999999996
1998-02-09,231.14
1998-02-10,233.67999999999998
1998-02-11,233.67999999999998
1998-02-12,233.67999999999998
1998-02-13,233.67999999999998
1998-02-14,233.67999999999998
1998-02-15,236.22
1998-02-16,243.83999999999997
1998-02-17,243.83999999999997
1998-02-18,243.83999999999997
1998-02-19,243.83999999999997
1998-02-20,243.83999999999997
1998-02-21,243.83999999999997
1998-02-22,243.83999999999997
1998-02-23,246.37999999999997
1998-02-24,251.46
1998-02-25,256.53999999999996
1998-02-26,264.15999999999997
1998-02-27,264.15999999999997
1998-02-28,264.15999999999997
1998-03-01,264.15999999999997
1998-03-02,266.7
1998-03-03,266.7
1998-03-04,271.78
1998-03-05,276.86
1998-03-06,279.4
1998-03-07,287.02
1998-03-08,292.09999999999997
1998-03-09,292.09999999999997
1998-03-10,292.09999999999997
1998-03-11,292.09999999999997
1998-03-12,292.09999999999997
1998-03-13,292.09999999999997
1998-03-14,294.64
1998-03-15,294.64
1998-03-16,294.64
1998-03-17,294.64
1998-03-18,294.64
1998-03-19,307.34
1998-03-20,307.34
1998-03-21,307.34
1998-03-22,307.34
1998-03-23,307.34
1998-03-24,307.34
1998-03-25,307.34
1998-03-26,307.34
1998-03-27,307.34
1998-03-28,307.34
1998-03-29,307.34
1998-03-30,307.34
1998-03-31,307.34
1998-04-01,309.87999999999994
1998-04-02,309.87999999999994
1998-04-03,312.42
1998-04-04,314.96
1998-04-05,317.5
1998-04-06,317.5
1998-04-07,325.12
1998-04-08,332.73999999999995
1998-04-09,332.73999999999995
1998-04-10,332.73999999999995
1998-04-11,335.28
1998-04-12,335.28
1998-04-13,342.9
1998-04-14,350.52
1998-04-15,353.06
1998-04-16,358.14
1998-04-17,368.29999999999995
1998-04-18,370.84
1998-04-19,375.92
1998-04-20,370.84
1998-04-21,370.84
1998-04-22,365.76
1998-04-23,360.67999999999995
1998-04-24,350.52
1998-04-25,350.52
1998-04-26,353.06
1998-04-27,353.06
1998-04-28,347.97999999999996
1998-04-29,335.28
1998-04-30,320.03999999999996
1998-05-01,302.26
1998-05-02,287.02
1998-05-03,271.78
1998-05-04,256.53999999999996
1998-05-05,241.29999999999998
1998-05-06,231.14
1998-05-07,238.76
1998-05-08,231.14
1998-05-09,228.6
1998-05-10,213.35999999999999
1998-05-11,190.5
1998-05-12,172.72
1998-05-13,157.48
1998-05-14,134.61999999999998
1998-05-15,137.16
1998-05-16,121.91999999999999
1998-05-17,101.6
1998-05-18,71.11999999999999
1998-05-19,45.72
1998-05-20,22.86
1998-05-21,10.16
1998-05-22,0.0
1998-05-23,0.0
1998-05-24,0.0
1998-05-25,0.0
1998-05-26,0.0
1998-05-27,0.0
1998-05-28,0.0
1998-05-29,0.0
1998-05-30,0.0
1998-05-31,0.0
1998-06-01,0.0
1998-06-02,0.0
1998-06-03,0.0
1998-06-04,0.0
1998-06-05,0.0
1998-06-06,0.0
1998-06-07,0.0
1998-06-08,0.0
1998-06-09,0.0
1998-06-10,0.0
1998-06-11,0.0
1998-06-12,0.0
1998-06-13,0.0
1998-06-14,0.0
1998-06-15,0.0
1998-06-16,0.0
1998-06-17,0.0
1998-06-18,0.0
1998-06-19,0.0
1998-06-20,0.0
1998-06-21,0.0
1998-06-22,0.0
1998-06-23,0.0
1998-06-24,0.0
1998-06-25,0.0
1998-06-26,0.0
1998-06-27,0.0
1998-06-28,0.0
1998-06-29,0.0
1998-06-30,0.0
1998-07-01,0.0
1998-07-02,0.0
1998-07-03,0.0
1998-07-04,0.0
1998-07-05,0.0
1998-07-06,0.0
1998-07-07,0.0
1998-07-08,0.0
1998-07-09,0.0
1998-07-10,0.0
1998-07-11,0.0
1998-07-12,0.0
1998-07-13,0.0
1998-07-14,0.0
1998-07-15,0.0
1998-07-16,0.0
1998-07-17,0.0
1998-07-18,0.0
1998-07-19,0.0
1998-07-20,0.0
1998-07-21,0.0
1998-07-22,0.0
1998-07-23,0.0
1998-07-24,0.0
1998-07-25,0.0
1998-07-26,0.0
1998-07-27,0.0
1998-07-28,0.0
1998-07-29,0.0
1998-07-30,0.0
1998-07-31,0.0
1998-08-01,0.0
1998-08-02,0.0
1998-08-03,0.0
1998-08-04,0.0
1998-08-05,0.0
1998-08-06,0.0
1998-08-07,0.0
1998-08-08,0.0
1998-08-09,0.0
1998-08-10,0.0
1998-08-11,0.0
1998-08-12,0.0
1998-08-13,0.0
1998-08-14,0.0
1998-08-15,0.0
1998-08-16,0.0
1998-08-17,0.0
1998-08-18,0.0
1998-08-19,0.0
1998-08-20,0.0
1998-08-21,0.0
1998-08-22,0.0
1998-08-23,0.0
1998-08-24,0.0
1998-08-25,0.0
1998-08-26,0.0
1998-08-27,0.0
1998-08-28,0.0
1998-08-29,0.0
1998-08-30,0.0
1998-08-31,0.0
1998-09-01,0.0
1998-09-02,0.0
1998-09-03,0.0
1998-09-04,0.0
1998-09-05,0.0
1998-09-06,0.0
1998-09-07,0.0
1998-09-08,0.0
1998-09-09,0.0
1998-09-10,0.0
1998-09-11,0.0
1998-09-12,0.0
1998-09-13,0.0
1998-09-14,0.0
1998-09-15,0.0
1998-09-16,0.0
1998-09-17,0.0
1998-09-18,0.0
1998-09-19,0.0
1998-09-20,0.0
1998-09-21,0.0
1998-09-22,0.0
1998-09-23,0.0
1998-09-24,0.0
1998-09-25,0.0
1998-09-26,0.0
1998-09-27,0.0
1998-09-28,0.0
1998-09-29,0.0
1998-09-30,0.0
1998-10-01,0.0
1998-10-02,2.54
1998-10-03,2.54
1998-10-04,15.239999999999998
1998-10-05,22.86
1998-10-06,17.779999999999998
1998-10-07,17.779999999999998
1998-10-08,15.239999999999998
1998-10-09,7.619999999999999
1998-10-10,5.08
1998-10-11,5.08
1998-10-12,5.08
1998-10-13,5.08
1998-10-14,5.08
1998-10-15,5.08
1998-10-16,5.08
1998-10-17,0.0
1998-10-18,0.0
1998-10-19,0.0
1998-10-20,0.0
1998-10-21,0.0
1998-10-22,0.0
1998-10-23,0.0
1998-10-24,0.0
1998-10-25,0.0
1998-10-26,0.0
1998-10-27,5.08
1998-10-28,10.16
1998-10-29,12.7
1998-10-30,12.7
1998-10-31,17.779999999999998
1998-11-01,17.779999999999998
1998-11-02,17.779999999999998
1998-11-03,17.779999999999998
1998-11-04,40.64
1998-11-05,40.64
1998-11-06,40.64
1998-11-07,40.64
1998-11-08,43.18
1998-11-09,78.74
1998-11-10,81.28
1998-11-11,81.28
1998-11-12,91.44
1998-11-13,91.44
1998-11-14,91.44
1998-11-15,91.44
1998-11-16,91.44
1998-11-17,88.89999999999999
1998-11-18,88.89999999999999
1998-11-19,88.89999999999999
1998-11-20,86.36
1998-11-21,86.36
1998-11-22,86.36
1998-11-23,86.36
1998-11-24,86.36
1998-11-25,86.36
1998-11-26,86.36
1998-11-27,86.36
1998-11-28,86.36
1998-11-29,88.89999999999999
1998-11-30,91.44
1998-12-01,91.44
1998-12-02,93.98
1998-12-03,93.98
1998-12-04,93.98
1998-12-05,93.98
1998-12-06,93.98
1998-12-07,88.89999999999999
1998-12-08,88.89999999999999
1998-12-09,88.89999999999999
1998-12-10,88.89999999999999
1998-12-11,88.89999999999999
1998-12-12,88.89999999999999
1998-12-13,91.44
1998-12-14,91.44
1998-12-15,91.44
1998-12-16,88.89999999999999
1998-12-17,86.36
1998-12-18,86.36
1998-12-19,83.82
1998-12-20,83.82
1998-12-21,83.82
1998-12-22,83.82
1998-12-23,83.82
1998-12-24,83.82
1998-12-25,83.82
1998-12-26,83.82
1998-12-27,83.82
1998-12-28,83.82
1998-12-29,73.66
1998-12-30,73.66
1998-12-31,73.66
1999-01-01,76.19999999999999
1999-01-02,76.19999999999999
1999-01-03,76.19999999999999
1999-01-04,76.19999999999999
1999-01-05,76.19999999999999
1999-01-06,78.74
1999-01-07,78.74
1999-01-08,78.74
1999-01-09,78.74
1999-01-10,78.74
1999-01-11,78.74
1999-01-12,78.74
1999-01-13,78.74
1999-01-14,78.74
1999-01-15,78.74
1999-01-16,78.74
1999-01-17,86.36
1999-01-18,96.52
1999-01-19,111.76
1999-01-20,129.54
1999-01-21,139.7
1999-01-22,157.48
1999-01-23,157.48
1999-01-24,160.01999999999998
1999-01-25,175.26
1999-01-26,175.26
1999-01-27,180.33999999999997
1999-01-28,180.33999999999997
1999-01-29,180.33999999999997
1999-01-30,182.88
1999-01-31,182.88
1999-02-01,182.88
1999-02-02,185.42
1999-02-03,187.96
1999-02-04,187.96
1999-02-05,187.96
1999-02-06,193.04
1999-02-07,195.57999999999998
1999-02-08,198.11999999999998
1999-02-09,198.11999999999998
1999-02-10,198.11999999999998
1999-02-11,203.2
1999-02-12,203.2
1999-02-13,203.2
1999-02-14,205.73999999999998
1999-02-15,205.73999999999998
1999-02-16,208.27999999999997
1999-02-17,208.27999999999997
1999-02-18,215.89999999999998
1999-02-19,220.97999999999996
1999-02-20,231.14
1999-02-21,231.14
1999-02-22,236.22
1999-02-23,241.29999999999998
1999-02-24,241.29999999999998
1999-02-25,241.29999999999998
1999-02-26,241.29999999999998
1999-02-27,241.29999999999998
1999-02-28,241.29999999999998
1999-03-01,241.29999999999998
1999-03-02,241.29999999999998
1999-03-03,241.29999999999998
1999-03-04,241.29999999999998
1999-03-05,243.83999999999997
1999-03-06,246.37999999999997
1999-03-07,251.46
1999-03-08,256.53999999999996
1999-03-09,259.08
1999-03-10,261.62
1999-03-11,261.62
1999-03-12,261.62
1999-03-13,261.62
1999-03-14,261.62
1999-03-15,261.62
1999-03-16,264.15999999999997
1999-03-17,269.23999999999995
1999-03-18,274.32
1999-03-19,274.32
1999-03-20,274.32
1999-03-21,266.7
1999-03-22,266.7
1999-03-23,264.15999999999997
1999-03-24,259.08
1999-03-25,261.62
1999-03-26,256.53999999999996
1999-03-27,256.53999999999996
1999-03-28,261.62
1999-03-29,261.62
1999-03-30,261.62
1999-03-31,261.62
1999-04-01,259.08
1999-04-02,269.23999999999995
1999-04-03,276.86
1999-04-04,279.4
1999-04-05,281.94
1999-04-06,287.02
1999-04-07,289.56
1999-04-08,292.09999999999997
1999-04-09,292.09999999999997
1999-04-10,292.09999999999997
1999-04-11,294.64
1999-04-12,297.17999999999995
1999-04-13,292.09999999999997
1999-04-14,287.02
1999-04-15,281.94
1999-04-16,281.94
1999-04-17,279.4
1999-04-18,271.78
1999-04-19,254.0
1999-04-20,238.76
1999-04-21,226.06
1999-04-22,228.6
1999-04-23,238.76
1999-04-24,256.53999999999996
1999-04-25,266.7
1999-04-26,266.7
1999-04-27,271.78
1999-04-28,271.78
1999-04-29,274.32
1999-04-30,276.86
1999-05-01,307.34
1999-05-02,330.2
1999-05-03,335.28
1999-05-04,345.44
1999-05-05,368.29999999999995
1999-05-06,368.29999999999995
1999-05-07,370.84
1999-05-08,363.21999999999997
1999-05-09,347.97999999999996
1999-05-10,332.73999999999995
1999-05-11,340.36
1999-05-12,342.9
1999-05-13,332.73999999999995
1999-05-14,320.03999999999996
1999-05-15,307.34
1999-05-16,292.09999999999997
1999-05-17,279.4
1999-05-18,261.62
1999-05-19,238.76
1999-05-20,213.35999999999999
1999-05-21,180.33999999999997
1999-05-22,154.93999999999997
1999-05-23,127.0
1999-05-24,91.44
1999-05-25,55.88
1999-05-26,20.32
1999-05-27,7.619999999999999
1999-05-28,2.54
1999-05-29,0.0
1999-05-30,0.0
1999-05-31,0.0
1999-06-01,0.0
1999-06-02,0.0
1999-06-03,0.0
1999-06-04,0.0
1999-06-05,0.0
1999-06-06,0.0
1999-06-07,0.0
1999-06-08,0.0
1999-06-09,0.0
1999-06-10,0.0
1999-06-11,0.0
1999-06-12,0.0
1999-06-13,0.0
1999-06-14,0.0
1999-06-15,0.0
1999-06-16,0.0
1999-06-17,0.0
1999-06-18,0.0
1999-06-19,0.0
1999-06-20,0.0
1999-06-21,0.0
1999-06-22,0.0
1999-06-23,0.0
1999-06-24,0.0
1999-06-25,0.0
1999-06-26,0.0
1999-06-27,0.0
1999-06-28,0.0
1999-06-29,0.0
1999-06-30,0.0
1999-07-01,0.0
1999-07-02,0.0
1999-07-03,0.0
1999-07-04,0.0
1999-07-05,0.0
1999-07-06,0.0
1999-07-07,0.0
1999-07-08,0.0
1999-07-09,0.0
1999-07-10,0.0
1999-07-11,0.0
1999-07-12,0.0
1999-07-13,0.0
1999-07-14,0.0
1999-07-15,0.0
1999-07-16,0.0
1999-07-17,0.0
1999-07-18,0.0
1999-07-19,0.0
1999-07-20,0.0
1999-07-21,0.0
1999-07-22,0.0
1999-07-23,0.0
1999-07-24,0.0
1999-07-25,0.0
1999-07-26,0.0
1999-07-27,0.0
1999-07-28,0.0
1999-07-29,0.0
1999-07-30,0.0
1999-07-31,0.0
1999-08-01,0.0
1999-08-02,0.0
1999-08-03,0.0
1999-08-04,0.0
1999-08-05,0.0
1999-08-06,0.0
1999-08-07,0.0
1999-08-08,0.0
1999-08-09,0.0
1999-08-10,0.0
1999-08-11,0.0
1999-08-12,0.0
1999-08-13,0.0
1999-08-14,0.0
1999-08-15,0.0
1999-08-16,0.0
1999-08-17,0.0
1999-08-18,0.0
1999-08-19,0.0
1999-08-20,0.0
1999-08-21,0.0
1999-08-22,0.0
1999-08-23,0.0
1999-08-24,0.0
1999-08-25,0.0
1999-08-26,0.0
1999-08-27,0.0
1999-08-28,0.0
1999-08-29,0.0
1999-08-30,0.0
1999-08-31,0.0
1999-09-01,0.0
1999-09-02,0.0
1999-09-03,0.0
1999-09-04,0.0
1999-09-05,0.0
1999-09-06,0.0
1999-09-07,0.0
1999-09-08,0.0
1999-09-09,0.0
1999-09-10,0.0
1999-09-11,0.0
1999-09-12,0.0
1999-09-13,0.0
1999-09-14,0.0
1999-09-15,0.0
1999-09-16,0.0
1999-09-17,0.0
1999-09-18,0.0
1999-09-19,0.0
1999-09-20,0.0
1999-09-21,0.0
1999-09-22,0.0
1999-09-23,0.0
1999-09-24,0.0
1999-09-25,0.0
1999-09-26,0.0
1999-09-27,0.0
1999-09-28,0.0
1999-09-29,0.0
1999-09-30,0.0
1999-10-01,0.0
1999-10-02,0.0
1999-10-03,0.0
1999-10-04,0.0
1999-10-05,0.0
1999-10-06,0.0
1999-10-07,0.0
1999-10-08,27.94
1999-10-09,22.86
1999-10-10,17.779999999999998
1999-10-11,12.7
1999-10-12,2.54
1999-10-13,0.0
1999-10-14,0.0
1999-10-15,0.0
1999-10-16,0.0
1999-10-17,0.0
1999-10-18,0.0
1999-10-19,0.0
1999-10-20,0.0
1999-10-21,0.0
1999-10-22,0.0
1999-10-23,0.0
1999-10-24,0.0
1999-10-25,0.0
1999-10-26,0.0
1999-10-27,0.0
1999-10-28,0.0
1999-10-29,0.0
1999-10-30,0.0
1999-10-31,0.0
1999-11-01,0.0
1999-11-02,0.0
1999-11-03,0.0
1999-11-04,0.0
1999-11-05,0.0
1999-11-06,0.0
1999-11-07,0.0
1999-11-08,0.0
1999-11-09,0.0
1999-11-10,0.0
1999-11-11,0.0
1999-11-12,0.0
1999-11-13,0.0
1999-11-14,0.0
1999-11-15,0.0
1999-11-16,0.0
1999-11-17,0.0
1999-11-18,0.0
1999-11-19,0.0
1999-11-20,0.0
1999-11-21,7.619999999999999
1999-11-22,25.4
1999-11-23,25.4
1999-11-24,22.86
1999-11-25,20.32
1999-11-26,20.32
1999-11-27,20.32
1999-11-28,20.32
1999-11-29,20.32
1999-11-30,20.32
1999-12-01,20.32
1999-12-02,22.86
1999-12-03,22.86
1999-12-04,22.86
1999-12-05,22.86
1999-12-06,22.86
1999-12-07,22.86
1999-12-08,22.86
1999-12-09,22.86
1999-12-10,25.4
1999-12-11,25.4
1999-12-12,25.4
1999-12-13,25.4
1999-12-14,35.559999999999995
1999-12-15,35.559999999999995
1999-12-16,35.559999999999995
1999-12-17,38.099999999999994
1999-12-18,38.099999999999994
1999-12-19,43.18
1999-12-20,43.18
1999-12-21,43.18
1999-12-22,45.72
1999-12-23,48.26
1999-12-24,48.26
1999-12-25,48.26
1999-12-26,48.26
1999-12-27,48.26
1999-12-28,48.26
1999-12-29,48.26
1999-12-30,48.26
1999-12-31,48.26
2000-01-01,48.26
2000-01-02,53.339999999999996
2000-01-03,58.419999999999995
2000-01-04,58.419999999999995
2000-01-05,63.5
2000-01-06,63.5
2000-01-07,63.5
2000-01-08,66.03999999999999
2000-01-09,66.03999999999999
2000-01-10,73.66
2000-01-11,78.74
2000-01-12,78.74
2000-01-13,78.74
2000-01-14,78.74
2000-01-15,81.28
2000-01-16,81.28
2000-01-17,81.28
2000-01-18,83.82
2000-01-19,93.98
2000-01-20,96.52
2000-01-21,96.52
2000-01-22,109.21999999999998
2000-01-23,116.83999999999999
2000-01-24,116.83999999999999
2000-01-25,124.46000000000001
2000-01-26,137.16
2000-01-27,142.23999999999998
2000-01-28,142.23999999999998
2000-01-29,142.23999999999998
2000-01-30,142.23999999999998
2000-01-31,142.23999999999998
2000-02-01,147.32
2000-02-02,147.32
2000-02-03,147.32
2000-02-04,147.32
2000-02-05,147.32
2000-02-06,147.32
2000-02-07,147.32
2000-02-08,147.32
2000-02-09,147.32
2000-02-10,152.39999999999998
2000-02-11,157.48
2000-02-12,170.18
2000-02-13,185.42
2000-02-14,198.11999999999998
2000-02-15,208.27999999999997
2000-02-16,210.82
2000-02-17,215.89999999999998
2000-02-18,226.06
2000-02-19,231.14
2000-02-20,231.14
2000-02-21,231.14
2000-02-22,231.14
2000-02-23,236.22
2000-02-24,236.22
2000-02-25,236.22
2000-02-26,243.83999999999997
2000-02-27,243.83999999999997
2000-02-28,243.83999999999997
2000-02-29,246.37999999999997
2000-03-01,246.37999999999997
2000-03-02,251.46
2000-03-03,248.92000000000002
2000-03-04,248.92000000000002
2000-03-05,251.46
2000-03-06,256.53999999999996
2000-03-07,256.53999999999996
2000-03-08,261.62
2000-03-09,264.15999999999997
2000-03-10,279.4
2000-03-11,281.94
2000-03-12,287.02
2000-03-13,294.64
2000-03-14,294.64
2000-03-15,297.17999999999995
2000-03-16,299.72
2000-03-17,299.72
2000-03-18,302.26
2000-03-19,302.26
2000-03-20,304.79999999999995
2000-03-21,312.42
2000-03-22,312.42
2000-03-23,314.96
2000-03-24,314.96
2000-03-25,314.96
2000-03-26,314.96
2000-03-27,314.96
2000-03-28,314.96
2000-03-29,314.96
2000-03-30,317.5
2000-03-31,325.12
2000-04-01,330.2
2000-04-02,332.73999999999995
2000-04-03,332.73999999999995
2000-04-04,335.28
2000-04-05,335.28
2000-04-06,337.82
2000-04-07,330.2
2000-04-08,320.03999999999996
2000-04-09,312.42
2000-04-10,299.72
2000-04-11,299.72
2000-04-12,299.72
2000-04-13,299.72
2000-04-14,292.09999999999997
2000-04-15,281.94
2000-04-16,292.09999999999997
2000-04-17,294.64
2000-04-18,279.4
2000-04-19,276.86
2000-04-20,274.32
2000-04-21,264.15999999999997
2000-04-22,259.08
2000-04-23,261.62
2000-04-24,259.08
2000-04-25,254.0
2000-04-26,236.22
2000-04-27,218.43999999999997
2000-04-28,193.04
2000-04-29,182.88
2000-04-30,172.72
2000-05-01,160.01999999999998
2000-05-02,139.7
2000-05-03,109.21999999999998
2000-05-04,83.82
2000-05-05,55.88
2000-05-06,27.94
2000-05-07,5.08
2000-05-08,0.0
2000-05-09,20.32
2000-05-10,12.7
2000-05-11,0.0
2000-05-12,0.0
2000-05-13,0.0
2000-05-14,0.0
2000-05-15,0.0
2000-05-16,0.0
2000-05-17,0.0
2000-05-18,0.0
2000-05-19,0.0
2000-05-20,0.0
2000-05-21,0.0
2000-05-22,0.0
2000-05-23,0.0
2000-05-24,0.0
2000-05-25,0.0
2000-05-26,0.0
2000-05-27,0.0
2000-05-28,0.0
2000-05-29,0.0
2000-05-30,0.0
2000-05-31,0.0
2000-06-01,0.0
2000-06-02,0.0
2000-06-03,0.0
2000-06-04,0.0
2000-06-05,0.0
2000-06-06,0.0
2000-06-07,0.0
2000-06-08,0.0
2000-06-09,0.0
2000-06-10,0.0
2000-06-11,0.0
2000-06-12,0.0
2000-06-13,0.0
2000-06-14,0.0
2000-06-15,0.0
2000-06-16,0.0
2000-06-17,0.0
2000-06-18,0.0
2000-06-19,0.0
2000-06-20,0.0
2000-06-21,0.0
2000-06-22,0.0
2000-06-23,0.0
2000-06-24,0.0
2000-06-25,0.0
2000-06-26,0.0
2000-06-27,0.0
2000-06-28,0.0
2000-06-29,0.0
2000-06-30,0.0
2000-07-01,0.0
2000-07-02,0.0
2000-07-03,0.0
2000-07-04,0.0
2000-07-05,0.0
2000-07-06,0.0
2000-07-07,0.0
2000-07-08,0.0
2000-07-09,0.0
2000-07-10,0.0
2000-07-11,0.0
2000-07-12,0.0
2000-07-13,0.0
2000-07-14,0.0
2000-07-15,0.0
2000-07-16,0.0
2000-07-17,0.0
2000-07-18,0.0
2000-07-19,0.0
2000-07-20,0.0
2000-07-21,0.0
2000-07-22,0.0
2000-07-23,0.0
2000-07-24,0.0
2000-07-25,0.0
2000-07-26,0.0
2000-07-27,0.0
2000-07-28,0.0
2000-07-29,0.0
2000-07-30,0.0
2000-07-31,0.0
2000-08-01,0.0
2000-08-02,0.0
2000-08-03,0.0
2000-08-04,0.0
2000-08-05,0.0
2000-08-06,0.0
2000-08-07,0.0
2000-08-08,0.0
2000-08-09,0.0
2000-08-10,0.0
2000-08-11,0.0
2000-08-12,0.0
2000-08-13,0.0
2000-08-14,0.0
2000-08-15,0.0
2000-08-16,0.0
2000-08-17,0.0
2000-08-18,0.0
2000-08-19,0.0
2000-08-20,0.0
2000-08-21,0.0
2000-08-22,0.0
2000-08-23,0.0
2000-08-24,0.0
2000-08-25,0.0
2000-08-26,0.0
2000-08-27,0.0
2000-08-28,0.0
2000-08-29,0.0
2000-08-30,0.0
2000-08-31,0.0
2000-09-01,0.0
2000-09-02,0.0
2000-09-03,0.0
2000-09-04,0.0
2000-09-05,0.0
2000-09-06,0.0
2000-09-07,0.0
2000-09-08,0.0
2000-09-09,0.0
2000-09-10,0.0
2000-09-11,0.0
2000-09-12,0.0
2000-09-13,0.0
2000-09-14,0.0
2000-09-15,0.0
2000-09-16,0.0
2000-09-17,0.0
2000-09-18,0.0
2000-09-19,0.0
2000-09-20,0.0
2000-09-21,0.0
2000-09-22,5.08
2000-09-23,5.08
2000-09-24,5.08
2000-09-25,0.0
2000-09-26,0.0
2000-09-27,0.0
2000-09-28,0.0
2000-09-29,0.0
2000-09-30,0.0
2000-10-01,0.0
2000-10-02,0.0
2000-10-03,0.0
2000-10-04,0.0
2000-10-05,0.0
2000-10-06,0.0
2000-10-07,0.0
2000-10-08,0.0
2000-10-09,0.0
2000-10-10,0.0
2000-10-11,0.0
2000-10-12,0.0
2000-10-13,0.0
2000-10-14,0.0
2000-10-15,0.0
2000-10-16,0.0
2000-10-17,0.0
2000-10-18,0.0
2000-10-19,0.0
2000-10-20,0.0
2000-10-21,0.0
2000-10-22,0.0
2000-10-23,5.08
2000-10-24,7.619999999999999
2000-10-25,7.619999999999999
2000-10-26,0.0
2000-10-27,0.0
2000-10-28,2.54
2000-10-29,7.619999999999999
2000-10-30,0.0
2000-10-31,0.0
2000-11-01,0.0
2000-11-02,5.08
2000-11-03,5.08
2000-11-04,5.08
2000-11-05,2.54
2000-11-06,15.239999999999998
2000-11-07,12.7
2000-11-08,12.7
2000-11-09,15.239999999999998
2000-11-10,17.779999999999998
2000-11-11,22.86
2000-11-12,22.86
2000-11-13,20.32
2000-11-14,20.32
2000-11-15,27.94
2000-11-16,35.559999999999995
2000-11-17,33.019999999999996
2000-11-18,30.479999999999997
2000-11-19,30.479999999999997
2000-11-20,30.479999999999997
2000-11-21,30.479999999999997
2000-11-22,30.479999999999997
2000-11-23,30.479999999999997
2000-11-24,30.479999999999997
2000-11-25,30.479999999999997
2000-11-26,30.479999999999997
2000-11-27,30.479999999999997
2000-11-28,33.019999999999996
2000-11-29,33.019999999999996
2000-11-30,33.019999999999996
2000-12-01,33.019999999999996
2000-12-02,33.019999999999996
2000-12-03,33.019999999999996
2000-12-04,33.019999999999996
2000-12-05,30.479999999999997
2000-12-06,30.479999999999997
2000-12-07,30.479999999999997
2000-12-08,33.019999999999996
2000-12-09,35.559999999999995
2000-12-10,40.64
2000-12-11,60.959999999999994
2000-12-12,66.03999999999999
2000-12-13,73.66
2000-12-14,78.74
2000-12-15,83.82
2000-12-16,101.6
2000-12-17,101.6
2000-12-18,106.67999999999999
2000-12-19,104.13999999999999
2000-12-20,111.76
2000-12-21,111.76
2000-12-22,111.76
2000-12-23,114.3
2000-12-24,114.3
2000-12-25,114.3
2000-12-26,114.3
2000-12-27,114.3
2000-12-28,116.83999999999999
2000-12-29,116.83999999999999
2000-12-30,116.83999999999999
2000-12-31,116.83999999999999
2001-01-01,116.83999999999999
2001-01-02,116.83999999999999
2001-01-03,114.3
2001-01-04,114.3
2001-01-05,114.3
2001-01-06,114.3
2001-01-07,114.3
2001-01-08,111.76
2001-01-09,111.76
2001-01-10,114.3
2001-01-11,114.3
2001-01-12,114.3
2001-01-13,119.38
2001-01-14,119.38
2001-01-15,119.38
2001-01-16,119.38
2001-01-17,119.38
2001-01-18,119.38
2001-01-19,119.38
2001-01-20,119.38
2001-01-21,121.91999999999999
2001-01-22,124.46000000000001
2001-01-23,124.46000000000001
2001-01-24,124.46000000000001
2001-01-25,124.46000000000001
2001-01-26,137.16
2001-01-27,137.16
2001-01-28,144.78
2001-01-29,147.32
2001-01-30,149.86
2001-01-31,149.86
2001-02-01,149.86
2001-02-02,149.86
2001-02-03,149.86
2001-02-04,152.39999999999998
2001-02-05,152.39999999999998
2001-02-06,152.39999999999998
2001-02-07,154.93999999999997
2001-02-08,154.93999999999997
2001-02-09,162.56
2001-02-10,162.56
2001-02-11,162.56
2001-02-12,162.56
2001-02-13,165.1
2001-02-14,170.18
2001-02-15,175.26
2001-02-16,175.26
2001-02-17,175.26
2001-02-18,175.26
2001-02-19,180.33999999999997
2001-02-20,180.33999999999997
2001-02-21,180.33999999999997
2001-02-22,193.04
2001-02-23,198.11999999999998
2001-02-24,200.66
2001-02-25,203.2
2001-02-26,205.73999999999998
2001-02-27,205.73999999999998
2001-02-28,210.82
2001-03-01,213.35999999999999
2001-03-02,213.35999999999999
2001-03-03,215.89999999999998
2001-03-04,215.89999999999998
2001-03-05,215.89999999999998
2001-03-06,215.89999999999998
2001-03-07,215.89999999999998
2001-03-08,218.43999999999997
2001-03-09,218.43999999999997
2001-03-10,220.97999999999996
2001-03-11,226.06
2001-03-12,231.14
2001-03-13,236.22
2001-03-14,236.22
2001-03-15,241.29999999999998
2001-03-16,241.29999999999998
2001-03-17,248.92000000000002
2001-03-18,254.0
2001-03-19,254.0
2001-03-20,254.0
2001-03-21,254.0
2001-03-22,254.0
2001-03-23,254.0
2001-03-24,256.53999999999996
2001-03-25,256.53999999999996
2001-03-26,256.53999999999996
2001-03-27,261.62
2001-03-28,269.23999999999995
2001-03-29,269.23999999999995
2001-03-30,269.23999999999995
2001-03-31,274.32
2001-04-01,276.86
2001-04-02,276.86
2001-04-03,276.86
2001-04-04,276.86
2001-04-05,274.32
2001-04-06,269.23999999999995
2001-04-07,279.4
2001-04-08,281.94
2001-04-09,284.47999999999996
2001-04-10,284.47999999999996
2001-04-11,284.47999999999996
2001-04-12,294.64
2001-04-13,294.64
2001-04-14,302.26
2001-04-15,304.79999999999995
2001-04-16,292.09999999999997
2001-04-17,287.02
2001-04-18,269.23999999999995
2001-04-19,251.46
2001-04-20,236.22
2001-04-21,236.22
2001-04-22,241.29999999999998
2001-04-23,251.46
2001-04-24,254.0
2001-04-25,246.37999999999997
2001-04-26,231.14
2001-04-27,215.89999999999998
2001-04-28,200.66
2001-04-29,187.96
2001-04-30,172.72
2001-05-01,152.39999999999998
2001-05-02,129.54
2001-05-03,121.91999999999999
2001-05-04,149.86
2001-05-05,154.93999999999997
2001-05-06,157.48
2001-05-07,154.93999999999997
2001-05-08,144.78
2001-05-09,129.54
2001-05-10,114.3
2001-05-11,99.05999999999999
2001-05-12,73.66
2001-05-13,50.8
2001-05-14,25.4
2001-05-15,10.16
2001-05-16,0.0
2001-05-17,0.0
2001-05-18,0.0
2001-05-19,0.0
2001-05-20,0.0
2001-05-21,0.0
2001-05-22,0.0
2001-05-23,0.0
2001-05-24,0.0
2001-05-25,0.0
2001-05-26,0.0
2001-05-27,0.0
2001-05-28,0.0
2001-05-29,0.0
2001-05-30,0.0
2001-05-31,0.0
2001-06-01,0.0
2001-06-02,0.0
2001-06-03,0.0
2001-06-04,0.0
2001-06-05,0.0
2001-06-06,0.0
2001-06-07,0.0
2001-06-08,0.0
2001-06-09,0.0
2001-06-10,0.0
2001-06-11,0.0
2001-06-12,0.0
2001-06-13,0.0
2001-06-14,0.0
2001-06-15,0.0
2001-06-16,0.0
2001-06-17,0.0
2001-06-18,0.0
2001-06-19,0.0
2001-06-20,0.0
2001-06-21,0.0
2001-06-22,0.0
2001-06-23,0.0
2001-06-24,0.0
2001-06-25,0.0
2001-06-26,0.0
2001-06-27,0.0
2001-06-28,0.0
2001-06-29,0.0
2001-06-30,0.0
2001-07-01,0.0
2001-07-02,0.0
2001-07-03,0.0
2001-07-04,0.0
2001-07-05,0.0
2001-07-06,0.0
2001-07-07,0.0
2001-07-08,0.0
2001-07-09,0.0
2001-07-10,0.0
2001-07-11,0.0
2001-07-12,0.0
2001-07-13,0.0
2001-07-14,0.0
2001-07-15,0.0
2001-07-16,0.0
2001-07-17,0.0
2001-07-18,0.0
2001-07-19,0.0
2001-07-20,0.0
2001-07-21,0.0
2001-07-22,0.0
2001-07-23,0.0
2001-07-24,0.0
2001-07-25,0.0
2001-07-26,0.0
2001-07-27,0.0
2001-07-28,0.0
2001-07-29,0.0
2001-07-30,0.0
2001-07-31,0.0
2001-08-01,0.0
2001-08-02,0.0
2001-08-03,0.0
2001-08-04,0.0
2001-08-05,0.0
2001-08-06,0.0
2001-08-07,0.0
2001-08-08,0.0
2001-08-09,0.0
2001-08-10,0.0
2001-08-11,0.0
2001-08-12,0.0
2001-08-13,0.0
2001-08-14,0.0
2001-08-15,0.0
2001-08-16,0.0
2001-08-17,0.0
2001-08-18,0.0
2001-08-19,0.0
2001-08-20,0.0
2001-08-21,0.0
2001-08-22,0.0
2001-08-23,0.0
2001-08-24,0.0
2001-08-25,0.0
2001-08-26,0.0
2001-08-27,0.0
2001-08-28,0.0
2001-08-29,0.0
2001-08-30,0.0
2001-08-31,0.0
2001-09-01,0.0
2001-09-02,0.0
2001-09-03,0.0
2001-09-04,0.0
2001-09-05,0.0
2001-09-06,0.0
2001-09-07,0.0
2001-09-08,0.0
2001-09-09,0.0
2001-09-10,0.0
2001-09-11,0.0
2001-09-12,0.0
2001-09-13,0.0
2001-09-14,0.0
2001-09-15,0.0
2001-09-16,0.0
2001-09-17,0.0
2001-09-18,0.0
2001-09-19,0.0
2001-09-20,0.0
2001-09-21,0.0
2001-09-22,0.0
2001-09-23,0.0
2001-09-24,0.0
2001-09-25,0.0
2001-09-26,0.0
2001-09-27,0.0
2001-09-28,0.0
2001-09-29,0.0
2001-09-30,0.0
2001-10-01,0.0
2001-10-02,0.0
2001-10-03,0.0
2001-10-04,0.0
2001-10-05,0.0
2001-10-06,0.0
2001-10-07,0.0
2001-10-08,0.0
2001-10-09,0.0
2001-10-10,10.16
2001-10-11,10.16
2001-10-12,15.239999999999998
2001-10-13,12.7
2001-10-14,12.7
2001-10-15,12.7
2001-10-16,7.619999999999999
2001-10-17,10.16
2001-10-18,5.08
2001-10-19,2.54
2001-10-20,2.54
2001-10-21,2.54
2001-10-22,7.619999999999999
2001-10-23,7.619999999999999
2001-10-24,0.0
2001-10-25,0.0
2001-10-26,0.0
2001-10-27,0.0
2001-10-28,5.08
2001-10-29,5.08
2001-10-30,5.08
2001-10-31,5.08
2001-11-01,12.7
2001-11-02,7.619999999999999
2001-11-03,10.16
2001-11-04,10.16
2001-11-05,7.619999999999999
2001-11-06,7.619999999999999
2001-11-07,7.619999999999999
2001-11-08,12.7
2001-11-09,22.86
2001-11-10,22.86
2001-11-11,22.86
2001-11-12,22.86
2001-11-13,22.86
2001-11-14,22.86
2001-11-15,20.32
2001-11-16,15.239999999999998
2001-11-17,12.7
2001-11-18,12.7
2001-11-19,17.779999999999998
2001-11-20,25.4
2001-11-21,27.94
2001-11-22,30.479999999999997
2001-11-23,53.339999999999996
2001-11-24,50.8
2001-11-25,58.419999999999995
2001-11-26,71.11999999999999
2001-11-27,68.58
2001-11-28,66.03999999999999
2001-11-29,68.58
2001-11-30,68.58
2001-12-01,76.19999999999999
2001-12-02,76.19999999999999
2001-12-03,91.44
2001-12-04,93.98
2001-12-05,96.52
2001-12-06,101.6
2001-12-07,104.13999999999999
2001-12-08,106.67999999999999
2001-12-09,109.21999999999998
2001-12-10,109.21999999999998
2001-12-11,111.76
2001-12-12,111.76
2001-12-13,111.76
2001-12-14,111.76
2001-12-15,111.76
2001-12-16,111.76
2001-12-17,111.76
2001-12-18,111.76
2001-12-19,111.76
2001-12-20,111.76
2001-12-21,111.76
2001-12-22,111.76
2001-12-23,111.76
2001-12-24,111.76
2001-12-25,111.76
2001-12-26,111.76
2001-12-27,114.3
2001-12-28,116.83999999999999
2001-12-29,116.83999999999999
2001-12-30,116.83999999999999
2001-12-31,116.83999999999999
2002-01-01,116.83999999999999
2002-01-02,116.83999999999999
2002-01-03,116.83999999999999
2002-01-04,119.38
2002-01-05,119.38
2002-01-06,121.91999999999999
2002-01-07,121.91999999999999
2002-01-08,121.91999999999999
2002-01-09,121.91999999999999
2002-01-10,127.0
2002-01-11,134.61999999999998
2002-01-12,134.61999999999998
2002-01-13,134.61999999999998
2002-01-14,134.61999999999998
2002-01-15,134.61999999999998
2002-01-16,134.61999999999998
2002-01-17,139.7
2002-01-18,139.7
2002-01-19,142.23999999999998
2002-01-20,144.78
2002-01-21,144.78
2002-01-22,147.32
2002-01-23,149.86
2002-01-24,149.86
2002-01-25,149.86
2002-01-26,152.39999999999998
2002-01-27,152.39999999999998
2002-01-28,152.39999999999998
2002-01-29,154.93999999999997
2002-01-30,157.48
2002-01-31,157.48
2002-02-01,157.48
2002-02-02,162.56
2002-02-03,165.1
2002-02-04,165.1
2002-02-05,162.56
2002-02-06,160.01999999999998
2002-02-07,160.01999999999998
2002-02-08,160.01999999999998
2002-02-09,160.01999999999998
2002-02-10,160.01999999999998
2002-02-11,160.01999999999998
2002-02-12,160.01999999999998
2002-02-13,160.01999999999998
2002-02-14,160.01999999999998
2002-02-15,162.56
2002-02-16,165.1
2002-02-17,165.1
2002-02-18,165.1
2002-02-19,167.64
2002-02-20,167.64
2002-02-21,185.42
2002-02-22,185.42
2002-02-23,187.96
2002-02-24,187.96
2002-02-25,190.5
2002-02-26,190.5
2002-02-27,190.5
2002-02-28,190.5
2002-03-01,190.5
2002-03-02,190.5
2002-03-03,190.5
2002-03-04,193.04
2002-03-05,193.04
2002-03-06,193.04
2002-03-07,193.04
2002-03-08,208.27999999999997
2002-03-09,236.22
2002-03-10,238.76
2002-03-11,241.29999999999998
2002-03-12,241.29999999999998
2002-03-13,243.83999999999997
2002-03-14,243.83999999999997
2002-03-15,243.83999999999997
2002-03-16,243.83999999999997
2002-03-17,246.37999999999997
2002-03-18,251.46
2002-03-19,254.0
2002-03-20,254.0
2002-03-21,254.0
2002-03-22,254.0
2002-03-23,251.46
2002-03-24,251.46
2002-03-25,251.46
2002-03-26,256.53999999999996
2002-03-27,256.53999999999996
2002-03-28,256.53999999999996
2002-03-29,254.0
2002-03-30,246.37999999999997
2002-03-31,248.92000000000002
2002-04-01,248.92000000000002
2002-04-02,243.83999999999997
2002-04-03,238.76
2002-04-04,233.67999999999998
2002-04-05,226.06
2002-04-06,215.89999999999998
2002-04-07,210.82
2002-04-08,205.73999999999998
2002-04-09,195.57999999999998
2002-04-10,187.96
2002-04-11,193.04
2002-04-12,195.57999999999998
2002-04-13,195.57999999999998
2002-04-14,187.96
2002-04-15,175.26
2002-04-16,167.64
2002-04-17,165.1
2002-04-18,154.93999999999997
2002-04-19,139.7
2002-04-20,121.91999999999999
2002-04-21,121.91999999999999
2002-04-22,121.91999999999999
2002-04-23,104.13999999999999
2002-04-24,81.28
2002-04-25,55.88
2002-04-26,53.339999999999996
2002-04-27,50.8
2002-04-28,55.88
2002-04-29,38.099999999999994
2002-04-30,35.559999999999995
2002-05-01,20.32
2002-05-02,15.239999999999998
2002-05-03,12.7
2002-05-04,5.08
2002-05-05,0.0
2002-05-06,0.0
2002-05-07,0.0
2002-05-08,0.0
2002-05-09,0.0
2002-05-10,0.0
2002-05-11,0.0
2002-05-12,0.0
2002-05-13,0.0
2002-05-14,0.0
2002-05-15,0.0
2002-05-16,0.0
2002-05-17,0.0
2002-05-18,0.0
2002-05-19,0.0
2002-05-20,0.0
2002-05-21,0.0
2002-05-22,0.0
2002-05-23,0.0
2002-05-24,0.0
2002-05-25,0.0
2002-05-26,0.0
2002-05-27,0.0
2002-05-28,0.0
2002-05-29,0.0
2002-05-30,0.0
2002-05-31,0.0
2002-06-01,0.0
2002-06-02,0.0
2002-06-03,0.0
2002-06-04,0.0
2002-06-05,0.0
2002-06-06,0.0
2002-06-07,0.0
2002-06-08,0.0
2002-06-09,0.0
2002-06-10,0.0
2002-06-11,0.0
2002-06-12,0.0
2002-06-13,0.0
2002-06-14,0.0
2002-06-15,0.0
2002-06-16,0.0
2002-06-17,0.0
2002-06-18,0.0
2002-06-19,0.0
2002-06-20,0.0
2002-06-21,0.0
2002-06-22,0.0
2002-06-23,0.0
2002-06-24,0.0
2002-06-25,0.0
2002-06-26,0.0
2002-06-27,0.0
2002-06-28,0.0
2002-06-29,0.0
2002-06-30,0.0
2002-07-01,0.0
2002-07-02,0.0
2002-07-03,0.0
2002-07-04,0.0
2002-07-05,0.0
2002-07-06,0.0
2002-07-07,0.0
2002-07-08,0.0
2002-07-09,0.0
2002-07-10,0.0
2002-07-11,0.0
2002-07-12,0.0
2002-07-13,0.0
2002-07-14,0.0
2002-07-15,0.0
2002-07-16,0.0
2002-07-17,0.0
2002-07-18,0.0
2002-07-19,0.0
2002-07-20,0.0
2002-07-21,0.0
2002-07-22,0.0
2002-07-23,0.0
2002-07-24,0.0
2002-07-25,0.0
2002-07-26,0.0
2002-07-27,0.0
2002-07-28,0.0
2002-07-29,0.0
2002-07-30,0.0
2002-07-31,0.0
2002-08-01,0.0
2002-08-02,0.0
2002-08-03,0.0
2002-08-04,0.0
2002-08-05,0.0
2002-08-06,0.0
2002-08-07,0.0
2002-08-08,0.0
2002-08-09,0.0
2002-08-10,0.0
2002-08-11,0.0
2002-08-12,0.0
2002-08-13,0.0
2002-08-14,0.0
2002-08-15,0.0
2002-08-16,0.0
2002-08-17,0.0
2002-08-18,0.0
2002-08-19,0.0
2002-08-20,0.0
2002-08-21,0.0
2002-08-22,0.0
2002-08-23,0.0
2002-08-24,0.0
2002-08-25,0.0
2002-08-26,0.0
2002-08-27,0.0
2002-08-28,0.0
2002-08-29,0.0
2002-08-30,0.0
2002-08-31,0.0
2002-09-01,0.0
2002-09-02,0.0
2002-09-03,0.0
2002-09-04,0.0
2002-09-05,0.0
2002-09-06,0.0
2002-09-07,0.0
2002-09-08,0.0
2002-09-09,0.0
2002-09-10,0.0
2002-09-11,0.0
2002-09-12,0.0
2002-09-13,0.0
2002-09-14,0.0
2002-09-15,0.0
2002-09-16,0.0
2002-09-17,0.0
2002-09-18,0.0
2002-09-19,0.0
2002-09-20,0.0
2002-09-21,0.0
2002-09-22,0.0
2002-09-23,0.0
2002-09-24,0.0
2002-09-25,0.0
2002-09-26,0.0
2002-09-27,0.0
2002-09-28,0.0
2002-09-29,0.0
2002-09-30,0.0
2002-10-01,0.0
2002-10-02,0.0
2002-10-03,0.0
2002-10-04,10.16
2002-10-05,7.619999999999999
2002-10-06,2.54
2002-10-07,2.54
2002-10-08,7.619999999999999
2002-10-09,5.08
2002-10-10,0.0
2002-10-11,0.0
2002-10-12,0.0
2002-10-13,0.0
2002-10-14,0.0
2002-10-15,0.0
2002-10-16,0.0
2002-10-17,0.0
2002-10-18,0.0
2002-10-19,0.0
2002-10-20,0.0
2002-10-21,0.0
2002-10-22,0.0
2002-10-23,7.619999999999999
2002-10-24,12.7
2002-10-25,12.7
2002-10-26,17.779999999999998
2002-10-27,17.779999999999998
2002-10-28,22.86
2002-10-29,22.86
2002-10-30,27.94
2002-10-31,27.94
2002-11-01,33.019999999999996
2002-11-02,33.019999999999996
2002-11-03,38.099999999999994
2002-11-04,40.64
2002-11-05,40.64
2002-11-06,40.64
2002-11-07,43.18
2002-11-08,45.72
2002-11-09,60.959999999999994
2002-11-10,91.44
2002-11-11,96.52
2002-11-12,99.05999999999999
2002-11-13,99.05999999999999
2002-11-14,104.13999999999999
2002-11-15,104.13999999999999
2002-11-16,106.67999999999999
2002-11-17,111.76
2002-11-18,111.76
2002-11-19,111.76
2002-11-20,116.83999999999999
2002-11-21,116.83999999999999
2002-11-22,116.83999999999999
2002-11-23,116.83999999999999
2002-11-24,116.83999999999999
2002-11-25,121.91999999999999
2002-11-26,124.46000000000001
2002-11-27,124.46000000000001
2002-11-28,124.46000000000001
2002-11-29,121.91999999999999
2002-11-30,121.91999999999999
2002-12-01,121.91999999999999
2002-12-02,121.91999999999999
2002-12-03,127.0
2002-12-04,127.0
2002-12-05,127.0
2002-12-06,127.0
2002-12-07,124.46000000000001
2002-12-08,124.46000000000001
2002-12-09,124.46000000000001
2002-12-10,137.16
2002-12-11,132.07999999999998
2002-12-12,132.07999999999998
2002-12-13,134.61999999999998
2002-12-14,137.16
2002-12-15,137.16
2002-12-16,127.0
2002-12-17,132.07999999999998
2002-12-18,132.07999999999998
2002-12-19,132.07999999999998
2002-12-20,132.07999999999998
2002-12-21,132.07999999999998
2002-12-22,132.07999999999998
2002-12-23,132.07999999999998
2002-12-24,134.61999999999998
2002-12-25,137.16
2002-12-26,137.16
2002-12-27,137.16
2002-12-28,147.32
2002-12-29,147.32
2002-12-30,147.32
2002-12-31,147.32
2003-01-01,147.32
2003-01-02,147.32
2003-01-03,160.01999999999998
2003-01-04,172.72
2003-01-05,172.72
2003-01-06,172.72
2003-01-07,172.72
2003-01-08,172.72
2003-01-09,172.72
2003-01-10,172.72
2003-01-11,172.72
2003-01-12,172.72
2003-01-13,172.72
2003-01-14,177.79999999999998
2003-01-15,180.33999999999997
2003-01-16,180.33999999999997
2003-01-17,180.33999999999997
2003-01-18,180.33999999999997
2003-01-19,180.33999999999997
2003-01-20,180.33999999999997
2003-01-21,180.33999999999997
2003-01-22,180.33999999999997
2003-01-23,180.33999999999997
2003-01-24,180.33999999999997
2003-01-25,180.33999999999997
2003-01-26,180.33999999999997
2003-01-27,180.33999999999997
2003-01-28,180.33999999999997
2003-01-29,180.33999999999997
2003-01-30,180.33999999999997
2003-01-31,187.96
2003-02-01,187.96
2003-02-02,187.96
2003-02-03,187.96
2003-02-04,193.04
2003-02-05,195.57999999999998
2003-02-06,195.57999999999998
2003-02-07,195.57999999999998
2003-02-08,195.57999999999998
2003-02-09,200.66
2003-02-10,203.2
2003-02-11,205.73999999999998
2003-02-12,205.73999999999998
2003-02-13,210.82
2003-02-14,223.52
2003-02-15,231.14
2003-02-16,231.14
2003-02-17,231.14
2003-02-18,233.67999999999998
2003-02-19,236.22
2003-02-20,236.22
2003-02-21,236.22
2003-02-22,238.76
2003-02-23,241.29999999999998
2003-02-24,243.83999999999997
2003-02-25,246.37999999999997
2003-02-26,259.08
2003-02-27,261.62
2003-02-28,261.62
2003-03-01,266.7
2003-03-02,266.7
2003-03-03,266.7
2003-03-04,269.23999999999995
2003-03-05,269.23999999999995
2003-03-06,271.78
2003-03-07,274.32
2003-03-08,276.86
2003-03-09,292.09999999999997
2003-03-10,294.64
2003-03-11,294.64
2003-03-12,304.79999999999995
2003-03-13,307.34
2003-03-14,307.34
2003-03-15,309.87999999999994
2003-03-16,304.79999999999995
2003-03-17,302.26
2003-03-18,304.79999999999995
2003-03-19,304.79999999999995
2003-03-20,302.26
2003-03-21,314.96
2003-03-22,307.34
2003-03-23,314.96
2003-03-24,320.03999999999996
2003-03-25,322.58
2003-03-26,322.58
2003-03-27,332.73999999999995
2003-03-28,314.96
2003-03-29,309.87999999999994
2003-03-30,320.03999999999996
2003-03-31,332.73999999999995
2003-04-01,340.36
2003-04-02,350.52
2003-04-03,342.9
2003-04-04,332.73999999999995
2003-04-05,327.65999999999997
2003-04-06,332.73999999999995
2003-04-07,337.82
2003-04-08,335.28
2003-04-09,345.44
2003-04-10,340.36
2003-04-11,340.36
2003-04-12,330.2
2003-04-13,330.2
2003-04-14,322.58
2003-04-15,317.5
2003-04-16,312.42
2003-04-17,309.87999999999994
2003-04-18,307.34
2003-04-19,307.34
2003-04-20,304.79999999999995
2003-04-21,302.26
2003-04-22,299.72
2003-04-23,302.26
2003-04-24,309.87999999999994
2003-04-25,320.03999999999996
2003-04-26,314.96
2003-04-27,297.17999999999995
2003-04-28,281.94
2003-04-29,269.23999999999995
2003-04-30,251.46
2003-05-01,236.22
2003-05-02,238.76
2003-05-03,233.67999999999998
2003-05-04,223.52
2003-05-05,241.29999999999998
2003-05-06,246.37999999999997
2003-05-07,246.37999999999997
2003-05-08,246.37999999999997
2003-05-09,254.0
2003-05-10,246.37999999999997
2003-05-11,238.76
2003-05-12,238.76
2003-05-13,223.52
2003-05-14,210.82
2003-05-15,185.42
2003-05-16,177.79999999999998
2003-05-17,149.86
2003-05-18,129.54
2003-05-19,106.67999999999999
2003-05-20,96.52
2003-05-21,68.58
2003-05-22,53.339999999999996
2003-05-23,53.339999999999996
2003-05-24,58.419999999999995
2003-05-25,58.419999999999995
2003-05-26,48.26
2003-05-27,25.4
2003-05-28,0.0
2003-05-29,0.0
2003-05-30,0.0
2003-05-31,0.0
2003-06-01,0.0
2003-06-02,0.0
2003-06-03,0.0
2003-06-04,0.0
2003-06-05,0.0
2003-06-06,0.0
2003-06-07,0.0
2003-06-08,0.0
2003-06-09,0.0
2003-06-10,0.0
2003-06-11,0.0
2003-06-12,0.0
2003-06-13,0.0
2003-06-14,0.0
2003-06-15,0.0
2003-06-16,0.0
2003-06-17,0.0
2003-06-18,0.0
2003-06-19,0.0
2003-06-20,0.0
2003-06-21,0.0
2003-06-22,0.0
2003-06-23,0.0
2003-06-24,0.0
2003-06-25,0.0
2003-06-26,0.0
2003-06-27,0.0
2003-06-28,0.0
2003-06-29,0.0
2003-06-30,0.0
2003-07-01,0.0
2003-07-02,0.0
2003-07-03,0.0
2003-07-04,0.0
2003-07-05,0.0
2003-07-06,0.0
2003-07-07,0.0
2003-07-08,0.0
2003-07-09,0.0
2003-07-10,0.0
2003-07-11,0.0
2003-07-12,0.0
2003-07-13,0.0
2003-07-14,0.0
2003-07-15,0.0
2003-07-16,0.0
2003-07-17,0.0
2003-07-18,0.0
2003-07-19,0.0
2003-07-20,0.0
2003-07-21,0.0
2003-07-22,0.0
2003-07-23,0.0
2003-07-24,0.0
2003-07-25,0.0
2003-07-26,0.0
2003-07-27,0.0
2003-07-28,0.0
2003-07-29,0.0
2003-07-30,0.0
2003-07-31,0.0
2003-08-01,0.0
2003-08-02,0.0
2003-08-03,0.0
2003-08-04,0.0
2003-08-05,0.0
2003-08-06,0.0
2003-08-07,0.0
2003-08-08,0.0
2003-08-09,0.0
2003-08-10,0.0
2003-08-11,0.0
2003-08-12,0.0
2003-08-13,0.0
2003-08-14,0.0
2003-08-15,0.0
2003-08-16,0.0
2003-08-17,0.0
2003-08-18,0.0
2003-08-19,0.0
2003-08-20,0.0
2003-08-21,0.0
2003-08-22,0.0
2003-08-23,0.0
2003-08-24,0.0
2003-08-25,0.0
2003-08-26,0.0
2003-08-27,0.0
2003-08-28,0.0
2003-08-29,0.0
2003-08-30,0.0
2003-08-31,0.0
2003-09-01,0.0
2003-09-02,0.0
2003-09-03,0.0
2003-09-04,0.0
2003-09-05,0.0
2003-09-06,0.0
2003-09-07,0.0
2003-09-08,0.0
2003-09-09,0.0
2003-09-10,0.0
2003-09-11,0.0
2003-09-12,0.0
2003-09-13,0.0
2003-09-14,0.0
2003-09-15,0.0
2003-09-16,0.0
2003-09-17,0.0
2003-09-18,0.0
2003-09-19,0.0
2003-09-20,0.0
2003-09-21,0.0
2003-09-22,0.0
2003-09-23,0.0
2003-09-24,0.0
2003-09-25,0.0
2003-09-26,0.0
2003-09-27,0.0
2003-09-28,0.0
2003-09-29,0.0
2003-09-30,0.0
2003-10-01,0.0
2003-10-02,0.0
2003-10-03,0.0
2003-10-04,0.0
2003-10-05,0.0
2003-10-06,0.0
2003-10-07,0.0
2003-10-08,0.0
2003-10-09,0.0
2003-10-10,0.0
2003-10-11,0.0
2003-10-12,0.0
2003-10-13,0.0
2003-10-14,0.0
2003-10-15,0.0
2003-10-16,0.0
2003-10-17,0.0
2003-10-18,0.0
2003-10-19,0.0
2003-10-20,0.0
2003-10-21,0.0
2003-10-22,0.0
2003-10-23,0.0
2003-10-24,0.0
2003-10-25,0.0
2003-10-26,0.0
2003-10-27,0.0
2003-10-28,0.0
2003-10-29,0.0
2003-10-30,0.0
2003-10-31,0.0
2003-11-01,0.0
2003-11-02,0.0
2003-11-03,10.16
2003-11-04,10.16
2003-11-05,12.7
2003-11-06,12.7
2003-11-07,15.239999999999998
2003-11-08,17.779999999999998
2003-11-09,17.779999999999998
2003-11-10,25.4
2003-11-11,33.019999999999996
2003-11-12,33.019999999999996
2003-11-13,38.099999999999994
2003-11-14,40.64
2003-11-15,50.8
2003-11-16,50.8
2003-11-17,53.339999999999996
2003-11-18,60.959999999999994
2003-11-19,60.959999999999994
2003-11-20,60.959999999999994
2003-11-21,60.959999999999994
2003-11-22,60.959999999999994
2003-11-23,60.959999999999994
2003-11-24,60.959999999999994
2003-11-25,63.5
2003-11-26,66.03999999999999
2003-11-27,73.66
2003-11-28,73.66
2003-11-29,76.19999999999999
2003-11-30,76.19999999999999
2003-12-01,76.19999999999999
2003-12-02,76.19999999999999
2003-12-03,76.19999999999999
2003-12-04,76.19999999999999
2003-12-05,76.19999999999999
2003-12-06,76.19999999999999
2003-12-07,76.19999999999999
2003-12-08,83.82
2003-12-09,96.52
2003-12-10,96.52
2003-12-11,99.05999999999999
2003-12-12,99.05999999999999
2003-12-13,99.05999999999999
2003-12-14,104.13999999999999
2003-12-15,109.21999999999998
2003-12-16,114.3
2003-12-17,114.3
2003-12-18,116.83999999999999
2003-12-19,116.83999999999999
2003-12-20,116.83999999999999
2003-12-21,116.83999999999999
2003-12-22,124.46000000000001
2003-12-23,124.46000000000001
2003-12-24,124.46000000000001
2003-12-25,127.0
2003-12-26,129.54
2003-12-27,137.16
2003-12-28,139.7
2003-12-29,139.7
2003-12-30,144.78
2003-12-31,157.48
2004-01-01,157.48
2004-01-02,167.64
2004-01-03,187.96
2004-01-04,203.2
2004-01-05,200.66
2004-01-06,203.2
2004-01-07,208.27999999999997
2004-01-08,213.35999999999999
2004-01-09,213.35999999999999
2004-01-10,213.35999999999999
2004-01-11,213.35999999999999
2004-01-12,213.35999999999999
2004-01-13,213.35999999999999
2004-01-14,213.35999999999999
2004-01-15,213.35999999999999
2004-01-16,215.89999999999998
2004-01-17,213.35999999999999
2004-01-18,213.35999999999999
2004-01-19,213.35999999999999
2004-01-20,215.89999999999998
2004-01-21,223.52
2004-01-22,215.89999999999998
2004-01-23,215.89999999999998
2004-01-24,218.43999999999997
2004-01-25,218.43999999999997
2004-01-26,218.43999999999997
2004-01-27,218.43999999999997
2004-01-28,223.52
2004-01-29,223.52
2004-01-30,228.6
2004-01-31,228.6
2004-02-01,228.6
2004-02-02,228.6
2004-02-03,233.67999999999998
2004-02-04,233.67999999999998
2004-02-05,251.46
2004-02-06,251.46
2004-02-07,251.46
2004-02-08,251.46
2004-02-09,251.46
2004-02-10,256.53999999999996
2004-02-11,259.08
2004-02-12,261.62
2004-02-13,261.62
2004-02-14,261.62
2004-02-15,264.15999999999997
2004-02-16,264.15999999999997
2004-02-17,264.15999999999997
2004-02-18,266.7
2004-02-19,266.7
2004-02-20,266.7
2004-02-21,266.7
2004-02-22,269.23999999999995
2004-02-23,269.23999999999995
2004-02-24,269.23999999999995
2004-02-25,269.23999999999995
2004-02-26,269.23999999999995
2004-02-27,276.86
2004-02-28,276.86
2004-02-29,276.86
2004-03-01,276.86
2004-03-02,276.86
2004-03-03,281.94
2004-03-04,284.47999999999996
2004-03-05,284.47999999999996
2004-03-06,284.47999999999996
2004-03-07,289.56
2004-03-08,292.09999999999997
2004-03-09,294.64
2004-03-10,294.64
2004-03-11,294.64
2004-03-12,294.64
2004-03-13,294.64
2004-03-14,294.64
2004-03-15,294.64
2004-03-16,294.64
2004-03-17,294.64
2004-03-18,294.64
2004-03-19,294.64
2004-03-20,294.64
2004-03-21,292.09999999999997
2004-03-22,292.09999999999997
2004-03-23,292.09999999999997
2004-03-24,292.09999999999997
2004-03-25,289.56
2004-03-26,287.02
2004-03-27,284.47999999999996
2004-03-28,284.47999999999996
2004-03-29,284.47999999999996
2004-03-30,292.09999999999997
2004-03-31,289.56
2004-04-01,284.47999999999996
2004-04-02,279.4
2004-04-03,271.78
2004-04-04,271.78
2004-04-05,279.4
2004-04-06,281.94
2004-04-07,281.94
2004-04-08,289.56
2004-04-09,287.02
2004-04-10,294.64
2004-04-11,299.72
2004-04-12,304.79999999999995
2004-04-13,304.79999999999995
2004-04-14,302.26
2004-04-15,294.64
2004-04-16,284.47999999999996
2004-04-17,271.78
2004-04-18,264.15999999999997
2004-04-19,251.46
2004-04-20,251.46
2004-04-21,243.83999999999997
2004-04-22,248.92000000000002
2004-04-23,269.23999999999995
2004-04-24,266.7
2004-04-25,271.78
2004-04-26,271.78
2004-04-27,261.62
2004-04-28,241.29999999999998
2004-04-29,233.67999999999998
2004-04-30,223.52
2004-05-01,226.06
2004-05-02,215.89999999999998
2004-05-03,198.11999999999998
2004-05-04,172.72
2004-05-05,152.39999999999998
2004-05-06,127.0
2004-05-07,104.13999999999999
2004-05-08,71.11999999999999
2004-05-09,45.72
2004-05-10,33.019999999999996
2004-05-11,20.32
2004-05-12,0.0
2004-05-13,0.0
2004-05-14,0.0
2004-05-15,0.0
2004-05-16,0.0
2004-05-17,0.0
2004-05-18,0.0
2004-05-19,0.0
2004-05-20,0.0
2004-05-21,0.0
2004-05-22,0.0
2004-05-23,0.0
2004-05-24,0.0
2004-05-25,0.0
2004-05-26,0.0
2004-05-27,0.0
2004-05-28,0.0
2004-05-29,0.0
2004-05-30,0.0
2004-05-31,0.0
2004-06-01,0.0
2004-06-02,0.0
2004-06-03,0.0
2004-06-04,0.0
2004-06-05,0.0
2004-06-06,0.0
2004-06-07,0.0
2004-06-08,0.0
2004-06-09,0.0
2004-06-10,0.0
2004-06-11,0.0
2004-06-12,0.0
2004-06-13,0.0
2004-06-14,0.0
2004-06-15,0.0
2004-06-16,0.0
2004-06-17,0.0
2004-06-18,0.0
2004-06-19,0.0
2004-06-20,0.0
2004-06-21,0.0
2004-06-22,0.0
2004-06-23,0.0
2004-06-24,0.0
2004-06-25,0.0
2004-06-26,0.0
2004-06-27,0.0
2004-06-28,0.0
2004-06-29,0.0
2004-06-30,0.0
2004-07-01,0.0
2004-07-02,0.0
2004-07-03,0.0
2004-07-04,0.0
2004-07-05,0.0
2004-07-06,0.0
2004-07-07,0.0
2004-07-08,0.0
2004-07-09,0.0
2004-07-10,0.0
2004-07-11,0.0
2004-07-12,0.0
2004-07-13,0.0
2004-07-14,0.0
2004-07-15,0.0
2004-07-16,0.0
2004-07-17,0.0
2004-07-18,0.0
2004-07-19,0.0
2004-07-20,0.0
2004-07-21,0.0
2004-07-22,0.0
2004-07-23,0.0
2004-07-24,0.0
2004-07-25,0.0
2004-07-26,0.0
2004-07-27,0.0
2004-07-28,0.0
2004-07-29,0.0
2004-07-30,0.0
2004-07-31,0.0
2004-08-01,0.0
2004-08-02,0.0
2004-08-03,0.0
2004-08-04,0.0
2004-08-05,0.0
2004-08-06,0.0
2004-08-07,0.0
2004-08-08,0.0
2004-08-09,0.0
2004-08-10,0.0
2004-08-11,0.0
2004-08-12,0.0
2004-08-13,0.0
2004-08-14,0.0
2004-08-15,0.0
2004-08-16,0.0
2004-08-17,0.0
2004-08-18,0.0
2004-08-19,0.0
2004-08-20,0.0
2004-08-21,0.0
2004-08-22,0.0
2004-08-23,0.0
2004-08-24,0.0
2004-08-25,0.0
2004-08-26,0.0
2004-08-27,0.0
2004-08-28,0.0
2004-08-29,0.0
2004-08-30,0.0
2004-08-31,0.0
2004-09-01,0.0
2004-09-02,0.0
2004-09-03,0.0
2004-09-04,0.0
2004-09-05,0.0
2004-09-06,0.0
2004-09-07,0.0
2004-09-08,0.0
2004-09-09,0.0
2004-09-10,0.0
2004-09-11,0.0
2004-09-12,0.0
2004-09-13,0.0
2004-09-14,0.0
2004-09-15,0.0
2004-09-16,0.0
2004-09-17,0.0
2004-09-18,0.0
2004-09-19,0.0
2004-09-20,0.0
2004-09-21,0.0
2004-09-22,0.0
2004-09-23,0.0
2004-09-24,0.0
2004-09-25,0.0
2004-09-26,0.0
2004-09-27,0.0
2004-09-28,0.0
2004-09-29,0.0
2004-09-30,0.0
2004-10-01,0.0
2004-10-02,0.0
2004-10-03,0.0
2004-10-04,0.0
2004-10-05,0.0
2004-10-06,0.0
2004-10-07,0.0
2004-10-08,0.0
2004-10-09,0.0
2004-10-10,0.0
2004-10-11,0.0
2004-10-12,0.0
2004-10-13,0.0
2004-10-14,0.0
2004-10-15,0.0
2004-10-16,0.0
2004-10-17,0.0
2004-10-18,0.0
2004-10-19,0.0
2004-10-20,0.0
2004-10-21,0.0
2004-10-22,0.0
2004-10-23,0.0
2004-10-24,0.0
2004-10-25,0.0
2004-10-26,0.0
2004-10-27,0.0
2004-10-28,0.0
2004-10-29,7.619999999999999
2004-10-30,15.239999999999998
2004-10-31,10.16
2004-11-01,15.239999999999998
2004-11-02,15.239999999999998
2004-11-03,15.239999999999998
2004-11-04,15.239999999999998
2004-11-05,15.239999999999998
2004-11-06,12.7
2004-11-07,12.7
2004-11-08,15.239999999999998
2004-11-09,20.32
2004-11-10,30.479999999999997
2004-11-11,30.479999999999997
2004-11-12,33.019999999999996
2004-11-13,35.559999999999995
2004-11-14,35.559999999999995
2004-11-15,33.019999999999996
2004-11-16,25.4
2004-11-17,22.86
2004-11-18,25.4
2004-11-19,20.32
2004-11-20,17.779999999999998
2004-11-21,25.4
2004-11-22,33.019999999999996
2004-11-23,33.019999999999996
2004-11-24,33.019999999999996
2004-11-25,30.479999999999997
2004-11-26,33.019999999999996
2004-11-27,45.72
2004-11-28,83.82
2004-11-29,88.89999999999999
2004-11-30,88.89999999999999
2004-12-01,91.44
2004-12-02,91.44
2004-12-03,93.98
2004-12-04,93.98
2004-12-05,99.05999999999999
2004-12-06,99.05999999999999
2004-12-07,99.05999999999999
2004-12-08,99.05999999999999
2004-12-09,101.6
2004-12-10,106.67999999999999
2004-12-11,106.67999999999999
2004-12-12,106.67999999999999
2004-12-13,106.67999999999999
2004-12-14,106.67999999999999
2004-12-15,106.67999999999999
2004-12-16,106.67999999999999
2004-12-17,106.67999999999999
2004-12-18,106.67999999999999
2004-12-19,106.67999999999999
2004-12-20,109.21999999999998
2004-12-21,109.21999999999998
2004-12-22,109.21999999999998
2004-12-23,109.21999999999998
2004-12-24,109.21999999999998
2004-12-25,109.21999999999998
2004-12-26,109.21999999999998
2004-12-27,111.76
2004-12-28,111.76
2004-12-29,114.3
2004-12-30,134.61999999999998
2004-12-31,137.16
2005-01-01,144.78
2005-01-02,147.32
2005-01-03,147.32
2005-01-04,157.48
2005-01-05,165.1
2005-01-06,165.1
2005-01-07,167.64
2005-01-08,172.72
2005-01-09,203.2
2005-01-10,228.6
2005-01-11,254.0
2005-01-12,274.32
2005-01-13,274.32
2005-01-14,274.32
2005-01-15,274.32
2005-01-16,279.4
2005-01-17,281.94
2005-01-18,284.47999999999996
2005-01-19,289.56
2005-01-20,289.56
2005-01-21,289.56
2005-01-22,289.56
2005-01-23,289.56
2005-01-24,289.56
2005-01-25,289.56
2005-01-26,289.56
2005-01-27,294.64
2005-01-28,297.17999999999995
2005-01-29,292.09999999999997
2005-01-30,294.64
2005-01-31,294.64
2005-02-01,294.64
2005-02-02,292.09999999999997
2005-02-03,294.64
2005-02-04,297.17999999999995
2005-02-05,297.17999999999995
2005-02-06,297.17999999999995
2005-02-07,297.17999999999995
2005-02-08,307.34
2005-02-09,307.34
2005-02-10,304.79999999999995
2005-02-11,309.87999999999994
2005-02-12,314.96
2005-02-13,314.96
2005-02-14,312.42
2005-02-15,317.5
2005-02-16,322.58
2005-02-17,335.28
2005-02-18,335.28
2005-02-19,342.9
2005-02-20,358.14
2005-02-21,368.29999999999995
2005-02-22,370.84
2005-02-23,375.92
2005-02-24,381.0
2005-02-25,381.0
2005-02-26,383.53999999999996
2005-02-27,386.08
2005-02-28,386.08
2005-03-01,388.62
2005-03-02,393.7
2005-03-03,393.7
2005-03-04,393.7
2005-03-05,396.23999999999995
2005-03-06,396.23999999999995
2005-03-07,396.23999999999995
2005-03-08,396.23999999999995
2005-03-09,396.23999999999995
2005-03-10,398.78
2005-03-11,398.78
2005-03-12,398.78
2005-03-13,398.78
2005-03-14,393.7
2005-03-15,393.7
2005-03-16,391.15999999999997
2005-03-17,393.7
2005-03-18,396.23999999999995
2005-03-19,396.23999999999995
2005-03-20,398.78
2005-03-21,408.94
2005-03-22,408.94
2005-03-23,411.47999999999996
2005-03-24,421.64
2005-03-25,444.5
2005-03-26,449.58
2005-03-27,449.58
2005-03-28,452.12
2005-03-29,457.2
2005-03-30,452.12
2005-03-31,457.2
2005-04-01,454.6599999999999
2005-04-02,457.2
2005-04-03,459.74
2005-04-04,457.2
2005-04-05,459.74
2005-04-06,457.2
2005-04-07,459.74
2005-04-08,447.04
2005-04-09,452.12
2005-04-10,454.6599999999999
2005-04-11,459.74
2005-04-12,464.82
2005-04-13,454.6599999999999
2005-04-14,449.58
2005-04-15,439.42
2005-04-16,436.87999999999994
2005-04-17,424.17999999999995
2005-04-18,411.47999999999996
2005-04-19,401.32
2005-04-20,391.15999999999997
2005-04-21,383.53999999999996
2005-04-22,381.0
2005-04-23,373.37999999999994
2005-04-24,358.14
2005-04-25,373.37999999999994
2005-04-26,375.92
2005-04-27,370.84
2005-04-28,375.92
2005-04-29,383.53999999999996
2005-04-30,388.62
2005-05-01,391.15999999999997
2005-05-02,393.7
2005-05-03,388.62
2005-05-04,378.46
2005-05-05,365.76
2005-05-06,360.67999999999995
2005-05-07,347.97999999999996
2005-05-08,375.92
2005-05-09,378.46
2005-05-10,370.84
2005-05-11,358.14
2005-05-12,350.52
2005-05-13,347.97999999999996
2005-05-14,337.82
2005-05-15,320.03999999999996
2005-05-16,294.64
2005-05-17,271.78
2005-05-18,256.53999999999996
2005-05-19,231.14
2005-05-20,205.73999999999998
2005-05-21,172.72
2005-05-22,137.16
2005-05-23,101.6
2005-05-24,60.959999999999994
2005-05-25,30.479999999999997
2005-05-26,5.08
2005-05-27,0.0
2005-05-28,0.0
2005-05-29,0.0
2005-05-30,0.0
2005-05-31,0.0
2005-06-01,0.0
2005-06-02,0.0
2005-06-03,0.0
2005-06-04,0.0
2005-06-05,0.0
2005-06-06,0.0
2005-06-07,0.0
2005-06-08,0.0
2005-06-09,0.0
2005-06-10,0.0
2005-06-11,0.0
2005-06-12,0.0
2005-06-13,0.0
2005-06-14,0.0
2005-06-15,0.0
2005-06-16,0.0
2005-06-17,0.0
2005-06-18,0.0
2005-06-19,0.0
2005-06-20,0.0
2005-06-21,0.0
2005-06-22,0.0
2005-06-23,0.0
2005-06-24,0.0
2005-06-25,0.0
2005-06-26,0.0
2005-06-27,0.0
2005-06-28,0.0
2005-06-29,0.0
2005-06-30,0.0
2005-07-01,0.0
2005-07-02,0.0
2005-07-03,0.0
2005-07-04,0.0
2005-07-05,0.0
2005-07-06,0.0
2005-07-07,0.0
2005-07-08,0.0
2005-07-09,0.0
2005-07-10,0.0
2005-07-11,0.0
2005-07-12,0.0
2005-07-13,0.0
2005-07-14,0.0
2005-07-15,0.0
2005-07-16,0.0
2005-07-17,0.0
2005-07-18,0.0
2005-07-19,0.0
2005-07-20,0.0
2005-07-21,0.0
2005-07-22,0.0
2005-07-23,0.0
2005-07-24,0.0
2005-07-25,0.0
2005-07-26,0.0
2005-07-27,0.0
2005-07-28,0.0
2005-07-29,0.0
2005-07-30,0.0
2005-07-31,0.0
2005-08-01,0.0
2005-08-02,0.0
2005-08-03,0.0
2005-08-04,0.0
2005-08-05,0.0
2005-08-06,0.0
2005-08-07,0.0
2005-08-08,0.0
2005-08-09,0.0
2005-08-10,0.0
2005-08-11,0.0
2005-08-12,0.0
2005-08-13,0.0
2005-08-14,0.0
2005-08-15,0.0
2005-08-16,0.0
2005-08-17,0.0
2005-08-18,0.0
2005-08-19,0.0
2005-08-20,0.0
2005-08-21,0.0
2005-08-22,0.0
2005-08-23,0.0
2005-08-24,0.0
2005-08-25,0.0
2005-08-26,0.0
2005-08-27,0.0
2005-08-28,0.0
2005-08-29,0.0
2005-08-30,0.0
2005-08-31,0.0
2005-09-01,0.0
2005-09-02,0.0
2005-09-03,0.0
2005-09-04,0.0
2005-09-05,0.0
2005-09-06,0.0
2005-09-07,0.0
2005-09-08,0.0
2005-09-09,0.0
2005-09-10,0.0
2005-09-11,0.0
2005-09-12,0.0
2005-09-13,0.0
2005-09-14,0.0
2005-09-15,0.0
2005-09-16,0.0
2005-09-17,0.0
2005-09-18,0.0
2005-09-19,0.0
2005-09-20,0.0
2005-09-21,0.0
2005-09-22,0.0
2005-09-23,0.0
2005-09-24,0.0
2005-09-25,0.0
2005-09-26,0.0
2005-09-27,0.0
2005-09-28,0.0
2005-09-29,0.0
2005-09-30,0.0
2005-10-01,0.0
2005-10-02,0.0
2005-10-03,0.0
2005-10-04,0.0
2005-10-05,0.0
2005-10-06,0.0
2005-10-07,0.0
2005-10-08,0.0
2005-10-09,0.0
2005-10-10,0.0
2005-10-11,0.0
2005-10-12,0.0
2005-10-13,0.0
2005-10-14,0.0
2005-10-15,0.0
2005-10-16,0.0
2005-10-17,0.0
2005-10-18,0.0
2005-10-19,0.0
2005-10-20,0.0
2005-10-21,0.0
2005-10-22,0.0
2005-10-23,0.0
2005-10-24,0.0
2005-10-25,0.0
2005-10-26,0.0
2005-10-27,0.0
2005-10-28,0.0
2005-10-29,0.0
2005-10-30,10.16
2005-10-31,17.779999999999998
2005-11-01,15.239999999999998
2005-11-02,17.779999999999998
2005-11-03,17.779999999999998
2005-11-04,17.779999999999998
2005-11-05,17.779999999999998
2005-11-06,17.779999999999998
2005-11-07,20.32
2005-11-08,17.779999999999998
2005-11-09,17.779999999999998
2005-11-10,15.239999999999998
2005-11-11,15.239999999999998
2005-11-12,22.86
2005-11-13,27.94
2005-11-14,43.18
2005-11-15,55.88
2005-11-16,55.88
2005-11-17,58.419999999999995
2005-11-18,55.88
2005-11-19,60.959999999999994
2005-11-20,58.419999999999995
2005-11-21,60.959999999999994
2005-11-22,63.5
2005-11-23,63.5
2005-11-24,55.88
2005-11-25,55.88
2005-11-26,55.88
2005-11-27,63.5
2005-11-28,63.5
2005-11-29,63.5
2005-11-30,76.19999999999999
2005-12-01,81.28
2005-12-02,93.98
2005-12-03,111.76
2005-12-04,119.38
2005-12-05,121.91999999999999
2005-12-06,121.91999999999999
2005-12-07,129.54
2005-12-08,129.54
2005-12-09,132.07999999999998
2005-12-10,137.16
2005-12-11,139.7
2005-12-12,139.7
2005-12-13,139.7
2005-12-14,154.93999999999997
2005-12-15,152.39999999999998
2005-12-16,152.39999999999998
2005-12-17,152.39999999999998
2005-12-18,154.93999999999997
2005-12-19,160.01999999999998
2005-12-20,172.72
2005-12-21,172.72
2005-12-22,175.26
2005-12-23,175.26
2005-12-24,177.79999999999998
2005-12-25,177.79999999999998
2005-12-26,177.79999999999998
2005-12-27,182.88
2005-12-28,182.88
2005-12-29,185.42
2005-12-30,187.96
2005-12-31,195.57999999999998
2006-01-01,203.2
2006-01-02,213.35999999999999
2006-01-03,215.89999999999998
2006-01-04,226.06
2006-01-05,231.14
2006-01-06,228.6
2006-01-07,228.6
2006-01-08,228.6
2006-01-09,233.67999999999998
2006-01-10,233.67999999999998
2006-01-11,233.67999999999998
2006-01-12,238.76
2006-01-13,243.83999999999997
2006-01-14,246.37999999999997
2006-01-15,246.37999999999997
2006-01-16,251.46
2006-01-17,248.92000000000002
2006-01-18,251.46
2006-01-19,254.0
2006-01-20,259.08
2006-01-21,259.08
2006-01-22,259.08
2006-01-23,259.08
2006-01-24,259.08
2006-01-25,261.62
2006-01-26,266.7
2006-01-27,271.78
2006-01-28,274.32
2006-01-29,279.4
2006-01-30,287.02
2006-01-31,289.56
2006-02-01,289.56
2006-02-02,294.64
2006-02-03,302.26
2006-02-04,302.26
2006-02-05,304.79999999999995
2006-02-06,302.26
2006-02-07,304.79999999999995
2006-02-08,304.79999999999995
2006-02-09,304.79999999999995
2006-02-10,304.79999999999995
2006-02-11,302.26
2006-02-12,302.26
2006-02-13,304.79999999999995
2006-02-14,304.79999999999995
2006-02-15,312.42
2006-02-16,317.5
2006-02-17,314.96
2006-02-18,320.03999999999996
2006-02-19,320.03999999999996
2006-02-20,322.58
2006-02-21,325.12
2006-02-22,325.12
2006-02-23,325.12
2006-02-24,322.58
2006-02-25,325.12
2006-02-26,325.12
2006-02-27,327.65999999999997
2006-02-28,327.65999999999997
2006-03-01,330.2
2006-03-02,330.2
2006-03-03,330.2
2006-03-04,330.2
2006-03-05,327.65999999999997
2006-03-06,327.65999999999997
2006-03-07,330.2
2006-03-08,327.65999999999997
2006-03-09,330.2
2006-03-10,340.36
2006-03-11,342.9
2006-03-12,347.97999999999996
2006-03-13,353.06
2006-03-14,358.14
2006-03-15,358.14
2006-03-16,360.67999999999995
2006-03-17,363.21999999999997
2006-03-18,363.21999999999997
2006-03-19,368.29999999999995
2006-03-20,365.76
2006-03-21,368.29999999999995
2006-03-22,370.84
2006-03-23,370.84
2006-03-24,370.84
2006-03-25,373.37999999999994
2006-03-26,375.92
2006-03-27,375.92
2006-03-28,375.92
2006-03-29,378.46
2006-03-30,381.0
2006-03-31,386.08
2006-04-01,386.08
2006-04-02,391.15999999999997
2006-04-03,393.7
2006-04-04,398.78
2006-04-05,396.23999999999995
2006-04-06,393.7
2006-04-07,416.55999999999995
2006-04-08,416.55999999999995
2006-04-09,414.02
2006-04-10,408.94
2006-04-11,401.32
2006-04-12,401.32
2006-04-13,393.7
2006-04-14,381.0
2006-04-15,370.84
2006-04-16,375.92
2006-04-17,368.29999999999995
2006-04-18,353.06
2006-04-19,347.97999999999996
2006-04-20,337.82
2006-04-21,325.12
2006-04-22,314.96
2006-04-23,299.72
2006-04-24,276.86
2006-04-25,269.23999999999995
2006-04-26,264.15999999999997
2006-04-27,243.83999999999997
2006-04-28,223.52
2006-04-29,210.82
2006-04-30,190.5
2006-05-01,177.79999999999998
2006-05-02,157.48
2006-05-03,139.7
2006-05-04,124.46000000000001
2006-05-05,104.13999999999999
2006-05-06,91.44
2006-05-07,73.66
2006-05-08,55.88
2006-05-09,40.64
2006-05-10,27.94
2006-05-11,12.7
2006-05-12,7.619999999999999
2006-05-13,0.0
2006-05-14,0.0
2006-05-15,0.0
2006-05-16,0.0
2006-05-17,0.0
2006-05-18,0.0
2006-05-19,0.0
2006-05-20,0.0
2006-05-21,0.0
2006-05-22,0.0
2006-05-23,0.0
2006-05-24,0.0
2006-05-25,0.0
2006-05-26,0.0
2006-05-27,0.0
2006-05-28,0.0
2006-05-29,0.0
2006-05-30,0.0
2006-05-31,0.0
2006-06-01,0.0
2006-06-02,0.0
2006-06-03,0.0
2006-06-04,0.0
2006-06-05,0.0
2006-06-06,0.0
2006-06-07,0.0
2006-06-08,0.0
2006-06-09,0.0
2006-06-10,0.0
2006-06-11,0.0
2006-06-12,0.0
2006-06-13,0.0
2006-06-14,0.0
2006-06-15,0.0
2006-06-16,0.0
2006-06-17,0.0
2006-06-18,0.0
2006-06-19,0.0
2006-06-20,0.0
2006-06-21,0.0
2006-06-22,0.0
2006-06-23,0.0
2006-06-24,0.0
2006-06-25,0.0
2006-06-26,0.0
2006-06-27,0.0
2006-06-28,0.0
2006-06-29,0.0
2006-06-30,0.0
2006-07-01,0.0
2006-07-02,0.0
2006-07-03,0.0
2006-07-04,0.0
2006-07-05,0.0
2006-07-06,0.0
2006-07-07,0.0
2006-07-08,0.0
2006-07-09,0.0
2006-07-10,0.0
2006-07-11,0.0
2006-07-12,0.0
2006-07-13,0.0
2006-07-14,0.0
2006-07-15,0.0
2006-07-16,0.0
2006-07-17,0.0
2006-07-18,0.0
2006-07-19,0.0
2006-07-20,0.0
2006-07-21,0.0
2006-07-22,0.0
2006-07-23,0.0
2006-07-24,0.0
2006-07-25,0.0
2006-07-26,0.0
2006-07-27,0.0
2006-07-28,0.0
2006-07-29,0.0
2006-07-30,0.0
2006-07-31,0.0
2006-08-01,0.0
2006-08-02,0.0
2006-08-03,0.0
2006-08-04,0.0
2006-08-05,0.0
2006-08-06,0.0
2006-08-07,0.0
2006-08-08,0.0
2006-08-09,0.0
2006-08-10,0.0
2006-08-11,0.0
2006-08-12,0.0
2006-08-13,0.0
2006-08-14,0.0
2006-08-15,0.0
2006-08-16,0.0
2006-08-17,0.0
2006-08-18,0.0
2006-08-19,0.0
2006-08-20,0.0
2006-08-21,0.0
2006-08-22,0.0
2006-08-23,0.0
2006-08-24,0.0
2006-08-25,0.0
2006-08-26,0.0
2006-08-27,0.0
2006-08-28,0.0
2006-08-29,0.0
2006-08-30,0.0
2006-08-31,0.0
2006-09-01,0.0
2006-09-02,0.0
2006-09-03,0.0
2006-09-04,0.0
2006-09-05,0.0
2006-09-06,0.0
2006-09-07,0.0
2006-09-08,0.0
2006-09-09,0.0
2006-09-10,0.0
2006-09-11,0.0
2006-09-12,0.0
2006-09-13,0.0
2006-09-14,0.0
2006-09-15,0.0
2006-09-16,0.0
2006-09-17,0.0
2006-09-18,0.0
2006-09-19,0.0
2006-09-20,0.0
2006-09-21,0.0
2006-09-22,0.0
2006-09-23,12.7
2006-09-24,10.16
2006-09-25,12.7
2006-09-26,0.0
2006-09-27,0.0
2006-09-28,0.0
2006-09-29,0.0
2006-09-30,0.0
2006-10-01,0.0
2006-10-02,0.0
2006-10-03,0.0
2006-10-04,0.0
2006-10-05,0.0
2006-10-06,0.0
2006-10-07,0.0
2006-10-08,0.0
2006-10-09,0.0
2006-10-10,0.0
2006-10-11,12.7
2006-10-12,7.619999999999999
2006-10-13,7.619999999999999
2006-10-14,5.08
2006-10-15,12.7
2006-10-16,10.16
2006-10-17,17.779999999999998
2006-10-18,22.86
2006-10-19,20.32
2006-10-20,22.86
2006-10-21,35.559999999999995
2006-10-22,35.559999999999995
2006-10-23,33.019999999999996
2006-10-24,35.559999999999995
2006-10-25,35.559999999999995
2006-10-26,38.099999999999994
2006-10-27,38.099999999999994
2006-10-28,38.099999999999994
2006-10-29,38.099999999999994
2006-10-30,40.64
2006-10-31,38.099999999999994
2006-11-01,38.099999999999994
2006-11-02,38.099999999999994
2006-11-03,43.18
2006-11-04,40.64
2006-11-05,40.64
2006-11-06,43.18
2006-11-07,40.64
2006-11-08,40.64
2006-11-09,38.099999999999994
2006-11-10,38.099999999999994
2006-11-11,43.18
2006-11-12,50.8
2006-11-13,50.8
2006-11-14,55.88
2006-11-15,78.74
2006-11-16,78.74
2006-11-17,81.28
2006-11-18,81.28
2006-11-19,78.74
2006-11-20,78.74
2006-11-21,81.28
2006-11-22,81.28
2006-11-23,81.28
2006-11-24,78.74
2006-11-25,86.36
2006-11-26,83.82
2006-11-27,81.28
2006-11-28,88.89999999999999
2006-11-29,99.05999999999999
2006-11-30,93.98
2006-12-01,99.05999999999999
2006-12-02,104.13999999999999
2006-12-03,104.13999999999999
2006-12-04,111.76
2006-12-05,116.83999999999999
2006-12-06,116.83999999999999
2006-12-07,114.3
2006-12-08,114.3
2006-12-09,111.76
2006-12-10,111.76
2006-12-11,111.76
2006-12-12,111.76
2006-12-13,114.3
2006-12-14,116.83999999999999
2006-12-15,116.83999999999999
2006-12-16,116.83999999999999
2006-12-17,116.83999999999999
2006-12-18,119.38
2006-12-19,121.91999999999999
2006-12-20,132.07999999999998
2006-12-21,132.07999999999998
2006-12-22,132.07999999999998
2006-12-23,132.07999999999998
2006-12-24,132.07999999999998
2006-12-25,134.61999999999998
2006-12-26,132.07999999999998
2006-12-27,129.54
2006-12-28,134.61999999999998
2006-12-29,137.16
2006-12-30,137.16
2006-12-31,137.16
2007-01-01,137.16
2007-01-02,137.16
2007-01-03,132.07999999999998
2007-01-04,132.07999999999998
2007-01-05,134.61999999999998
2007-01-06,139.7
2007-01-07,142.23999999999998
2007-01-08,142.23999999999998
2007-01-09,142.23999999999998
2007-01-10,142.23999999999998
2007-01-11,142.23999999999998
2007-01-12,142.23999999999998
2007-01-13,147.32
2007-01-14,149.86
2007-01-15,152.39999999999998
2007-01-16,152.39999999999998
2007-01-17,152.39999999999998
2007-01-18,149.86
2007-01-19,147.32
2007-01-20,147.32
2007-01-21,147.32
2007-01-22,147.32
2007-01-23,147.32
2007-01-24,147.32
2007-01-25,147.32
2007-01-26,147.32
2007-01-27,147.32
2007-01-28,144.78
2007-01-29,144.78
2007-01-30,142.23999999999998
2007-01-31,147.32
2007-02-01,149.86
2007-02-02,149.86
2007-02-03,152.39999999999998
2007-02-04,154.93999999999997
2007-02-05,154.93999999999997
2007-02-06,154.93999999999997
2007-02-07,154.93999999999997
2007-02-08,154.93999999999997
2007-02-09,154.93999999999997
2007-02-10,154.93999999999997
2007-02-11,160.01999999999998
2007-02-12,170.18
2007-02-13,172.72
2007-02-14,177.79999999999998
2007-02-15,175.26
2007-02-16,177.79999999999998
2007-02-17,182.88
2007-02-18,182.88
2007-02-19,185.42
2007-02-20,193.04
2007-02-21,195.57999999999998
2007-02-22,195.57999999999998
2007-02-23,195.57999999999998
2007-02-24,198.11999999999998
2007-02-25,198.11999999999998
2007-02-26,203.2
2007-02-27,210.82
2007-02-28,220.97999999999996
2007-03-01,223.52
2007-03-02,233.67999999999998
2007-03-03,236.22
2007-03-04,236.22
2007-03-05,238.76
2007-03-06,238.76
2007-03-07,241.29999999999998
2007-03-08,241.29999999999998
2007-03-09,251.46
2007-03-10,251.46
2007-03-11,254.0
2007-03-12,254.0
2007-03-13,256.53999999999996
2007-03-14,254.0
2007-03-15,248.92000000000002
2007-03-16,248.92000000000002
2007-03-17,251.46
2007-03-18,248.92000000000002
2007-03-19,248.92000000000002
2007-03-20,248.92000000000002
2007-03-21,251.46
2007-03-22,261.62
2007-03-23,261.62
2007-03-24,266.7
2007-03-25,271.78
2007-03-26,274.32
2007-03-27,271.78
2007-03-28,269.23999999999995
2007-03-29,271.78
2007-03-30,274.32
2007-03-31,276.86
2007-04-01,281.94
2007-04-02,276.86
2007-04-03,274.32
2007-04-04,266.7
2007-04-05,256.53999999999996
2007-04-06,261.62
2007-04-07,254.0
2007-04-08,246.37999999999997
2007-04-09,251.46
2007-04-10,248.92000000000002
2007-04-11,256.53999999999996
2007-04-12,259.08
2007-04-13,261.62
2007-04-14,266.7
2007-04-15,261.62
2007-04-16,256.53999999999996
2007-04-17,259.08
2007-04-18,256.53999999999996
2007-04-19,248.92000000000002
2007-04-20,241.29999999999998
2007-04-21,220.97999999999996
2007-04-22,213.35999999999999
2007-04-23,203.2
2007-04-24,193.04
2007-04-25,193.04
2007-04-26,185.42
2007-04-27,172.72
2007-04-28,147.32
2007-04-29,119.38
2007-04-30,83.82
2007-05-01,55.88
2007-05-02,40.64
2007-05-03,27.94
2007-05-04,12.7
2007-05-05,15.239999999999998
2007-05-06,20.32
2007-05-07,25.4
2007-05-08,22.86
2007-05-09,7.619999999999999
2007-05-10,0.0
2007-05-11,0.0
2007-05-12,0.0
2007-05-13,0.0
2007-05-14,0.0
2007-05-15,0.0
2007-05-16,0.0
2007-05-17,0.0
2007-05-18,0.0
2007-05-19,0.0
2007-05-20,0.0
2007-05-21,0.0
2007-05-22,0.0
2007-05-23,0.0
2007-05-24,0.0
2007-05-25,0.0
2007-05-26,0.0
2007-05-27,0.0
2007-05-28,0.0
2007-05-29,0.0
2007-05-30,0.0
2007-05-31,0.0
2007-06-01,0.0
2007-06-02,0.0
2007-06-03,0.0
2007-06-04,0.0
2007-06-05,0.0
2007-06-06,0.0
2007-06-07,0.0
2007-06-08,0.0
2007-06-09,0.0
2007-06-10,0.0
2007-06-11,0.0
2007-06-12,0.0
2007-06-13,0.0
2007-06-14,0.0
2007-06-15,0.0
2007-06-16,0.0
2007-06-17,0.0
2007-06-18,0.0
2007-06-19,0.0
2007-06-20,0.0
2007-06-21,0.0
2007-06-22,0.0
2007-06-23,0.0
2007-06-24,0.0
2007-06-25,0.0
2007-06-26,0.0
2007-06-27,0.0
2007-06-28,0.0
2007-06-29,0.0
2007-06-30,0.0
2007-07-01,0.0
2007-07-02,0.0
2007-07-03,0.0
2007-07-04,0.0
2007-07-05,0.0
2007-07-06,0.0
2007-07-07,0.0
2007-07-08,0.0
2007-07-09,0.0
2007-07-10,0.0
2007-07-11,0.0
2007-07-12,0.0
2007-07-13,0.0
2007-07-14,0.0
2007-07-15,0.0
2007-07-16,0.0
2007-07-17,0.0
2007-07-18,0.0
2007-07-19,0.0
2007-07-20,0.0
2007-07-21,0.0
2007-07-22,0.0
2007-07-23,0.0
2007-07-24,0.0
2007-07-25,0.0
2007-07-26,0.0
2007-07-27,0.0
2007-07-28,0.0
2007-07-29,0.0
2007-07-30,0.0
2007-07-31,0.0
2007-08-01,0.0
2007-08-02,0.0
2007-08-03,0.0
2007-08-04,0.0
2007-08-05,0.0
2007-08-06,0.0
2007-08-07,0.0
2007-08-08,0.0
2007-08-09,0.0
2007-08-10,0.0
2007-08-11,0.0
2007-08-12,0.0
2007-08-13,0.0
2007-08-14,0.0
2007-08-15,0.0
2007-08-16,0.0
2007-08-17,0.0
2007-08-18,0.0
2007-08-19,0.0
2007-08-20,0.0
2007-08-21,0.0
2007-08-22,0.0
2007-08-23,0.0
2007-08-24,0.0
2007-08-25,0.0
2007-08-26,0.0
2007-08-27,0.0
2007-08-28,0.0
2007-08-29,0.0
2007-08-30,0.0
2007-08-31,0.0
2007-09-01,0.0
2007-09-02,0.0
2007-09-03,0.0
2007-09-04,0.0
2007-09-05,0.0
2007-09-06,0.0
2007-09-07,0.0
2007-09-08,0.0
2007-09-09,0.0
2007-09-10,0.0
2007-09-11,0.0
2007-09-12,0.0
2007-09-13,0.0
2007-09-14,0.0
2007-09-15,0.0
2007-09-16,0.0
2007-09-17,0.0
2007-09-18,0.0
2007-09-19,0.0
2007-09-20,0.0
2007-09-21,0.0
2007-09-22,0.0
2007-09-23,0.0
2007-09-24,0.0
2007-09-25,0.0
2007-09-26,0.0
2007-09-27,0.0
2007-09-28,0.0
2007-09-29,0.0
2007-09-30,0.0
2007-10-01,0.0
2007-10-02,0.0
2007-10-03,0.0
2007-10-04,0.0
2007-10-05,0.0
2007-10-06,0.0
2007-10-07,0.0
2007-10-08,0.0
2007-10-09,0.0
2007-10-10,0.0
2007-10-11,0.0
2007-10-12,0.0
2007-10-13,0.0
2007-10-14,0.0
2007-10-15,5.08
2007-10-16,5.08
2007-10-17,5.08
2007-10-18,17.779999999999998
2007-10-19,17.779999999999998
2007-10-20,17.779999999999998
2007-10-21,15.239999999999998
2007-10-22,15.239999999999998
2007-10-23,15.239999999999998
2007-10-24,15.239999999999998
2007-10-25,15.239999999999998
2007-10-26,15.239999999999998
2007-10-27,7.619999999999999
2007-10-28,5.08
2007-10-29,5.08
2007-10-30,5.08
2007-10-31,5.08
2007-11-01,0.0
2007-11-02,0.0
2007-11-03,0.0
2007-11-04,0.0
2007-11-05,0.0
2007-11-06,0.0
2007-11-07,0.0
2007-11-08,0.0
2007-11-09,0.0
2007-11-10,0.0
2007-11-11,0.0
2007-11-12,0.0
2007-11-13,0.0
2007-11-14,0.0
2007-11-15,0.0
2007-11-16,0.0
2007-11-17,0.0
2007-11-18,0.0
2007-11-19,0.0
2007-11-20,0.0
2007-11-21,0.0
2007-11-22,0.0
2007-11-23,0.0
2007-11-24,0.0
2007-11-25,0.0
2007-11-26,0.0
2007-11-27,0.0
2007-11-28,0.0
2007-11-29,0.0
2007-11-30,0.0
2007-12-01,25.4
2007-12-02,53.339999999999996
2007-12-03,58.419999999999995
2007-12-04,60.959999999999994
2007-12-05,63.5
2007-12-06,66.03999999999999
2007-12-07,81.28
2007-12-08,132.07999999999998
2007-12-09,137.16
2007-12-10,137.16
2007-12-11,139.7
2007-12-12,147.32
2007-12-13,147.32
2007-12-14,147.32
2007-12-15,147.32
2007-12-16,147.32
2007-12-17,147.32
2007-12-18,149.86
2007-12-19,149.86
2007-12-20,149.86
2007-12-21,152.39999999999998
2007-12-22,154.93999999999997
2007-12-23,154.93999999999997
2007-12-24,154.93999999999997
2007-12-25,157.48
2007-12-26,157.48
2007-12-27,160.01999999999998
2007-12-28,162.56
2007-12-29,162.56
2007-12-30,167.64
2007-12-31,177.79999999999998
2008-01-01,177.79999999999998
2008-01-02,180.33999999999997
2008-01-03,180.33999999999997
2008-01-04,182.88
2008-01-05,190.5
2008-01-06,236.22
2008-01-07,261.62
2008-01-08,266.7
2008-01-09,271.78
2008-01-10,276.86
2008-01-11,276.86
2008-01-12,284.47999999999996
2008-01-13,284.47999999999996
2008-01-14,284.47999999999996
2008-01-15,284.47999999999996
2008-01-16,284.47999999999996
2008-01-17,284.47999999999996
2008-01-18,284.47999999999996
2008-01-19,284.47999999999996
2008-01-20,284.47999999999996
2008-01-21,284.47999999999996
2008-01-22,289.56
2008-01-23,289.56
2008-01-24,289.56
2008-01-25,294.64
2008-01-26,297.17999999999995
2008-01-27,297.17999999999995
2008-01-28,314.96
2008-01-29,335.28
2008-01-30,337.82
2008-01-31,345.44
2008-02-01,347.97999999999996
2008-02-02,358.14
2008-02-03,363.21999999999997
2008-02-04,388.62
2008-02-05,393.7
2008-02-06,393.7
2008-02-07,398.78
2008-02-08,411.47999999999996
2008-02-09,414.02
2008-02-10,416.55999999999995
2008-02-11,416.55999999999995
2008-02-12,416.55999999999995
2008-02-13,416.55999999999995
2008-02-14,419.09999999999997
2008-02-15,434.34000000000003
2008-02-16,434.34000000000003
2008-02-17,434.34000000000003
2008-02-18,434.34000000000003
2008-02-19,434.34000000000003
2008-02-20,434.34000000000003
2008-02-21,434.34000000000003
2008-02-22,436.87999999999994
2008-02-23,439.42
2008-02-24,444.5
2008-02-25,474.97999999999996
2008-02-26,474.97999999999996
2008-02-27,474.97999999999996
2008-02-28,474.97999999999996
2008-02-29,474.97999999999996
2008-03-01,474.97999999999996
2008-03-02,477.52
2008-03-03,477.52
2008-03-04,477.52
2008-03-05,477.52
2008-03-06,477.52
2008-03-07,480.05999999999995
2008-03-08,480.05999999999995
2008-03-09,480.05999999999995
2008-03-10,482.59999999999997
2008-03-11,485.14
2008-03-12,485.14
2008-03-13,490.21999999999997
2008-03-14,497.84000000000003
2008-03-15,508.0
2008-03-16,508.0
2008-03-17,513.0799999999999
2008-03-18,515.62
2008-03-19,515.62
2008-03-20,518.16
2008-03-21,520.6999999999999
2008-03-22,520.6999999999999
2008-03-23,520.6999999999999
2008-03-24,520.6999999999999
2008-03-25,528.3199999999999
2008-03-26,528.3199999999999
2008-03-27,535.94
2008-03-28,535.94
2008-03-29,535.94
2008-03-30,541.02
2008-03-31,546.1
2008-04-01,556.2599999999999
2008-04-02,558.8
2008-04-03,558.8
2008-04-04,563.88
2008-04-05,563.88
2008-04-06,563.88
2008-04-07,574.04
2008-04-08,594.3599999999999
2008-04-09,596.9
2008-04-10,599.44
2008-04-11,601.9799999999999
2008-04-12,601.9799999999999
2008-04-13,601.9799999999999
2008-04-14,571.5
2008-04-15,563.88
2008-04-16,563.88
2008-04-17,563.88
2008-04-18,563.88
2008-04-19,563.88
2008-04-20,553.72
2008-04-21,553.72
2008-04-22,546.1
2008-04-23,535.94
2008-04-24,528.3199999999999
2008-04-25,520.6999999999999
2008-04-26,515.62
2008-04-27,508.0
2008-04-28,500.37999999999994
2008-04-29,492.75999999999993
2008-04-30,480.05999999999995
2008-05-01,462.28
2008-05-02,459.74
2008-05-03,462.28
2008-05-04,462.28
2008-05-05,459.74
2008-05-06,444.5
2008-05-07,431.79999999999995
2008-05-08,414.02
2008-05-09,421.64
2008-05-10,424.17999999999995
2008-05-11,426.71999999999997
2008-05-12,411.47999999999996
2008-05-13,398.78
2008-05-14,401.32
2008-05-15,393.7
2008-05-16,378.46
2008-05-17,347.97999999999996
2008-05-18,317.5
2008-05-19,294.64
2008-05-20,264.15999999999997
2008-05-21,231.14
2008-05-22,205.73999999999998
2008-05-23,208.27999999999997
2008-05-24,210.82
2008-05-25,203.2
2008-05-26,182.88
2008-05-27,170.18
2008-05-28,139.7
2008-05-29,116.83999999999999
2008-05-30,81.28
2008-05-31,55.88
2008-06-01,22.86
2008-06-02,0.0
2008-06-03,0.0
2008-06-04,0.0
2008-06-05,0.0
2008-06-06,0.0
2008-06-07,0.0
2008-06-08,0.0
2008-06-09,0.0
2008-06-10,0.0
2008-06-11,0.0
2008-06-12,0.0
2008-06-13,0.0
2008-06-14,0.0
2008-06-15,0.0
2008-06-16,0.0
2008-06-17,0.0
2008-06-18,0.0
2008-06-19,0.0
2008-06-20,0.0
2008-06-21,0.0
2008-06-22,0.0
2008-06-23,0.0
2008-06-24,0.0
2008-06-25,0.0
2008-06-26,0.0
2008-06-27,0.0
2008-06-28,0.0
2008-06-29,0.0
2008-06-30,0.0
2008-07-01,0.0
2008-07-02,0.0
2008-07-03,0.0
2008-07-04,0.0
2008-07-05,0.0
2008-07-06,0.0
2008-07-07,0.0
2008-07-08,0.0
2008-07-09,0.0
2008-07-10,0.0
2008-07-11,0.0
2008-07-12,0.0
2008-07-13,0.0
2008-07-14,0.0
2008-07-15,0.0
2008-07-16,0.0
2008-07-17,0.0
2008-07-18,0.0
2008-07-19,0.0
2008-07-20,0.0
2008-07-21,0.0
2008-07-22,0.0
2008-07-23,0.0
2008-07-24,0.0
2008-07-25,0.0
2008-07-26,0.0
2008-07-27,0.0
2008-07-28,0.0
2008-07-29,0.0
2008-07-30,0.0
2008-07-31,0.0
2008-08-01,0.0
2008-08-02,0.0
2008-08-03,0.0
2008-08-04,0.0
2008-08-05,0.0
2008-08-06,0.0
2008-08-07,0.0
2008-08-08,0.0
2008-08-09,0.0
2008-08-10,0.0
2008-08-11,0.0
2008-08-12,0.0
2008-08-13,0.0
2008-08-14,0.0
2008-08-15,0.0
2008-08-16,0.0
2008-08-17,0.0
2008-08-18,0.0
2008-08-19,0.0
2008-08-20,0.0
2008-08-21,0.0
2008-08-22,0.0
2008-08-23,0.0
2008-08-24,0.0
2008-08-25,0.0
2008-08-26,0.0
2008-08-27,0.0
2008-08-28,0.0
2008-08-29,0.0
2008-08-30,0.0
2008-08-31,0.0
2008-09-01,0.0
2008-09-02,0.0
2008-09-03,0.0
2008-09-04,0.0
2008-09-05,0.0
2008-09-06,0.0
2008-09-07,0.0
2008-09-08,0.0
2008-09-09,0.0
2008-09-10,0.0
2008-09-11,0.0
2008-09-12,0.0
2008-09-13,0.0
2008-09-14,0.0
2008-09-15,0.0
2008-09-16,0.0
2008-09-17,0.0
2008-09-18,0.0
2008-09-19,0.0
2008-09-20,0.0
2008-09-21,0.0
2008-09-22,0.0
2008-09-23,0.0
2008-09-24,0.0
2008-09-25,0.0
2008-09-26,0.0
2008-09-27,0.0
2008-09-28,0.0
2008-09-29,0.0
2008-09-30,0.0
2008-10-01,0.0
2008-10-02,0.0
2008-10-03,0.0
2008-10-04,0.0
2008-10-05,0.0
2008-10-06,0.0
2008-10-07,0.0
2008-10-08,0.0
2008-10-09,0.0
2008-10-10,0.0
2008-10-11,0.0
2008-10-12,5.08
2008-10-13,0.0
2008-10-14,0.0
2008-10-15,0.0
2008-10-16,0.0
2008-10-17,0.0
2008-10-18,0.0
2008-10-19,0.0
2008-10-20,0.0
2008-10-21,0.0
2008-10-22,0.0
2008-10-23,0.0
2008-10-24,0.0
2008-10-25,0.0
2008-10-26,0.0
2008-10-27,0.0
2008-10-28,0.0
2008-10-29,2.54
2008-10-30,2.54
2008-10-31,2.54
2008-11-01,2.54
2008-11-02,5.08
2008-11-03,5.08
2008-11-04,5.08
2008-11-05,15.239999999999998
2008-11-06,15.239999999999998
2008-11-07,10.16
2008-11-08,10.16
2008-11-09,10.16
2008-11-10,12.7
2008-11-11,12.7
2008-11-12,15.239999999999998
2008-11-13,15.239999999999998
2008-11-14,15.239999999999998
2008-11-15,10.16
2008-11-16,12.7
2008-11-17,15.239999999999998
2008-11-18,15.239999999999998
2008-11-19,15.239999999999998
2008-11-20,15.239999999999998
2008-11-21,15.239999999999998
2008-11-22,10.16
2008-11-23,7.619999999999999
2008-11-24,5.08
2008-11-25,5.08
2008-11-26,7.619999999999999
2008-11-27,7.619999999999999
2008-11-28,15.239999999999998
2008-11-29,15.239999999999998
2008-11-30,22.86
2008-12-01,35.559999999999995
2008-12-02,35.559999999999995
2008-12-03,38.099999999999994
2008-12-04,38.099999999999994
2008-12-05,38.099999999999994
2008-12-06,38.099999999999994
2008-12-07,40.64
2008-12-08,40.64
2008-12-09,43.18
2008-12-10,43.18
2008-12-11,43.18
2008-12-12,43.18
2008-12-13,53.339999999999996
2008-12-14,68.58
2008-12-15,71.11999999999999
2008-12-16,78.74
2008-12-17,88.89999999999999
2008-12-18,96.52
2008-12-19,109.21999999999998
2008-12-20,109.21999999999998
2008-12-21,111.76
2008-12-22,114.3
2008-12-23,134.61999999999998
2008-12-24,139.7
2008-12-25,144.78
2008-12-26,167.64
2008-12-27,172.72
2008-12-28,172.72
2008-12-29,175.26
2008-12-30,175.26
2008-12-31,175.26
2009-01-01,175.26
2009-01-02,177.79999999999998
2009-01-03,177.79999999999998
2009-01-04,182.88
2009-01-05,182.88
2009-01-06,185.42
2009-01-07,187.96
2009-01-08,193.04
2009-01-09,193.04
2009-01-10,195.57999999999998
2009-01-11,195.57999999999998
2009-01-12,198.11999999999998
2009-01-13,200.66
2009-01-14,200.66
2009-01-15,200.66
2009-01-16,200.66
2009-01-17,200.66
2009-01-18,200.66
2009-01-19,200.66
2009-01-20,200.66
2009-01-21,200.66
2009-01-22,200.66
2009-01-23,205.73999999999998
2009-01-24,215.89999999999998
2009-01-25,236.22
2009-01-26,248.92000000000002
2009-01-27,254.0
2009-01-28,254.0
2009-01-29,259.08
2009-01-30,259.08
2009-01-31,261.62
2009-02-01,261.62
2009-02-02,261.62
2009-02-03,261.62
2009-02-04,261.62
2009-02-05,261.62
2009-02-06,261.62
2009-02-07,261.62
2009-02-08,264.15999999999997
2009-02-09,264.15999999999997
2009-02-10,274.32
2009-02-11,276.86
2009-02-12,276.86
2009-02-13,279.4
2009-02-14,287.02
2009-02-15,294.64
2009-02-16,297.17999999999995
2009-02-17,297.17999999999995
2009-02-18,304.79999999999995
2009-02-19,307.34
2009-02-20,307.34
2009-02-21,307.34
2009-02-22,307.34
2009-02-23,309.87999999999994
2009-02-24,337.82
2009-02-25,337.82
2009-02-26,337.82
2009-02-27,337.82
2009-02-28,337.82
2009-03-01,337.82
2009-03-02,337.82
2009-03-03,337.82
2009-03-04,337.82
2009-03-05,337.82
2009-03-06,337.82
2009-03-07,340.36
2009-03-08,347.97999999999996
2009-03-09,350.52
2009-03-10,350.52
2009-03-11,355.59999999999997
2009-03-12,358.14
2009-03-13,358.14
2009-03-14,358.14
2009-03-15,358.14
2009-03-16,360.67999999999995
2009-03-17,360.67999999999995
2009-03-18,360.67999999999995
2009-03-19,360.67999999999995
2009-03-20,360.67999999999995
2009-03-21,363.21999999999997
2009-03-22,365.76
2009-03-23,370.84
2009-03-24,381.0
2009-03-25,383.53999999999996
2009-03-26,401.32
2009-03-27,414.02
2009-03-28,414.02
2009-03-29,416.55999999999995
2009-03-30,419.09999999999997
2009-03-31,419.09999999999997
2009-04-01,426.71999999999997
2009-04-02,436.87999999999994
2009-04-03,444.5
2009-04-04,462.28
2009-04-05,467.35999999999996
2009-04-06,469.9
2009-04-07,469.9
2009-04-08,469.9
2009-04-09,464.82
2009-04-10,459.74
2009-04-11,457.2
2009-04-12,457.2
2009-04-13,457.2
2009-04-14,454.6599999999999
2009-04-15,449.58
2009-04-16,434.34000000000003
2009-04-17,429.25999999999993
2009-04-18,431.79999999999995
2009-04-19,429.25999999999993
2009-04-20,424.17999999999995
2009-04-21,406.4
2009-04-22,375.92
2009-04-23,360.67999999999995
2009-04-24,340.36
2009-04-25,325.12
2009-04-26,320.03999999999996
2009-04-27,314.96
2009-04-28,304.79999999999995
2009-04-29,299.72
2009-04-30,271.78
2009-05-01,243.83999999999997
2009-05-02,226.06
2009-05-03,226.06
2009-05-04,218.43999999999997
2009-05-05,220.97999999999996
2009-05-06,200.66
2009-05-07,165.1
2009-05-08,129.54
2009-05-09,96.52
2009-05-10,76.19999999999999
2009-05-11,35.559999999999995
2009-05-12,12.7
2009-05-13,0.0
2009-05-14,0.0
2009-05-15,0.0
2009-05-16,0.0
2009-05-17,0.0
2009-05-18,0.0
2009-05-19,0.0
2009-05-20,0.0
2009-05-21,0.0
2009-05-22,0.0
2009-05-23,0.0
2009-05-24,0.0
2009-05-25,0.0
2009-05-26,0.0
2009-05-27,0.0
2009-05-28,0.0
2009-05-29,0.0
2009-05-30,0.0
2009-05-31,0.0
2009-06-01,0.0
2009-06-02,0.0
2009-06-03,0.0
2009-06-04,0.0
2009-06-05,0.0
2009-06-06,0.0
2009-06-07,0.0
2009-06-08,0.0
2009-06-09,0.0
2009-06-10,0.0
2009-06-11,0.0
2009-06-12,0.0
2009-06-13,0.0
2009-06-14,0.0
2009-06-15,0.0
2009-06-16,0.0
2009-06-17,0.0
2009-06-18,0.0
2009-06-19,0.0
2009-06-20,0.0
2009-06-21,0.0
2009-06-22,0.0
2009-06-23,0.0
2009-06-24,0.0
2009-06-25,0.0
2009-06-26,0.0
2009-06-27,0.0
2009-06-28,0.0
2009-06-29,0.0
2009-06-30,0.0
2009-07-01,0.0
2009-07-02,0.0
2009-07-03,0.0
2009-07-04,0.0
2009-07-05,0.0
2009-07-06,0.0
2009-07-07,0.0
2009-07-08,0.0
2009-07-09,0.0
2009-07-10,0.0
2009-07-11,0.0
2009-07-12,0.0
2009-07-13,0.0
2009-07-14,0.0
2009-07-15,0.0
2009-07-16,0.0
2009-07-17,0.0
2009-07-18,0.0
2009-07-19,0.0
2009-07-20,0.0
2009-07-21,0.0
2009-07-22,0.0
2009-07-23,0.0
2009-07-24,0.0
2009-07-25,0.0
2009-07-26,0.0
2009-07-27,0.0
2009-07-28,0.0
2009-07-29,0.0
2009-07-30,0.0
2009-07-31,0.0
2009-08-01,0.0
2009-08-02,0.0
2009-08-03,0.0
2009-08-04,0.0
2009-08-05,0.0
2009-08-06,0.0
2009-08-07,0.0
2009-08-08,0.0
2009-08-09,0.0
2009-08-10,0.0
2009-08-11,0.0
2009-08-12,0.0
2009-08-13,0.0
2009-08-14,0.0
2009-08-15,0.0
2009-08-16,0.0
2009-08-17,0.0
2009-08-18,0.0
2009-08-19,0.0
2009-08-20,0.0
2009-08-21,0.0
2009-08-22,0.0
2009-08-23,0.0
2009-08-24,0.0
2009-08-25,0.0
2009-08-26,0.0
2009-08-27,0.0
2009-08-28,0.0
2009-08-29,0.0
2009-08-30,0.0
2009-08-31,0.0
2009-09-01,0.0
2009-09-02,0.0
2009-09-03,0.0
2009-09-04,0.0
2009-09-05,0.0
2009-09-06,0.0
2009-09-07,0.0
2009-09-08,0.0
2009-09-09,0.0
2009-09-10,0.0
2009-09-11,0.0
2009-09-12,0.0
2009-09-13,0.0
2009-09-14,0.0
2009-09-15,0.0
2009-09-16,0.0
2009-09-17,0.0
2009-09-18,0.0
2009-09-19,0.0
2009-09-20,0.0
2009-09-21,0.0
2009-09-22,0.0
2009-09-23,0.0
2009-09-24,0.0
2009-09-25,0.0
2009-09-26,0.0
2009-09-27,0.0
2009-09-28,0.0
2009-09-29,0.0
2009-09-30,0.0
2009-10-01,0.0
2009-10-02,0.0
2009-10-03,0.0
2009-10-04,0.0
2009-10-05,5.08
2009-10-06,5.08
2009-10-07,0.0
2009-10-08,0.0
2009-10-09,0.0
2009-10-10,0.0
2009-10-11,0.0
2009-10-12,0.0
2009-10-13,0.0
2009-10-14,10.16
2009-10-15,22.86
2009-10-16,17.779999999999998
2009-10-17,15.239999999999998
2009-10-18,15.239999999999998
2009-10-19,7.619999999999999
2009-10-20,2.54
2009-10-21,5.08
2009-10-22,0.0
2009-10-23,0.0
2009-10-24,0.0
2009-10-25,5.08
2009-10-26,5.08
2009-10-27,5.08
2009-10-28,12.7
2009-10-29,20.32
2009-10-30,20.32
2009-10-31,20.32
2009-11-01,20.32
2009-11-02,20.32
2009-11-03,20.32
2009-11-04,20.32
2009-11-05,20.32
2009-11-06,20.32
2009-11-07,20.32
2009-11-08,20.32
2009-11-09,20.32
2009-11-10,20.32
2009-11-11,22.86
2009-11-12,22.86
2009-11-13,22.86
2009-11-14,35.559999999999995
2009-11-15,38.099999999999994
2009-11-16,38.099999999999994
2009-11-17,38.099999999999994
2009-11-18,38.099999999999994
2009-11-19,38.099999999999994
2009-11-20,38.099999999999994
2009-11-21,35.559999999999995
2009-11-22,35.559999999999995
2009-11-23,35.559999999999995
2009-11-24,35.559999999999995
2009-11-25,35.559999999999995
2009-11-26,35.559999999999995
2009-11-27,35.559999999999995
2009-11-28,35.559999999999995
2009-11-29,35.559999999999995
2009-11-30,35.559999999999995
2009-12-01,35.559999999999995
2009-12-02,35.559999999999995
2009-12-03,35.559999999999995
2009-12-04,35.559999999999995
2009-12-05,35.559999999999995
2009-12-06,35.559999999999995
2009-12-07,40.64
2009-12-08,60.959999999999994
2009-12-09,76.19999999999999
2009-12-10,78.74
2009-12-11,78.74
2009-12-12,81.28
2009-12-13,88.89999999999999
2009-12-14,111.76
2009-12-15,114.3
2009-12-16,114.3
2009-12-17,114.3
2009-12-18,114.3
2009-12-19,114.3
2009-12-20,116.83999999999999
2009-12-21,116.83999999999999
2009-12-22,116.83999999999999
2009-12-23,119.38
2009-12-24,119.38
2009-12-25,119.38
2009-12-26,119.38
2009-12-27,119.38
2009-12-28,119.38
2009-12-29,119.38
2009-12-30,124.46000000000001
2009-12-31,127.0
2010-01-01,127.0
2010-01-02,129.54
2010-01-03,137.16
2010-01-04,137.16
2010-01-05,139.7
2010-01-06,139.7
2010-01-07,142.23999999999998
2010-01-08,142.23999999999998
2010-01-09,142.23999999999998
2010-01-10,142.23999999999998
2010-01-11,142.23999999999998
2010-01-12,142.23999999999998
2010-01-13,142.23999999999998
2010-01-14,142.23999999999998
2010-01-15,142.23999999999998
2010-01-16,142.23999999999998
2010-01-17,142.23999999999998
2010-01-18,142.23999999999998
2010-01-19,144.78
2010-01-20,149.86
2010-01-21,154.93999999999997
2010-01-22,170.18
2010-01-23,175.26
2010-01-24,190.5
2010-01-25,193.04
2010-01-26,193.04
2010-01-27,198.11999999999998
2010-01-28,210.82
2010-01-29,210.82
2010-01-30,210.82
2010-01-31,210.82
2010-02-01,210.82
2010-02-02,210.82
2010-02-03,213.35999999999999
2010-02-04,213.35999999999999
2010-02-05,213.35999999999999
2010-02-06,215.89999999999998
2010-02-07,218.43999999999997
2010-02-08,223.52
2010-02-09,223.52
2010-02-10,223.52
2010-02-11,223.52
2010-02-12,223.52
2010-02-13,226.06
2010-02-14,228.6
2010-02-15,228.6
2010-02-16,228.6
2010-02-17,228.6
2010-02-18,231.14
2010-02-19,233.67999999999998
2010-02-20,256.53999999999996
2010-02-21,269.23999999999995
2010-02-22,274.32
2010-02-23,274.32
2010-02-24,274.32
2010-02-25,276.86
2010-02-26,276.86
2010-02-27,276.86
2010-02-28,279.4
2010-03-01,279.4
2010-03-02,279.4
2010-03-03,279.4
2010-03-04,279.4
2010-03-05,279.4
2010-03-06,281.94
2010-03-07,281.94
2010-03-08,284.47999999999996
2010-03-09,284.47999999999996
2010-03-10,284.47999999999996
2010-03-11,284.47999999999996
2010-03-12,284.47999999999996
2010-03-13,284.47999999999996
2010-03-14,284.47999999999996
2010-03-15,284.47999999999996
2010-03-16,284.47999999999996
2010-03-17,284.47999999999996
2010-03-18,287.02
2010-03-19,287.02
2010-03-20,294.64
2010-03-21,294.64
2010-03-22,294.64
2010-03-23,297.17999999999995
2010-03-24,299.72
2010-03-25,299.72
2010-03-26,299.72
2010-03-27,302.26
2010-03-28,302.26
2010-03-29,302.26
2010-03-30,304.79999999999995
2010-03-31,304.79999999999995
2010-04-01,304.79999999999995
2010-04-02,309.87999999999994
2010-04-03,309.87999999999994
2010-04-04,320.03999999999996
2010-04-05,325.12
2010-04-06,327.65999999999997
2010-04-07,335.28
2010-04-08,335.28
2010-04-09,335.28
2010-04-10,337.82
2010-04-11,337.82
2010-04-12,337.82
2010-04-13,327.65999999999997
2010-04-14,317.5
2010-04-15,307.34
2010-04-16,294.64
2010-04-17,289.56
2010-04-18,287.02
2010-04-19,276.86
2010-04-20,261.62
2010-04-21,248.92000000000002
2010-04-22,243.83999999999997
2010-04-23,243.83999999999997
2010-04-24,248.92000000000002
2010-04-25,246.37999999999997
2010-04-26,243.83999999999997
2010-04-27,233.67999999999998
2010-04-28,218.43999999999997
2010-04-29,208.27999999999997
2010-04-30,213.35999999999999
2010-05-01,215.89999999999998
2010-05-02,210.82
2010-05-03,220.97999999999996
2010-05-04,213.35999999999999
2010-05-05,190.5
2010-05-06,170.18
2010-05-07,162.56
2010-05-08,142.23999999999998
2010-05-09,137.16
2010-05-10,111.76
2010-05-11,101.6
2010-05-12,93.98
2010-05-13,93.98
2010-05-14,99.05999999999999
2010-05-15,106.67999999999999
2010-05-16,104.13999999999999
2010-05-17,88.89999999999999
2010-05-18,71.11999999999999
2010-05-19,63.5
2010-05-20,60.959999999999994
2010-05-21,30.479999999999997
2010-05-22,17.779999999999998
2010-05-23,5.08
2010-05-24,0.0
2010-05-25,0.0
2010-05-26,0.0
2010-05-27,0.0
2010-05-28,0.0
2010-05-29,0.0
2010-05-30,0.0
2010-05-31,0.0
2010-06-01,0.0
2010-06-02,0.0
2010-06-03,0.0
2010-06-04,0.0
2010-06-05,0.0
2010-06-06,0.0
2010-06-07,0.0
2010-06-08,0.0
2010-06-09,0.0
2010-06-10,0.0
2010-06-11,0.0
2010-06-12,0.0
2010-06-13,0.0
2010-06-14,0.0
2010-06-15,0.0
2010-06-16,0.0
2010-06-17,0.0
2010-06-18,0.0
2010-06-19,0.0
2010-06-20,0.0
2010-06-21,0.0
2010-06-22,0.0
2010-06-23,0.0
2010-06-24,0.0
2010-06-25,0.0
2010-06-26,0.0
2010-06-27,0.0
2010-06-28,0.0
2010-06-29,0.0
2010-06-30,0.0
2010-07-01,0.0
2010-07-02,0.0
2010-07-03,0.0
2010-07-04,0.0
2010-07-05,0.0
2010-07-06,0.0
2010-07-07,0.0
2010-07-08,0.0
2010-07-09,0.0
2010-07-10,0.0
2010-07-11,0.0
2010-07-12,0.0
2010-07-13,0.0
2010-07-14,0.0
2010-07-15,0.0
2010-07-16,0.0
2010-07-17,0.0
2010-07-18,0.0
2010-07-19,0.0
2010-07-20,0.0
2010-07-21,0.0
2010-07-22,0.0
2010-07-23,0.0
2010-07-24,0.0
2010-07-25,0.0
2010-07-26,0.0
2010-07-27,0.0
2010-07-28,0.0
2010-07-29,0.0
2010-07-30,0.0
2010-07-31,0.0
2010-08-01,0.0
2010-08-02,0.0
2010-08-03,0.0
2010-08-04,0.0
2010-08-05,0.0
2010-08-06,0.0
2010-08-07,0.0
2010-08-08,0.0
2010-08-09,0.0
2010-08-10,0.0
2010-08-11,0.0
2010-08-12,0.0
2010-08-13,0.0
2010-08-14,0.0
2010-08-15,0.0
2010-08-16,0.0
2010-08-17,0.0
2010-08-18,0.0
2010-08-19,0.0
2010-08-20,0.0
2010-08-21,0.0
2010-08-22,0.0
2010-08-23,0.0
2010-08-24,0.0
2010-08-25,0.0
2010-08-26,0.0
2010-08-27,0.0
2010-08-28,0.0
2010-08-29,0.0
2010-08-30,0.0
2010-08-31,0.0
2010-09-01,0.0
2010-09-02,0.0
2010-09-03,0.0
2010-09-04,0.0
2010-09-05,0.0
2010-09-06,0.0
2010-09-07,0.0
2010-09-08,0.0
2010-09-09,0.0
2010-09-10,0.0
2010-09-11,0.0
2010-09-12,0.0
2010-09-13,0.0
2010-09-14,0.0
2010-09-15,0.0
2010-09-16,0.0
2010-09-17,0.0
2010-09-18,0.0
2010-09-19,0.0
2010-09-20,0.0
2010-09-21,0.0
2010-09-22,0.0
2010-09-23,0.0
2010-09-24,0.0
2010-09-25,0.0
2010-09-26,0.0
2010-09-27,0.0
2010-09-28,0.0
2010-09-29,0.0
2010-09-30,0.0
2010-10-01,0.0
2010-10-02,0.0
2010-10-03,0.0
2010-10-04,0.0
2010-10-05,0.0
2010-10-06,0.0
2010-10-07,0.0
2010-10-08,0.0
2010-10-09,0.0
2010-10-10,0.0
2010-10-11,0.0
2010-10-12,0.0
2010-10-13,0.0
2010-10-14,0.0
2010-10-15,0.0
2010-10-16,0.0
2010-10-17,0.0
2010-10-18,0.0
2010-10-19,0.0
2010-10-20,0.0
2010-10-21,0.0
2010-10-22,0.0
2010-10-23,0.0
2010-10-24,2.54
2010-10-25,7.619999999999999
2010-10-26,15.239999999999998
2010-10-27,25.4
2010-10-28,27.94
2010-10-29,27.94
2010-10-30,27.94
2010-10-31,27.94
2010-11-01,27.94
2010-11-02,27.94
2010-11-03,27.94
2010-11-04,25.4
2010-11-05,22.86
2010-11-06,22.86
2010-11-07,22.86
2010-11-08,22.86
2010-11-09,20.32
2010-11-10,22.86
2010-11-11,30.479999999999997
2010-11-12,33.019999999999996
2010-11-13,33.019999999999996
2010-11-14,30.479999999999997
2010-11-15,30.479999999999997
2010-11-16,35.559999999999995
2010-11-17,43.18
2010-11-18,43.18
2010-11-19,43.18
2010-11-20,43.18
2010-11-21,45.72
2010-11-22,53.339999999999996
2010-11-23,55.88
2010-11-24,55.88
2010-11-25,55.88
2010-11-26,55.88
2010-11-27,55.88
2010-11-28,55.88
2010-11-29,60.959999999999994
2010-11-30,60.959999999999994
2010-12-01,60.959999999999994
2010-12-02,63.5
2010-12-03,63.5
2010-12-04,63.5
2010-12-05,66.03999999999999
2010-12-06,66.03999999999999
2010-12-07,71.11999999999999
2010-12-08,73.66
2010-12-09,76.19999999999999
2010-12-10,76.19999999999999
2010-12-11,86.36
2010-12-12,86.36
2010-12-13,86.36
2010-12-14,86.36
2010-12-15,86.36
2010-12-16,91.44
2010-12-17,91.44
2010-12-18,91.44
2010-12-19,119.38
2010-12-20,142.23999999999998
2010-12-21,172.72
2010-12-22,195.57999999999998
2010-12-23,195.57999999999998
2010-12-24,195.57999999999998
2010-12-25,195.57999999999998
2010-12-26,195.57999999999998
2010-12-27,198.11999999999998
2010-12-28,198.11999999999998
2010-12-29,198.11999999999998
2010-12-30,215.89999999999998
2010-12-31,220.97999999999996
2011-01-01,220.97999999999996
2011-01-02,223.52
2011-01-03,226.06
2011-01-04,228.6
2011-01-05,228.6
2011-01-06,231.14
2011-01-07,231.14
2011-01-08,231.14
2011-01-09,236.22
2011-01-10,241.29999999999998
2011-01-11,241.29999999999998
2011-01-12,241.29999999999998
2011-01-13,243.83999999999997
2011-01-14,246.37999999999997
2011-01-15,246.37999999999997
2011-01-16,246.37999999999997
2011-01-17,246.37999999999997
2011-01-18,254.0
2011-01-19,254.0
2011-01-20,264.15999999999997
2011-01-21,264.15999999999997
2011-01-22,264.15999999999997
2011-01-23,271.78
2011-01-24,274.32
2011-01-25,274.32
2011-01-26,274.32
2011-01-27,274.32
2011-01-28,274.32
2011-01-29,274.32
2011-01-30,274.32
2011-01-31,274.32
2011-02-01,276.86
2011-02-02,276.86
2011-02-03,276.86
2011-02-04,276.86
2011-02-05,279.4
2011-02-06,287.02
2011-02-07,287.02
2011-02-08,297.17999999999995
2011-02-09,297.17999999999995
2011-02-10,297.17999999999995
2011-02-11,297.17999999999995
2011-02-12,299.72
2011-02-13,299.72
2011-02-14,299.72
2011-02-15,302.26
2011-02-16,302.26
2011-02-17,302.26
2011-02-18,307.34
2011-02-19,307.34
2011-02-20,317.5
2011-02-21,322.58
2011-02-22,322.58
2011-02-23,322.58
2011-02-24,322.58
2011-02-25,327.65999999999997
2011-02-26,335.28
2011-02-27,342.9
2011-02-28,347.97999999999996
2011-03-01,347.97999999999996
2011-03-02,347.97999999999996
2011-03-03,347.97999999999996
2011-03-04,355.59999999999997
2011-03-05,355.59999999999997
2011-03-06,355.59999999999997
2011-03-07,363.21999999999997
2011-03-08,365.76
2011-03-09,368.29999999999995
2011-03-10,368.29999999999995
2011-03-11,368.29999999999995
2011-03-12,368.29999999999995
2011-03-13,368.29999999999995
2011-03-14,370.84
2011-03-15,373.37999999999994
2011-03-16,373.37999999999994
2011-03-17,375.92
2011-03-18,378.46
2011-03-19,381.0
2011-03-20,383.53999999999996
2011-03-21,386.08
2011-03-22,391.15999999999997
2011-03-23,396.23999999999995
2011-03-24,398.78
2011-03-25,398.78
2011-03-26,411.47999999999996
2011-03-27,411.47999999999996
2011-03-28,421.64
2011-03-29,431.79999999999995
2011-03-30,431.79999999999995
2011-03-31,431.79999999999995
2011-04-01,431.79999999999995
2011-04-02,431.79999999999995
2011-04-03,431.79999999999995
2011-04-04,436.87999999999994
2011-04-05,436.87999999999994
2011-04-06,439.42
2011-04-07,441.9599999999999
2011-04-08,439.42
2011-04-09,434.34000000000003
2011-04-10,431.79999999999995
2011-04-11,436.87999999999994
2011-04-12,436.87999999999994
2011-04-13,431.79999999999995
2011-04-14,424.17999999999995
2011-04-15,426.71999999999997
2011-04-16,424.17999999999995
2011-04-17,408.94
2011-04-18,403.86
2011-04-19,408.94
2011-04-20,424.17999999999995
2011-04-21,426.71999999999997
2011-04-22,434.34000000000003
2011-04-23,436.87999999999994
2011-04-24,447.04
2011-04-25,452.12
2011-04-26,457.2
2011-04-27,464.82
2011-04-28,467.35999999999996
2011-04-29,462.28
2011-04-30,459.74
2011-05-01,459.74
2011-05-02,462.28
2011-05-03,462.28
2011-05-04,454.6599999999999
2011-05-05,441.9599999999999
2011-05-06,429.25999999999993
2011-05-07,406.4
2011-05-08,381.0
2011-05-09,355.59999999999997
2011-05-10,342.9
2011-05-11,325.12
2011-05-12,335.28
2011-05-13,335.28
2011-05-14,322.58
2011-05-15,309.87999999999994
2011-05-16,281.94
2011-05-17,259.08
2011-05-18,246.37999999999997
2011-05-19,248.92000000000002
2011-05-20,251.46
2011-05-21,256.53999999999996
2011-05-22,261.62
2011-05-23,256.53999999999996
2011-05-24,248.92000000000002
2011-05-25,243.83999999999997
2011-05-26,213.35999999999999
2011-05-27,190.5
2011-05-28,157.48
2011-05-29,116.83999999999999
2011-05-30,78.74
2011-05-31,58.419999999999995
2011-06-01,25.4
2011-06-02,2.54
2011-06-03,0.0
2011-06-04,0.0
2011-06-05,0.0
2011-06-06,0.0
2011-06-07,0.0
2011-06-08,0.0
2011-06-09,0.0
2011-06-10,0.0
2011-06-11,0.0
2011-06-12,0.0
2011-06-13,0.0
2011-06-14,0.0
2011-06-15,0.0
2011-06-16,0.0
2011-06-17,0.0
2011-06-18,0.0
2011-06-19,0.0
2011-06-20,0.0
2011-06-21,0.0
2011-06-22,0.0
2011-06-23,0.0
2011-06-24,0.0
2011-06-25,0.0
2011-06-26,0.0
2011-06-27,0.0
2011-06-28,0.0
2011-06-29,0.0
2011-06-30,0.0
2011-07-01,0.0
2011-07-02,0.0
2011-07-03,0.0
2011-07-04,0.0
2011-07-05,0.0
2011-07-06,0.0
2011-07-07,0.0
2011-07-08,0.0
2011-07-09,0.0
2011-07-10,0.0
2011-07-11,0.0
2011-07-12,0.0
2011-07-13,0.0
2011-07-14,0.0
2011-07-15,0.0
2011-07-16,0.0
2011-07-17,0.0
2011-07-18,0.0
2011-07-19,0.0
2011-07-20,0.0
2011-07-21,0.0
2011-07-22,0.0
2011-07-23,0.0
2011-07-24,0.0
2011-07-25,0.0
2011-07-26,0.0
2011-07-27,0.0
2011-07-28,0.0
2011-07-29,0.0
2011-07-30,0.0
2011-07-31,0.0
2011-08-01,0.0
2011-08-02,0.0
2011-08-03,0.0
2011-08-04,0.0
2011-08-05,0.0
2011-08-06,0.0
2011-08-07,0.0
2011-08-08,0.0
2011-08-09,0.0
2011-08-10,0.0
2011-08-11,0.0
2011-08-12,0.0
2011-08-13,0.0
2011-08-14,0.0
2011-08-15,0.0
2011-08-16,0.0
2011-08-17,0.0
2011-08-18,0.0
2011-08-19,0.0
2011-08-20,0.0
2011-08-21,0.0
2011-08-22,0.0
2011-08-23,0.0
2011-08-24,0.0
2011-08-25,0.0
2011-08-26,0.0
2011-08-27,0.0
2011-08-28,0.0
2011-08-29,0.0
2011-08-30,0.0
2011-08-31,0.0
2011-09-01,0.0
2011-09-02,0.0
2011-09-03,0.0
2011-09-04,0.0
2011-09-05,0.0
2011-09-06,0.0
2011-09-07,0.0
2011-09-08,0.0
2011-09-09,0.0
2011-09-10,0.0
2011-09-11,0.0
2011-09-12,0.0
2011-09-13,0.0
2011-09-14,0.0
2011-09-15,0.0
2011-09-16,0.0
2011-09-17,0.0
2011-09-18,0.0
2011-09-19,0.0
2011-09-20,0.0
2011-09-21,0.0
2011-09-22,0.0
2011-09-23,0.0
2011-09-24,0.0
2011-09-25,0.0
2011-09-26,0.0
2011-09-27,0.0
2011-09-28,0.0
2011-09-29,0.0
2011-09-30,0.0
2011-10-01,0.0
2011-10-02,0.0
2011-10-03,0.0
2011-10-04,0.0
2011-10-05,0.0
2011-10-06,0.0
2011-10-07,0.0
2011-10-08,0.0
2011-10-09,0.0
2011-10-10,0.0
2011-10-11,0.0
2011-10-12,0.0
2011-10-13,0.0
2011-10-14,0.0
2011-10-15,0.0
2011-10-16,0.0
2011-10-17,0.0
2011-10-18,0.0
2011-10-19,0.0
2011-10-20,0.0
2011-10-21,0.0
2011-10-22,0.0
2011-10-23,0.0
2011-10-24,0.0
2011-10-25,0.0
2011-10-26,5.08
2011-10-27,10.16
2011-10-28,10.16
2011-10-29,5.08
2011-10-30,5.08
2011-10-31,5.08
2011-11-01,5.08
2011-11-02,5.08
2011-11-03,7.619999999999999
2011-11-04,7.619999999999999
2011-11-05,7.619999999999999
2011-11-06,15.239999999999998
2011-11-07,15.239999999999998
2011-11-08,12.7
2011-11-09,12.7
2011-11-10,12.7
2011-11-11,10.16
2011-11-12,10.16
2011-11-13,10.16
2011-11-14,27.94
2011-11-15,27.94
2011-11-16,30.479999999999997
2011-11-17,30.479999999999997
2011-11-18,33.019999999999996
2011-11-19,33.019999999999996
2011-11-20,33.019999999999996
2011-11-21,33.019999999999996
2011-11-22,35.559999999999995
2011-11-23,35.559999999999995
2011-11-24,35.559999999999995
2011-11-25,35.559999999999995
2011-11-26,38.099999999999994
2011-11-27,38.099999999999994
2011-11-28,38.099999999999994
2011-11-29,38.099999999999994
2011-11-30,38.099999999999994
2011-12-01,38.099999999999994
2011-12-02,38.099999999999994
2011-12-03,38.099999999999994
2011-12-04,43.18
2011-12-05,43.18
2011-12-06,40.64
2011-12-07,40.64
2011-12-08,40.64
2011-12-09,40.64
2011-12-10,40.64
2011-12-11,40.64
2011-12-12,40.64
2011-12-13,43.18
2011-12-14,43.18
2011-12-15,48.26
2011-12-16,48.26
2011-12-17,48.26
2011-12-18,48.26
2011-12-19,48.26
2011-12-20,48.26
2011-12-21,48.26
2011-12-22,48.26
2011-12-23,48.26
2011-12-24,48.26
2011-12-25,48.26
2011-12-26,48.26
2011-12-27,48.26
2011-12-28,48.26
2011-12-29,48.26
2011-12-30,53.339999999999996
2011-12-31,53.339999999999996
2012-01-01,53.339999999999996
2012-01-02,53.339999999999996
2012-01-03,50.8
2012-01-04,50.8
2012-01-05,50.8
2012-01-06,50.8
2012-01-07,50.8
2012-01-08,58.419999999999995
2012-01-09,58.419999999999995
2012-01-10,58.419999999999995
2012-01-11,58.419999999999995
2012-01-12,58.419999999999995
2012-01-13,58.419999999999995
2012-01-14,58.419999999999995
2012-01-15,58.419999999999995
2012-01-16,60.959999999999994
2012-01-17,73.66
2012-01-18,76.19999999999999
2012-01-19,78.74
2012-01-20,78.74
2012-01-21,81.28
2012-01-22,106.67999999999999
2012-01-23,111.76
2012-01-24,114.3
2012-01-25,114.3
2012-01-26,116.83999999999999
2012-01-27,124.46000000000001
2012-01-28,124.46000000000001
2012-01-29,127.0
2012-01-30,127.0
2012-01-31,127.0
2012-02-01,127.0
2012-02-02,127.0
2012-02-03,127.0
2012-02-04,127.0
2012-02-05,127.0
2012-02-06,129.54
2012-02-07,132.07999999999998
2012-02-08,132.07999999999998
2012-02-09,137.16
2012-02-10,137.16
2012-02-11,139.7
2012-02-12,139.7
2012-02-13,147.32
2012-02-14,157.48
2012-02-15,160.01999999999998
2012-02-16,160.01999999999998
2012-02-17,160.01999999999998
2012-02-18,162.56
2012-02-19,162.56
2012-02-20,165.1
2012-02-21,165.1
2012-02-22,170.18
2012-02-23,172.72
2012-02-24,175.26
2012-02-25,175.26
2012-02-26,175.26
2012-02-27,175.26
2012-02-28,177.79999999999998
2012-02-29,193.04
2012-03-01,195.57999999999998
2012-03-02,200.66
2012-03-03,200.66
2012-03-04,203.2
2012-03-05,203.2
2012-03-06,203.2
2012-03-07,203.2
2012-03-08,203.2
2012-03-09,203.2
2012-03-10,203.2
2012-03-11,203.2
2012-03-12,203.2
2012-03-13,203.2
2012-03-14,203.2
2012-03-15,203.2
2012-03-16,203.2
2012-03-17,203.2
2012-03-18,203.2
2012-03-19,208.27999999999997
2012-03-20,208.27999999999997
2012-03-21,208.27999999999997
2012-03-22,208.27999999999997
2012-03-23,208.27999999999997
2012-03-24,208.27999999999997
2012-03-25,208.27999999999997
2012-03-26,203.2
2012-03-27,195.57999999999998
2012-03-28,190.5
2012-03-29,185.42
2012-03-30,177.79999999999998
2012-03-31,172.72
2012-04-01,165.1
2012-04-02,152.39999999999998
2012-04-03,152.39999999999998
2012-04-04,152.39999999999998
2012-04-05,147.32
2012-04-06,142.23999999999998
2012-04-07,132.07999999999998
2012-04-08,129.54
2012-04-09,121.91999999999999
2012-04-10,109.21999999999998
2012-04-11,99.05999999999999
2012-04-12,78.74
2012-04-13,73.66
2012-04-14,73.66
2012-04-15,83.82
2012-04-16,88.89999999999999
2012-04-17,91.44
2012-04-18,91.44
2012-04-19,88.89999999999999
2012-04-20,86.36
2012-04-21,68.58
2012-04-22,43.18
2012-04-23,33.019999999999996
2012-04-24,17.779999999999998
2012-04-25,10.16
2012-04-26,0.0
2012-04-27,0.0
2012-04-28,0.0
2012-04-29,0.0
2012-04-30,0.0
2012-05-01,0.0
2012-05-02,0.0
2012-05-03,0.0
2012-05-04,0.0
2012-05-05,0.0
2012-05-06,0.0
2012-05-07,0.0
2012-05-08,5.08
2012-05-09,0.0
2012-05-10,0.0
2012-05-11,0.0
2012-05-12,0.0
2012-05-13,0.0
2012-05-14,0.0
2012-05-15,0.0
2012-05-16,0.0
2012-05-17,0.0
2012-05-18,0.0
2012-05-19,0.0
2012-05-20,0.0
2012-05-21,0.0
2012-05-22,0.0
2012-05-23,0.0
2012-05-24,0.0
2012-05-25,0.0
2012-05-26,0.0
2012-05-27,0.0
2012-05-28,0.0
2012-05-29,0.0
2012-05-30,0.0
2012-05-31,0.0
2012-06-01,0.0
2012-06-02,0.0
2012-06-03,0.0
2012-06-04,0.0
2012-06-05,0.0
2012-06-06,0.0
2012-06-07,0.0
2012-06-08,0.0
2012-06-09,0.0
2012-06-10,0.0
2012-06-11,0.0
2012-06-12,0.0
2012-06-13,0.0
2012-06-14,0.0
2012-06-15,0.0
2012-06-16,0.0
2012-06-17,0.0
2012-06-18,0.0
2012-06-19,0.0
2012-06-20,0.0
2012-06-21,0.0
2012-06-22,0.0
2012-06-23,0.0
2012-06-24,0.0
2012-06-25,0.0
2012-06-26,0.0
2012-06-27,0.0
2012-06-28,0.0
2012-06-29,0.0
2012-06-30,0.0
2012-07-01,0.0
2012-07-02,0.0
2012-07-03,0.0
2012-07-04,0.0
2012-07-05,0.0
2012-07-06,0.0
2012-07-07,0.0
2012-07-08,0.0
2012-07-09,0.0
2012-07-10,0.0
2012-07-11,0.0
2012-07-12,0.0
2012-07-13,0.0
2012-07-14,0.0
2012-07-15,0.0
2012-07-16,0.0
2012-07-17,0.0
2012-07-18,0.0
2012-07-19,0.0
2012-07-20,0.0
2012-07-21,0.0
2012-07-22,0.0
2012-07-23,0.0
2012-07-24,0.0
2012-07-25,0.0
2012-07-26,0.0
2012-07-27,2.54
2012-07-28,0.0
2012-07-29,0.0
2012-07-30,0.0
2012-07-31,0.0
2012-08-01,0.0
2012-08-02,0.0
2012-08-03,0.0
2012-08-04,0.0
2012-08-05,0.0
2012-08-06,0.0
2012-08-07,0.0
2012-08-08,0.0
2012-08-09,0.0
2012-08-10,0.0
2012-08-11,0.0
2012-08-12,0.0
2012-08-13,0.0
2012-08-14,0.0
2012-08-15,0.0
2012-08-16,0.0
2012-08-17,0.0
2012-08-18,0.0
2012-08-19,0.0
2012-08-20,0.0
2012-08-21,0.0
2012-08-22,0.0
2012-08-23,0.0
2012-08-24,0.0
2012-08-25,0.0
2012-08-26,0.0
2012-08-27,0.0
2012-08-28,0.0
2012-08-29,0.0
2012-08-30,0.0
2012-08-31,0.0
2012-09-01,0.0
2012-09-02,0.0
2012-09-03,0.0
2012-09-04,0.0
2012-09-05,0.0
2012-09-06,0.0
2012-09-07,0.0
2012-09-08,0.0
2012-09-09,0.0
2012-09-10,0.0
2012-09-11,0.0
2012-09-12,0.0
2012-09-13,0.0
2012-09-14,0.0
2012-09-15,0.0
2012-09-16,0.0
2012-09-17,0.0
2012-09-18,0.0
2012-09-19,0.0
2012-09-20,0.0
2012-09-21,0.0
2012-09-22,0.0
2012-09-23,0.0
2012-09-24,0.0
2012-09-25,0.0
2012-09-26,0.0
2012-09-27,0.0
2012-09-28,0.0
2012-09-29,0.0
2012-09-30,0.0
2012-10-01,0.0
2012-10-02,0.0
2012-10-03,0.0
2012-10-04,0.0
2012-10-05,0.0
2012-10-06,0.0
2012-10-07,0.0
2012-10-08,0.0
2012-10-09,0.0
2012-10-10,0.0
2012-10-11,0.0
2012-10-12,0.0
2012-10-13,0.0
2012-10-14,0.0
2012-10-15,0.0
2012-10-16,0.0
2012-10-17,0.0
2012-10-18,0.0
2012-10-19,0.0
2012-10-20,0.0
2012-10-21,0.0
2012-10-22,0.0
2012-10-23,0.0
2012-10-24,0.0
2012-10-25,0.0
2012-10-26,0.0
2012-10-27,0.0
2012-10-28,0.0
2012-10-29,0.0
2012-10-30,0.0
2012-10-31,0.0
2012-11-01,0.0
2012-11-02,0.0
2012-11-03,0.0
2012-11-04,0.0
2012-11-05,0.0
2012-11-06,0.0
2012-11-07,0.0
2012-11-08,0.0
2012-11-09,0.0
2012-11-10,0.0
2012-11-11,7.619999999999999
2012-11-12,12.7
2012-11-13,12.7
2012-11-14,12.7
2012-11-15,10.16
2012-11-16,7.619999999999999
2012-11-17,7.619999999999999
2012-11-18,7.619999999999999
2012-11-19,10.16
2012-11-20,10.16
2012-11-21,10.16
2012-11-22,7.619999999999999
2012-11-23,7.619999999999999
2012-11-24,7.619999999999999
2012-11-25,5.08
2012-11-26,5.08
2012-11-27,5.08
2012-11-28,5.08
2012-11-29,5.08
2012-11-30,5.08
2012-12-01,2.54
2012-12-02,2.54
2012-12-03,0.0
2012-12-04,0.0
2012-12-05,0.0
2012-12-06,0.0
2012-12-07,0.0
2012-12-08,2.54
2012-12-09,7.619999999999999
2012-12-10,10.16
2012-12-11,15.239999999999998
2012-12-12,15.239999999999998
2012-12-13,17.779999999999998
2012-12-14,17.779999999999998
2012-12-15,27.94
2012-12-16,30.479999999999997
2012-12-17,38.099999999999994
2012-12-18,50.8
2012-12-19,55.88
2012-12-20,58.419999999999995
2012-12-21,60.959999999999994
2012-12-22,60.959999999999994
2012-12-23,60.959999999999994
2012-12-24,63.5
2012-12-25,68.58
2012-12-26,68.58
2012-12-27,76.19999999999999
2012-12-28,81.28
2012-12-29,81.28
2012-12-30,83.82
2012-12-31,83.82
2013-01-01,83.82
2013-01-02,83.82
2013-01-03,83.82
2013-01-04,83.82
2013-01-05,83.82
2013-01-06,86.36
2013-01-07,86.36
2013-01-08,86.36
2013-01-09,86.36
2013-01-10,86.36
2013-01-11,86.36
2013-01-12,88.89999999999999
2013-01-13,88.89999999999999
2013-01-14,88.89999999999999
2013-01-15,88.89999999999999
2013-01-16,91.44
2013-01-17,91.44
2013-01-18,91.44
2013-01-19,91.44
2013-01-20,91.44
2013-01-21,91.44
2013-01-22,91.44
2013-01-23,91.44
2013-01-24,91.44
2013-01-25,93.98
2013-01-26,96.52
2013-01-27,116.83999999999999
2013-01-28,121.91999999999999
2013-01-29,127.0
2013-01-30,127.0
2013-01-31,129.54
2013-02-01,132.07999999999998
2013-02-02,132.07999999999998
2013-02-03,132.07999999999998
2013-02-04,132.07999999999998
2013-02-05,132.07999999999998
2013-02-06,132.07999999999998
2013-02-07,132.07999999999998
2013-02-08,132.07999999999998
2013-02-09,134.61999999999998
2013-02-10,134.61999999999998
2013-02-11,137.16
2013-02-12,139.7
2013-02-13,139.7
2013-02-14,142.23999999999998
2013-02-15,142.23999999999998
2013-02-16,142.23999999999998
2013-02-17,142.23999999999998
2013-02-18,142.23999999999998
2013-02-19,142.23999999999998
2013-02-20,142.23999999999998
2013-02-21,152.39999999999998
2013-02-22,152.39999999999998
2013-02-23,152.39999999999998
2013-02-24,157.48
2013-02-25,157.48
2013-02-26,157.48
2013-02-27,160.01999999999998
2013-02-28,160.01999999999998
2013-03-01,162.56
2013-03-02,162.56
2013-03-03,162.56
2013-03-04,172.72
2013-03-05,182.88
2013-03-06,185.42
2013-03-07,185.42
2013-03-08,185.42
2013-03-09,190.5
2013-03-10,190.5
2013-03-11,190.5
2013-03-12,193.04
2013-03-13,193.04
2013-03-14,193.04
2013-03-15,193.04
2013-03-16,193.04
2013-03-17,198.11999999999998
2013-03-18,203.2
2013-03-19,205.73999999999998
2013-03-20,205.73999999999998
2013-03-21,208.27999999999997
2013-03-22,220.97999999999996
2013-03-23,220.97999999999996
2013-03-24,220.97999999999996
2013-03-25,220.97999999999996
2013-03-26,223.52
2013-03-27,223.52
2013-03-28,223.52
2013-03-29,223.52
2013-03-30,223.52
2013-03-31,223.52
2013-04-01,223.52
2013-04-02,226.06
2013-04-03,228.6
2013-04-04,228.6
2013-04-05,223.52
2013-04-06,228.6
2013-04-07,228.6
2013-04-08,231.14
2013-04-09,231.14
2013-04-10,254.0
2013-04-11,256.53999999999996
2013-04-12,256.53999999999996
2013-04-13,261.62
2013-04-14,271.78
2013-04-15,281.94
2013-04-16,289.56
2013-04-17,289.56
2013-04-18,294.64
2013-04-19,294.64
2013-04-20,294.64
2013-04-21,299.72
2013-04-22,299.72
2013-04-23,294.64
2013-04-24,292.09999999999997
2013-04-25,289.56
2013-04-26,284.47999999999996
2013-04-27,271.78
2013-04-28,251.46
2013-04-29,228.6
2013-04-30,205.73999999999998
2013-05-01,193.04
2013-05-02,193.04
2013-05-03,180.33999999999997
2013-05-04,165.1
2013-05-05,147.32
2013-05-06,137.16
2013-05-07,142.23999999999998
2013-05-08,144.78
2013-05-09,170.18
2013-05-10,172.72
2013-05-11,167.64
2013-05-12,157.48
2013-05-13,142.23999999999998
2013-05-14,116.83999999999999
2013-05-15,93.98
2013-05-16,73.66
2013-05-17,45.72
2013-05-18,15.239999999999998
2013-05-19,5.08
2013-05-20,0.0
2013-05-21,0.0
2013-05-22,0.0
2013-05-23,0.0
2013-05-24,0.0
2013-05-25,0.0
2013-05-26,0.0
2013-05-27,0.0
2013-05-28,0.0
2013-05-29,0.0
2013-05-30,0.0
2013-05-31,0.0
2013-06-01,0.0
2013-06-02,0.0
2013-06-03,0.0
2013-06-04,0.0
2013-06-05,0.0
2013-06-06,0.0
2013-06-07,0.0
2013-06-08,0.0
2013-06-09,0.0
2013-06-10,0.0
2013-06-11,0.0
2013-06-12,0.0
2013-06-13,0.0
2013-06-14,0.0
2013-06-15,0.0
2013-06-16,0.0
2013-06-17,0.0
2013-06-18,0.0
2013-06-19,0.0
2013-06-20,0.0
2013-06-21,0.0
2013-06-22,0.0
2013-06-23,0.0
2013-06-24,0.0
2013-06-25,0.0
2013-06-26,0.0
2013-06-27,0.0
2013-06-28,0.0
2013-06-29,0.0
2013-06-30,0.0
2013-07-01,0.0
2013-07-02,0.0
2013-07-03,0.0
2013-07-04,0.0
2013-07-05,0.0
2013-07-06,0.0
2013-07-07,0.0
2013-07-08,0.0
2013-07-09,0.0
2013-07-10,0.0
2013-07-11,0.0
2013-07-12,0.0
2013-07-13,0.0
2013-07-14,0.0
2013-07-15,0.0
2013-07-16,0.0
2013-07-17,0.0
2013-07-18,0.0
2013-07-19,0.0
2013-07-20,0.0
2013-07-21,0.0
2013-07-22,0.0
2013-07-23,0.0
2013-07-24,0.0
2013-07-25,0.0
2013-07-26,0.0
2013-07-27,0.0
2013-07-28,0.0
2013-07-29,0.0
2013-07-30,0.0
2013-07-31,0.0
2013-08-01,0.0
2013-08-02,0.0
2013-08-03,0.0
2013-08-04,0.0
2013-08-05,0.0
2013-08-06,0.0
2013-08-07,0.0
2013-08-08,0.0
2013-08-09,0.0
2013-08-10,0.0
2013-08-11,0.0
2013-08-12,0.0
2013-08-13,0.0
2013-08-14,0.0
2013-08-15,0.0
2013-08-16,0.0
2013-08-17,0.0
2013-08-18,0.0
2013-08-19,0.0
2013-08-20,0.0
2013-08-21,0.0
2013-08-22,0.0
2013-08-23,0.0
2013-08-24,0.0
2013-08-25,0.0
2013-08-26,0.0
2013-08-27,0.0
2013-08-28,0.0
2013-08-29,0.0
2013-08-30,0.0
2013-08-31,0.0
2013-09-01,0.0
2013-09-02,0.0
2013-09-03,0.0
2013-09-04,0.0
2013-09-05,0.0
2013-09-06,0.0
2013-09-07,0.0
2013-09-08,0.0
2013-09-09,0.0
2013-09-10,0.0
2013-09-11,0.0
2013-09-12,0.0
2013-09-13,0.0
2013-09-14,0.0
2013-09-15,0.0
2013-09-16,0.0
2013-09-17,0.0
2013-09-18,0.0
2013-09-19,0.0
2013-09-20,0.0
2013-09-21,0.0
2013-09-22,0.0
2013-09-23,0.0
2013-09-24,0.0
2013-09-25,0.0
2013-09-26,0.0
2013-09-27,0.0
2013-09-28,0.0
2013-09-29,0.0
2013-09-30,0.0
2013-10-01,0.0
2013-10-02,0.0
2013-10-03,0.0
2013-10-04,0.0
2013-10-05,0.0
2013-10-06,0.0
2013-10-07,0.0
2013-10-08,0.0
2013-10-09,0.0
2013-10-10,0.0
2013-10-11,10.16
2013-10-12,10.16
2013-10-13,10.16
2013-10-14,0.0
2013-10-15,15.239999999999998
2013-10-16,12.7
2013-10-17,12.7
2013-10-18,17.779999999999998
2013-10-19,17.779999999999998
2013-10-20,17.779999999999998
2013-10-21,17.779999999999998
2013-10-22,17.779999999999998
2013-10-23,17.779999999999998
2013-10-24,17.779999999999998
2013-10-25,17.779999999999998
2013-10-26,17.779999999999998
2013-10-27,17.779999999999998
2013-10-28,15.239999999999998
2013-10-29,10.16
2013-10-30,7.619999999999999
2013-10-31,7.619999999999999
2013-11-01,10.16
2013-11-02,10.16
2013-11-03,12.7
2013-11-04,12.7
2013-11-05,12.7
2013-11-06,12.7
2013-11-07,15.239999999999998
2013-11-08,15.239999999999998
2013-11-09,12.7
2013-11-10,12.7
2013-11-11,12.7
2013-11-12,12.7
2013-11-13,12.7
2013-11-14,10.16
2013-11-15,12.7
2013-11-16,22.86
2013-11-17,40.64
2013-11-18,38.099999999999994
2013-11-19,38.099999999999994
2013-11-20,40.64
2013-11-21,43.18
2013-11-22,50.8
2013-11-23,55.88
2013-11-24,63.5
2013-11-25,68.58
2013-11-26,68.58
2013-11-27,68.58
2013-11-28,68.58
2013-11-29,68.58
2013-11-30,68.58
2013-12-01,68.58
2013-12-02,68.58
2013-12-03,68.58
2013-12-04,91.44
2013-12-05,96.52
2013-12-06,96.52
2013-12-07,96.52
2013-12-08,111.76
2013-12-09,114.3
2013-12-10,114.3
2013-12-11,114.3
2013-12-12,111.76
2013-12-13,111.76
2013-12-14,111.76
2013-12-15,111.76
2013-12-16,114.3
2013-12-17,114.3
2013-12-18,114.3
2013-12-19,116.83999999999999
2013-12-20,116.83999999999999
2013-12-21,121.91999999999999
2013-12-22,121.91999999999999
2013-12-23,121.91999999999999
2013-12-24,124.46000000000001
2013-12-25,127.0
2013-12-26,127.0
2013-12-27,129.54
2013-12-28,129.54
2013-12-29,129.54
2013-12-30,129.54
2013-12-31,132.07999999999998
2014-01-01,134.61999999999998
2014-01-02,134.61999999999998
2014-01-03,137.16
2014-01-04,137.16
2014-01-05,142.23999999999998
2014-01-06,142.23999999999998
2014-01-07,144.78
2014-01-08,149.86
2014-01-09,152.39999999999998
2014-01-10,167.64
2014-01-11,172.72
2014-01-12,172.72
2014-01-13,175.26
2014-01-14,175.26
2014-01-15,177.79999999999998
2014-01-16,177.79999999999998
2014-01-17,177.79999999999998
2014-01-18,177.79999999999998
2014-01-19,177.79999999999998
2014-01-20,177.79999999999998
2014-01-21,177.79999999999998
2014-01-22,177.79999999999998
2014-01-23,177.79999999999998
2014-01-24,177.79999999999998
2014-01-25,177.79999999999998
2014-01-26,177.79999999999998
2014-01-27,177.79999999999998
2014-01-28,180.33999999999997
2014-01-29,180.33999999999997
2014-01-30,187.96
2014-01-31,228.6
2014-02-01,236.22
2014-02-02,236.22
2014-02-03,236.22
2014-02-04,241.29999999999998
2014-02-05,243.83999999999997
2014-02-06,243.83999999999997
2014-02-07,248.92000000000002
2014-02-08,254.0
2014-02-09,271.78
2014-02-10,294.64
2014-02-11,299.72
2014-02-12,299.72
2014-02-13,302.26
2014-02-14,307.34
2014-02-15,309.87999999999994
2014-02-16,309.87999999999994
2014-02-17,309.87999999999994
2014-02-18,309.87999999999994
2014-02-19,309.87999999999994
2014-02-20,317.5
2014-02-21,317.5
2014-02-22,317.5
2014-02-23,317.5
2014-02-24,317.5
2014-02-25,317.5
2014-02-26,317.5
2014-02-27,317.5
2014-02-28,330.2
2014-03-01,337.82
2014-03-02,353.06
2014-03-03,355.59999999999997
2014-03-04,355.59999999999997
2014-03-05,355.59999999999997
2014-03-06,355.59999999999997
2014-03-07,358.14
2014-03-08,360.67999999999995
2014-03-09,360.67999999999995
2014-03-10,360.67999999999995
2014-03-11,360.67999999999995
2014-03-12,360.67999999999995
2014-03-13,360.67999999999995
2014-03-14,360.67999999999995
2014-03-15,360.67999999999995
2014-03-16,360.67999999999995
2014-03-17,360.67999999999995
2014-03-18,360.67999999999995
2014-03-19,360.67999999999995
2014-03-20,360.67999999999995
2014-03-21,363.21999999999997
2014-03-22,363.21999999999997
2014-03-23,365.76
2014-03-24,368.29999999999995
2014-03-25,368.29999999999995
2014-03-26,370.84
2014-03-27,386.08
2014-03-28,403.86
2014-03-29,403.86
2014-03-30,403.86
2014-03-31,403.86
2014-04-01,411.47999999999996
2014-04-02,414.02
2014-04-03,414.02
2014-04-04,414.02
2014-04-05,416.55999999999995
2014-04-06,416.55999999999995
2014-04-07,416.55999999999995
2014-04-08,416.55999999999995
2014-04-09,411.47999999999996
2014-04-10,391.15999999999997
2014-04-11,378.46
2014-04-12,370.84
2014-04-13,370.84
2014-04-14,375.92
2014-04-15,375.92
2014-04-16,375.92
2014-04-17,373.37999999999994
2014-04-18,360.67999999999995
2014-04-19,350.52
2014-04-20,345.44
2014-04-21,332.73999999999995
2014-04-22,314.96
2014-04-23,307.34
2014-04-24,297.17999999999995
2014-04-25,281.94
2014-04-26,264.15999999999997
2014-04-27,256.53999999999996
2014-04-28,259.08
2014-04-29,264.15999999999997
2014-04-30,264.15999999999997
2014-05-01,264.15999999999997
2014-05-02,259.08
2014-05-03,236.22
2014-05-04,210.82
2014-05-05,185.42
2014-05-06,160.01999999999998
2014-05-07,142.23999999999998
2014-05-08,121.91999999999999
2014-05-09,124.46000000000001
2014-05-10,127.0
2014-05-11,127.0
2014-05-12,149.86
2014-05-13,157.48
2014-05-14,154.93999999999997
2014-05-15,152.39999999999998
2014-05-16,144.78
2014-05-17,137.16
2014-05-18,116.83999999999999
2014-05-19,86.36
2014-05-20,50.8
2014-05-21,20.32
2014-05-22,10.16
2014-05-23,2.54
2014-05-24,0.0
2014-05-25,0.0
2014-05-26,0.0
2014-05-27,0.0
2014-05-28,0.0
2014-05-29,0.0
2014-05-30,0.0
2014-05-31,0.0
2014-06-01,0.0
2014-06-02,0.0
2014-06-03,0.0
2014-06-04,0.0
2014-06-05,0.0
2014-06-06,0.0
2014-06-07,0.0
2014-06-08,0.0
2014-06-09,0.0
2014-06-10,0.0
2014-06-11,0.0
2014-06-12,0.0
2014-06-13,0.0
2014-06-14,0.0
2014-06-15,0.0
2014-06-16,0.0
2014-06-17,0.0
2014-06-18,0.0
2014-06-19,0.0
2014-06-20,0.0
2014-06-21,0.0
2014-06-22,0.0
2014-06-23,0.0
2014-06-24,0.0
2014-06-25,0.0
2014-06-26,0.0
2014-06-27,0.0
2014-06-28,0.0
2014-06-29,0.0
2014-06-30,0.0
2014-07-01,0.0
2014-07-02,0.0
2014-07-03,0.0
2014-07-04,0.0
2014-07-05,0.0
2014-07-06,0.0
2014-07-07,0.0
2014-07-08,0.0
2014-07-09,0.0
2014-07-10,0.0
2014-07-11,0.0
2014-07-12,0.0
2014-07-13,0.0
2014-07-14,0.0
2014-07-15,0.0
2014-07-16,0.0
2014-07-17,0.0
2014-07-18,0.0
2014-07-19,0.0
2014-07-20,0.0
2014-07-21,0.0
2014-07-22,0.0
2014-07-23,0.0
2014-07-24,0.0
2014-07-25,0.0
2014-07-26,0.0
2014-07-27,0.0
2014-07-28,0.0
2014-07-29,0.0
2014-07-30,0.0
2014-07-31,0.0
2014-08-01,0.0
2014-08-02,0.0
2014-08-03,0.0
2014-08-04,0.0
2014-08-05,0.0
2014-08-06,0.0
2014-08-07,0.0
2014-08-08,0.0
2014-08-09,0.0
2014-08-10,0.0
2014-08-11,0.0
2014-08-12,0.0
2014-08-13,0.0
2014-08-14,0.0
2014-08-15,0.0
2014-08-16,0.0
2014-08-17,0.0
2014-08-18,0.0
2014-08-19,0.0
2014-08-20,0.0
2014-08-21,0.0
2014-08-22,0.0
2014-08-23,0.0
2014-08-24,0.0
2014-08-25,0.0
2014-08-26,0.0
2014-08-27,0.0
2014-08-28,0.0
2014-08-29,0.0
2014-08-30,0.0
2014-08-31,0.0
2014-09-01,0.0
2014-09-02,0.0
2014-09-03,0.0
2014-09-04,0.0
2014-09-05,0.0
2014-09-06,0.0
2014-09-07,0.0
2014-09-08,0.0
2014-09-09,0.0
2014-09-10,0.0
2014-09-11,0.0
2014-09-12,0.0
2014-09-13,0.0
2014-09-14,0.0
2014-09-15,0.0
2014-09-16,0.0
2014-09-17,0.0
2014-09-18,0.0
2014-09-19,0.0
2014-09-20,0.0
2014-09-21,0.0
2014-09-22,0.0
2014-09-23,0.0
2014-09-24,0.0
2014-09-25,0.0
2014-09-26,0.0
2014-09-27,0.0
2014-09-28,0.0
2014-09-29,0.0
2014-09-30,0.0
2014-10-01,0.0
2014-10-02,0.0
2014-10-03,0.0
2014-10-04,0.0
2014-10-05,0.0
2014-10-06,0.0
2014-10-07,0.0
2014-10-08,0.0
2014-10-09,0.0
2014-10-10,0.0
2014-10-11,0.0
2014-10-12,0.0
2014-10-13,5.08
2014-10-14,2.54
2014-10-15,0.0
2014-10-16,0.0
2014-10-17,0.0
2014-10-18,0.0
2014-10-19,0.0
2014-10-20,0.0
2014-10-21,0.0
2014-10-22,0.0
2014-10-23,0.0
2014-10-24,0.0
2014-10-25,0.0
2014-10-26,0.0
2014-10-27,0.0
2014-10-28,0.0
2014-10-29,0.0
2014-10-30,0.0
2014-10-31,0.0
2014-11-01,0.0
2014-11-02,0.0
2014-11-03,5.08
2014-11-04,7.619999999999999
2014-11-05,7.619999999999999
2014-11-06,7.619999999999999
2014-11-07,7.619999999999999
2014-11-08,7.619999999999999
2014-11-09,7.619999999999999
2014-11-10,7.619999999999999
2014-11-11,7.619999999999999
2014-11-12,7.619999999999999
2014-11-13,7.619999999999999
2014-11-14,27.94
2014-11-15,43.18
2014-11-16,63.5
2014-11-17,66.03999999999999
2014-11-18,66.03999999999999
2014-11-19,66.03999999999999
2014-11-20,66.03999999999999
2014-11-21,66.03999999999999
2014-11-22,66.03999999999999
2014-11-23,76.19999999999999
2014-11-24,78.74
2014-11-25,83.82
2014-11-26,91.44
2014-11-27,91.44
2014-11-28,91.44
2014-11-29,91.44
2014-11-30,91.44
2014-12-01,91.44
2014-12-02,93.98
2014-12-03,96.52
2014-12-04,99.05999999999999
2014-12-05,99.05999999999999
2014-12-06,99.05999999999999
2014-12-07,99.05999999999999
2014-12-08,99.05999999999999
2014-12-09,101.6
2014-12-10,101.6
2014-12-11,101.6
2014-12-12,101.6
2014-12-13,101.6
2014-12-14,106.67999999999999
2014-12-15,106.67999999999999
2014-12-16,109.21999999999998
2014-12-17,109.21999999999998
2014-12-18,111.76
2014-12-19,114.3
2014-12-20,114.3
2014-12-21,119.38
2014-12-22,134.61999999999998
2014-12-23,139.7
2014-12-24,142.23999999999998
2014-12-25,144.78
2014-12-26,152.39999999999998
2014-12-27,152.39999999999998
2014-12-28,152.39999999999998
2014-12-29,157.48
2014-12-30,162.56
2014-12-31,165.1
2015-01-01,165.1
2015-01-02,167.64
2015-01-03,167.64
2015-01-04,167.64
2015-01-05,167.64
2015-01-06,167.64
2015-01-07,167.64
2015-01-08,167.64
2015-01-09,167.64
2015-01-10,170.18
2015-01-11,170.18
2015-01-12,172.72
2015-01-13,175.26
2015-01-14,180.33999999999997
2015-01-15,180.33999999999997
2015-01-16,180.33999999999997
2015-01-17,180.33999999999997
2015-01-18,180.33999999999997
2015-01-19,180.33999999999997
2015-01-20,182.88
2015-01-21,182.88
2015-01-22,182.88
2015-01-23,182.88
2015-01-24,182.88
2015-01-25,182.88
2015-01-26,182.88
2015-01-27,182.88
2015-01-28,185.42
2015-01-29,185.42
2015-01-30,185.42
2015-01-31,195.57999999999998
2015-02-01,195.57999999999998
2015-02-02,198.11999999999998
2015-02-03,198.11999999999998
2015-02-04,200.66
2015-02-05,205.73999999999998
2015-02-06,205.73999999999998
2015-02-07,205.73999999999998
2015-02-08,205.73999999999998
2015-02-09,203.2
2015-02-10,203.2
2015-02-11,203.2
2015-02-12,203.2
2015-02-13,203.2
2015-02-14,203.2
2015-02-15,203.2
2015-02-16,203.2
2015-02-17,203.2
2015-02-18,203.2
2015-02-19,203.2
2015-02-20,205.73999999999998
2015-02-21,205.73999999999998
2015-02-22,205.73999999999998
2015-02-23,226.06
2015-02-24,231.14
2015-02-25,231.14
2015-02-26,233.67999999999998
2015-02-27,236.22
2015-02-28,238.76
2015-03-01,248.92000000000002
2015-03-02,261.62
2015-03-03,269.23999999999995
2015-03-04,276.86
2015-03-05,276.86
2015-03-06,276.86
2015-03-07,276.86
2015-03-08,276.86
2015-03-09,276.86
2015-03-10,276.86
2015-03-11,276.86
2015-03-12,276.86
2015-03-13,276.86
2015-03-14,276.86
2015-03-15,276.86
2015-03-16,276.86
2015-03-17,276.86
2015-03-18,276.86
2015-03-19,279.4
2015-03-20,279.4
2015-03-21,279.4
2015-03-22,279.4
2015-03-23,279.4
2015-03-24,281.94
2015-03-25,287.02
2015-03-26,292.09999999999997
2015-03-27,292.09999999999997
2015-03-28,287.02
2015-03-29,287.02
2015-03-30,287.02
2015-03-31,284.47999999999996
2015-04-01,281.94
2015-04-02,281.94
2015-04-03,284.47999999999996
2015-04-04,284.47999999999996
2015-04-05,284.47999999999996
2015-04-06,276.86
2015-04-07,269.23999999999995
2015-04-08,261.62
2015-04-09,251.46
2015-04-10,248.92000000000002
2015-04-11,246.37999999999997
2015-04-12,238.76
2015-04-13,233.67999999999998
2015-04-14,223.52
2015-04-15,208.27999999999997
2015-04-16,200.66
2015-04-17,205.73999999999998
2015-04-18,228.6
2015-04-19,233.67999999999998
2015-04-20,233.67999999999998
2015-04-21,233.67999999999998
2015-04-22,231.14
2015-04-23,226.06
2015-04-24,226.06
2015-04-25,226.06
2015-04-26,231.14
2015-04-27,231.14
2015-04-28,233.67999999999998
2015-04-29,228.6
2015-04-30,205.73999999999998
2015-05-01,182.88
2015-05-02,165.1
2015-05-03,147.32
2015-05-04,139.7
2015-05-05,132.07999999999998
2015-05-06,134.61999999999998
2015-05-07,137.16
2015-05-08,127.0
2015-05-09,121.91999999999999
2015-05-10,129.54
2015-05-11,132.07999999999998
2015-05-12,119.38
2015-05-13,109.21999999999998
2015-05-14,91.44
2015-05-15,81.28
2015-05-16,88.89999999999999
2015-05-17,93.98
2015-05-18,93.98
2015-05-19,81.28
2015-05-20,91.44
2015-05-21,83.82
2015-05-22,71.11999999999999
2015-05-23,55.88
2015-05-24,50.8
2015-05-25,53.339999999999996
2015-05-26,48.26
2015-05-27,40.64
2015-05-28,27.94
2015-05-29,12.7
2015-05-30,0.0
2015-05-31,0.0
2015-06-01,0.0
2015-06-02,0.0
2015-06-03,0.0
2015-06-04,0.0
2015-06-05,0.0
2015-06-06,0.0
2015-06-07,0.0
2015-06-08,0.0
2015-06-09,0.0
2015-06-10,0.0
2015-06-11,0.0
2015-06-12,0.0
2015-06-13,0.0
2015-06-14,0.0
2015-06-15,0.0
2015-06-16,0.0
2015-06-17,0.0
2015-06-18,0.0
2015-06-19,0.0
2015-06-20,0.0
2015-06-21,0.0
2015-06-22,0.0
2015-06-23,0.0
2015-06-24,0.0
2015-06-25,0.0
2015-06-26,0.0
2015-06-27,0.0
2015-06-28,0.0
2015-06-29,0.0
2015-06-30,0.0
2015-07-01,0.0
2015-07-02,0.0
2015-07-03,0.0
2015-07-04,0.0
2015-07-05,0.0
2015-07-06,0.0
2015-07-07,0.0
2015-07-08,0.0
2015-07-09,0.0
2015-07-10,0.0
2015-07-11,0.0
2015-07-12,0.0
2015-07-13,0.0
2015-07-14,0.0
2015-07-15,0.0
2015-07-16,0.0
2015-07-17,0.0
2015-07-18,0.0
2015-07-19,0.0
2015-07-20,0.0
2015-07-21,0.0
2015-07-22,0.0
2015-07-23,0.0
2015-07-24,0.0
2015-07-25,0.0
2015-07-26,0.0
2015-07-27,0.0
2015-07-28,0.0
2015-07-29,0.0
2015-07-30,0.0
2015-07-31,0.0
2015-08-01,0.0
2015-08-02,0.0
2015-08-03,0.0
2015-08-04,0.0
2015-08-05,0.0
2015-08-06,0.0
2015-08-07,0.0
2015-08-08,0.0
2015-08-09,0.0
2015-08-10,0.0
2015-08-11,0.0
2015-08-12,0.0
2015-08-13,0.0
2015-08-14,0.0
2015-08-15,0.0
2015-08-16,0.0
2015-08-17,0.0
2015-08-18,0.0
2015-08-19,0.0
2015-08-20,0.0
2015-08-21,0.0
2015-08-22,0.0
2015-08-23,0.0
2015-08-24,0.0
2015-08-25,0.0
2015-08-26,0.0
2015-08-27,0.0
2015-08-28,0.0
2015-08-29,0.0
2015-08-30,0.0
2015-08-31,0.0
2015-09-01,0.0
2015-09-02,0.0
2015-09-03,0.0
2015-09-04,0.0
2015-09-05,0.0
2015-09-06,0.0
2015-09-07,0.0
2015-09-08,0.0
2015-09-09,0.0
2015-09-10,0.0
2015-09-11,0.0
2015-09-12,0.0
2015-09-13,0.0
2015-09-14,0.0
2015-09-15,0.0
2015-09-16,0.0
2015-09-17,0.0
2015-09-18,0.0
2015-09-19,0.0
2015-09-20,0.0
2015-09-21,0.0
2015-09-22,0.0
2015-09-23,0.0
2015-09-24,0.0
2015-09-25,0.0
2015-09-26,0.0
2015-09-27,0.0
2015-09-28,0.0
2015-09-29,0.0
2015-09-30,0.0
2015-10-01,0.0
2015-10-02,0.0
2015-10-03,0.0
2015-10-04,0.0
2015-10-05,0.0
2015-10-06,0.0
2015-10-07,0.0
2015-10-08,0.0
2015-10-09,0.0
2015-10-10,0.0
2015-10-11,0.0
2015-10-12,0.0
2015-10-13,0.0
2015-10-14,0.0
2015-10-15,0.0
2015-10-16,0.0
2015-10-17,0.0
2015-10-18,0.0
2015-10-19,0.0
2015-10-20,0.0
2015-10-21,0.0
2015-10-22,0.0
2015-10-23,10.16
2015-10-24,10.16
2015-10-25,10.16
2015-10-26,10.16
2015-10-27,7.619999999999999
2015-10-28,7.619999999999999
2015-10-29,7.619999999999999
2015-10-30,7.619999999999999
2015-10-31,7.619999999999999
2015-11-01,7.619999999999999
2015-11-02,7.619999999999999
2015-11-03,7.619999999999999
2015-11-04,7.619999999999999
2015-11-05,17.779999999999998
2015-11-06,17.779999999999998
2015-11-07,17.779999999999998
2015-11-08,27.94
2015-11-09,30.479999999999997
2015-11-10,30.479999999999997
2015-11-11,33.019999999999996
2015-11-12,33.019999999999996
2015-11-13,35.559999999999995
2015-11-14,35.559999999999995
2015-11-15,35.559999999999995
2015-11-16,38.099999999999994
2015-11-17,48.26
2015-11-18,48.26
2015-11-19,50.8
2015-11-20,50.8
2015-11-21,50.8
2015-11-22,55.88
2015-11-23,60.959999999999994
2015-11-24,60.959999999999994
2015-11-25,60.959999999999994
2015-11-26,60.959999999999994
2015-11-27,60.959999999999994
2015-11-28,60.959999999999994
2015-11-29,60.959999999999994
2015-11-30,60.959999999999994
2015-12-01,63.5
2015-12-02,63.5
2015-12-03,63.5
2015-12-04,60.959999999999994
2015-12-05,60.959999999999994
2015-12-06,63.5
2015-12-07,63.5
2015-12-08,63.5
2015-12-09,63.5
2015-12-10,66.03999999999999
2015-12-11,66.03999999999999
2015-12-12,66.03999999999999
2015-12-13,73.66
2015-12-14,73.66
2015-12-15,73.66
2015-12-16,73.66
2015-12-17,73.66
2015-12-18,73.66
2015-12-19,73.66
2015-12-20,73.66
2015-12-21,78.74
2015-12-22,93.98
2015-12-23,119.38
2015-12-24,124.46000000000001
2015-12-25,129.54
2015-12-26,139.7
2015-12-27,139.7
2015-12-28,142.23999999999998
2015-12-29,142.23999999999998
2015-12-30,142.23999999999998
2015-12-31,144.78
2016-01-01,147.32
2016-01-02,149.86
2016-01-03,149.86
2016-01-04,149.86
2016-01-05,149.86
2016-01-06,149.86
2016-01-07,154.93999999999997
2016-01-08,154.93999999999997
2016-01-09,154.93999999999997
2016-01-10,154.93999999999997
2016-01-11,154.93999999999997
2016-01-12,154.93999999999997
2016-01-13,154.93999999999997
2016-01-14,154.93999999999997
2016-01-15,157.48
2016-01-16,160.01999999999998
2016-01-17,167.64
2016-01-18,170.18
2016-01-19,172.72
2016-01-20,172.72
2016-01-21,182.88
2016-01-22,182.88
2016-01-23,185.42
2016-01-24,185.42
2016-01-25,187.96
2016-01-26,187.96
2016-01-27,187.96
2016-01-28,187.96
2016-01-29,190.5
2016-01-30,190.5
2016-01-31,205.73999999999998
2016-02-01,231.14
2016-02-02,246.37999999999997
2016-02-03,246.37999999999997
2016-02-04,246.37999999999997
2016-02-05,248.92000000000002
2016-02-06,248.92000000000002
2016-02-07,251.46
2016-02-08,251.46
2016-02-09,251.46
2016-02-10,251.46
2016-02-11,251.46
2016-02-12,251.46
2016-02-13,251.46
2016-02-14,251.46
2016-02-15,254.0
2016-02-16,254.0
2016-02-17,254.0
2016-02-18,254.0
2016-02-19,256.53999999999996
2016-02-20,256.53999999999996
2016-02-21,256.53999999999996
2016-02-22,256.53999999999996
2016-02-23,256.53999999999996
2016-02-24,256.53999999999996
2016-02-25,256.53999999999996
2016-02-26,256.53999999999996
2016-02-27,259.08
2016-02-28,259.08
2016-02-29,259.08
2016-03-01,261.62
2016-03-02,261.62
2016-03-03,261.62
2016-03-04,261.62
2016-03-05,261.62
2016-03-06,261.62
2016-03-07,266.7
2016-03-08,276.86
2016-03-09,276.86
2016-03-10,276.86
2016-03-11,276.86
2016-03-12,274.32
2016-03-13,269.23999999999995
2016-03-14,271.78
2016-03-15,276.86
2016-03-16,292.09999999999997
2016-03-17,294.64
2016-03-18,294.64
2016-03-19,297.17999999999995
2016-03-20,297.17999999999995
2016-03-21,299.72
2016-03-22,299.72
2016-03-23,302.26
2016-03-24,307.34
2016-03-25,307.34
2016-03-26,317.5
2016-03-27,317.5
2016-03-28,317.5
2016-03-29,317.5
2016-03-30,325.12
2016-03-31,330.2
2016-04-01,332.73999999999995
2016-04-02,332.73999999999995
2016-04-03,335.28
2016-04-04,335.28
2016-04-05,335.28
2016-04-06,337.82
2016-04-07,337.82
2016-04-08,330.2
2016-04-09,320.03999999999996
2016-04-10,322.58
2016-04-11,314.96
2016-04-12,307.34
2016-04-13,297.17999999999995
2016-04-14,284.47999999999996
2016-04-15,274.32
2016-04-16,284.47999999999996
2016-04-17,292.09999999999997
2016-04-18,297.17999999999995
2016-04-19,299.72
2016-04-20,304.79999999999995
2016-04-21,309.87999999999994
2016-04-22,302.26
2016-04-23,294.64
2016-04-24,289.56
2016-04-25,287.02
2016-04-26,284.47999999999996
2016-04-27,287.02
2016-04-28,287.02
2016-04-29,289.56
2016-04-30,307.34
2016-05-01,307.34
2016-05-02,309.87999999999994
2016-05-03,304.79999999999995
2016-05-04,292.09999999999997
2016-05-05,271.78
2016-05-06,251.46
2016-05-07,238.76
2016-05-08,236.22
2016-05-09,233.67999999999998
2016-05-10,231.14
2016-05-11,243.83999999999997
2016-05-12,238.76
2016-05-13,218.43999999999997
2016-05-14,190.5
2016-05-15,165.1
2016-05-16,152.39999999999998
2016-05-17,144.78
2016-05-18,149.86
2016-05-19,149.86
2016-05-20,132.07999999999998
2016-05-21,104.13999999999999
2016-05-22,71.11999999999999
2016-05-23,40.64
2016-05-24,27.94
2016-05-25,7.619999999999999
2016-05-26,0.0
2016-05-27,0.0
2016-05-28,0.0
2016-05-29,0.0
2016-05-30,0.0
2016-05-31,0.0
2016-06-01,0.0
2016-06-02,0.0
2016-06-03,0.0
2016-06-04,0.0
2016-06-05,0.0
2016-06-06,0.0
2016-06-07,0.0
2016-06-08,0.0
2016-06-09,0.0
2016-06-10,0.0
2016-06-11,0.0
2016-06-12,0.0
2016-06-13,0.0
2016-06-14,0.0
2016-06-15,0.0
2016-06-16,0.0
2016-06-17,0.0
2016-06-18,0.0
2016-06-19,0.0
2016-06-20,0.0
2016-06-21,0.0
2016-06-22,0.0
2016-06-23,0.0
2016-06-24,0.0
2016-06-25,0.0
2016-06-26,0.0
2016-06-27,0.0
2016-06-28,0.0
2016-06-29,0.0
2016-06-30,0.0
2016-07-01,0.0
2016-07-02,0.0
2016-07-03,0.0
2016-07-04,0.0
2016-07-05,0.0
2016-07-06,0.0
2016-07-07,0.0
2016-07-08,0.0
2016-07-09,0.0
2016-07-10,0.0
2016-07-11,0.0
2016-07-12,0.0
2016-07-13,0.0
2016-07-14,0.0
2016-07-15,0.0
2016-07-16,0.0
2016-07-17,0.0
2016-07-18,0.0
2016-07-19,0.0
2016-07-20,0.0
2016-07-21,0.0
2016-07-22,0.0
2016-07-23,0.0
2016-07-24,0.0
2016-07-25,0.0
2016-07-26,0.0
2016-07-27,0.0
2016-07-28,0.0
2016-07-29,0.0
2016-07-30,0.0
2016-07-31,0.0
2016-08-01,0.0
2016-08-02,0.0
2016-08-03,0.0
2016-08-04,0.0
2016-08-05,0.0
2016-08-06,0.0
2016-08-07,0.0
2016-08-08,0.0
2016-08-09,0.0
2016-08-10,0.0
2016-08-11,0.0
2016-08-12,0.0
2016-08-13,0.0
2016-08-14,0.0
2016-08-15,0.0
2016-08-16,0.0
2016-08-17,0.0
2016-08-18,0.0
2016-08-19,0.0
2016-08-20,0.0
2016-08-21,0.0
2016-08-22,0.0
2016-08-23,0.0
2016-08-24,0.0
2016-08-25,0.0
2016-08-26,0.0
2016-08-27,0.0
2016-08-28,0.0
2016-08-29,0.0
2016-08-30,0.0
2016-08-31,0.0
2016-09-01,0.0
2016-09-02,0.0
2016-09-03,0.0
2016-09-04,0.0
2016-09-05,0.0
2016-09-06,0.0
2016-09-07,0.0
2016-09-08,0.0
2016-09-09,0.0
2016-09-10,0.0
2016-09-11,0.0
2016-09-12,0.0
2016-09-13,0.0
2016-09-14,0.0
2016-09-15,0.0
2016-09-16,0.0
2016-09-17,0.0
2016-09-18,0.0
2016-09-19,0.0
2016-09-20,0.0
2016-09-21,0.0
2016-09-22,0.0
2016-09-23,0.0
2016-09-24,0.0
2016-09-25,0.0
2016-09-26,0.0
2016-09-27,0.0
2016-09-28,0.0
2016-09-29,0.0
2016-09-30,0.0
2016-10-01,0.0
2016-10-02,0.0
2016-10-03,0.0
2016-10-04,0.0
2016-10-05,0.0
2016-10-06,0.0
2016-10-07,0.0
2016-10-08,0.0
2016-10-09,0.0
2016-10-10,0.0
2016-10-11,0.0
2016-10-12,0.0
2016-10-13,0.0
2016-10-14,0.0
2016-10-15,0.0
2016-10-16,0.0
2016-10-17,0.0
2016-10-18,0.0
2016-10-19,0.0
2016-10-20,0.0
2016-10-21,0.0
2016-10-22,0.0
2016-10-23,0.0
2016-10-24,0.0
2016-10-25,0.0
2016-10-26,0.0
2016-10-27,0.0
2016-10-28,0.0
2016-10-29,0.0
2016-10-30,0.0
2016-10-31,0.0
2016-11-01,0.0
2016-11-02,0.0
2016-11-03,0.0
2016-11-04,0.0
2016-11-05,0.0
2016-11-06,0.0
2016-11-07,0.0
2016-11-08,0.0
2016-11-09,0.0
2016-11-10,0.0
2016-11-11,0.0
2016-11-12,0.0
2016-11-13,0.0
2016-11-14,0.0
2016-11-15,0.0
2016-11-16,0.0
2016-11-17,0.0
2016-11-18,2.54
2016-11-19,7.619999999999999
2016-11-20,7.619999999999999
2016-11-21,7.619999999999999
2016-11-22,15.239999999999998
2016-11-23,15.239999999999998
2016-11-24,17.779999999999998
2016-11-25,17.779999999999998
2016-11-26,17.779999999999998
2016-11-27,20.32
2016-11-28,35.559999999999995
2016-11-29,40.64
2016-11-30,38.099999999999994
2016-12-01,38.099999999999994
2016-12-02,38.099999999999994
2016-12-03,38.099999999999994
2016-12-04,38.099999999999994
2016-12-05,40.64
2016-12-06,40.64
2016-12-07,43.18
2016-12-08,43.18
2016-12-09,50.8
2016-12-10,58.419999999999995
2016-12-11,63.5
2016-12-12,78.74
2016-12-13,78.74
2016-12-14,81.28
2016-12-15,88.89999999999999
2016-12-16,96.52
2016-12-17,139.7
2016-12-18,139.7
2016-12-19,139.7
2016-12-20,142.23999999999998
2016-12-21,142.23999999999998
2016-12-22,144.78
2016-12-23,160.01999999999998
2016-12-24,167.64
2016-12-25,175.26
2016-12-26,177.79999999999998
2016-12-27,177.79999999999998
2016-12-28,180.33999999999997
2016-12-29,182.88
2016-12-30,182.88
2016-12-31,182.88
2017-01-01,182.88
2017-01-02,185.42
2017-01-03,190.5
2017-01-04,190.5
2017-01-05,226.06
2017-01-06,251.46
2017-01-07,251.46
2017-01-08,254.0
2017-01-09,279.4
2017-01-10,314.96
2017-01-11,322.58
2017-01-12,337.82
2017-01-13,347.97999999999996
2017-01-14,350.52
2017-01-15,355.59999999999997
2017-01-16,355.59999999999997
2017-01-17,355.59999999999997
2017-01-18,355.59999999999997
2017-01-19,355.59999999999997
2017-01-20,358.14
2017-01-21,363.21999999999997
2017-01-22,363.21999999999997
2017-01-23,370.84
2017-01-24,386.08
2017-01-25,388.62
2017-01-26,391.15999999999997
2017-01-27,391.15999999999997
2017-01-28,391.15999999999997
2017-01-29,393.7
2017-01-30,393.7
2017-01-31,396.23999999999995
2017-02-01,396.23999999999995
2017-02-02,396.23999999999995
2017-02-03,396.23999999999995
2017-02-04,398.78
2017-02-05,398.78
2017-02-06,398.78
2017-02-07,401.32
2017-02-08,434.34000000000003
2017-02-09,447.04
2017-02-10,447.04
2017-02-11,449.58
2017-02-12,459.74
2017-02-13,459.74
2017-02-14,459.74
2017-02-15,462.28
2017-02-16,462.28
2017-02-17,464.82
2017-02-18,464.82
2017-02-19,467.35999999999996
2017-02-20,472.44
2017-02-21,472.44
2017-02-22,472.44
2017-02-23,472.44
2017-02-24,477.52
2017-02-25,477.52
2017-02-26,480.05999999999995
2017-02-27,482.59999999999997
2017-02-28,492.75999999999993
2017-03-01,502.92
2017-03-02,505.4599999999999
2017-03-03,508.0
2017-03-04,510.54
2017-03-05,513.0799999999999
2017-03-06,513.0799999999999
2017-03-07,518.16
2017-03-08,520.6999999999999
2017-03-09,520.6999999999999
2017-03-10,523.24
2017-03-11,523.24
2017-03-12,523.24
2017-03-13,523.24
2017-03-14,523.24
2017-03-15,523.24
2017-03-16,523.24
2017-03-17,523.24
2017-03-18,523.24
2017-03-19,523.24
2017-03-20,523.24
2017-03-21,523.24
2017-03-22,523.24
2017-03-23,523.24
2017-03-24,523.24
2017-03-25,525.78
2017-03-26,525.78
2017-03-27,528.3199999999999
2017-03-28,528.3199999999999
2017-03-29,530.8599999999999
2017-03-30,533.4
2017-03-31,533.4
2017-04-01,533.4
2017-04-02,535.94
2017-04-03,538.4799999999999
2017-04-04,538.4799999999999
2017-04-05,541.02
2017-04-06,541.02
2017-04-07,541.02
2017-04-08,535.94
2017-04-09,528.3199999999999
2017-04-10,528.3199999999999
2017-04-11,523.24
2017-04-12,508.0
2017-04-13,508.0
2017-04-14,485.14
2017-04-15,472.44
2017-04-16,457.2
2017-04-17,439.42
2017-04-18,424.17999999999995
2017-04-19,398.78
2017-04-20,398.78
2017-04-21,391.15999999999997
2017-04-22,406.4
2017-04-23,401.32
2017-04-24,368.29999999999995
2017-04-25,363.21999999999997
2017-04-26,368.29999999999995
2017-04-27,373.37999999999994
2017-04-28,388.62
2017-04-29,391.15999999999997
2017-04-30,396.23999999999995
2017-05-01,393.7
2017-05-02,388.62
2017-05-03,388.62
2017-05-04,391.15999999999997
2017-05-05,363.21999999999997
2017-05-06,327.65999999999997
2017-05-07,307.34
2017-05-08,287.02
2017-05-09,276.86
2017-05-10,269.23999999999995
2017-05-11,264.15999999999997
2017-05-12,231.14
2017-05-13,208.27999999999997
2017-05-14,175.26
2017-05-15,149.86
2017-05-16,127.0
2017-05-17,116.83999999999999
2017-05-18,121.91999999999999
2017-05-19,129.54
2017-05-20,132.07999999999998
2017-05-21,129.54
2017-05-22,127.0
2017-05-23,116.83999999999999
2017-05-24,91.44
2017-05-25,53.339999999999996
2017-05-26,20.32
2017-05-27,10.16
2017-05-28,0.0
2017-05-29,0.0
2017-05-30,0.0
2017-05-31,0.0
2017-06-01,0.0
2017-06-02,0.0
2017-06-03,0.0
2017-06-04,0.0
2017-06-05,0.0
2017-06-06,0.0
2017-06-07,0.0
2017-06-08,0.0
2017-06-09,0.0
2017-06-10,0.0
2017-06-11,0.0
2017-06-12,0.0
2017-06-13,0.0
2017-06-14,0.0
2017-06-15,0.0
2017-06-16,0.0
2017-06-17,0.0
2017-06-18,0.0
2017-06-19,0.0
2017-06-20,0.0
2017-06-21,0.0
2017-06-22,0.0
2017-06-23,0.0
2017-06-24,0.0
2017-06-25,0.0
2017-06-26,0.0
2017-06-27,0.0
2017-06-28,0.0
2017-06-29,0.0
2017-06-30,0.0
2017-07-01,0.0
2017-07-02,0.0
2017-07-03,0.0
2017-07-04,0.0
2017-07-05,0.0
2017-07-06,0.0
2017-07-07,0.0
2017-07-08,0.0
2017-07-09,0.0
2017-07-10,0.0
2017-07-11,0.0
2017-07-12,0.0
2017-07-13,0.0
2017-07-14,0.0
2017-07-15,0.0
2017-07-16,0.0
2017-07-17,0.0
2017-07-18,0.0
2017-07-19,0.0
2017-07-20,0.0
2017-07-21,0.0
2017-07-22,0.0
2017-07-23,0.0
2017-07-24,0.0
2017-07-25,0.0
2017-07-26,0.0
2017-07-27,0.0
2017-07-28,0.0
2017-07-29,0.0
2017-07-30,0.0
2017-07-31,0.0
2017-08-01,0.0
2017-08-02,0.0
2017-08-03,0.0
2017-08-04,0.0
2017-08-05,0.0
2017-08-06,0.0
2017-08-07,0.0
2017-08-08,0.0
2017-08-09,0.0
2017-08-10,0.0
2017-08-11,0.0
2017-08-12,0.0
2017-08-13,0.0
2017-08-14,0.0
2017-08-15,0.0
2017-08-16,0.0
2017-08-17,0.0
2017-08-18,0.0
2017-08-19,0.0
2017-08-20,0.0
2017-08-21,0.0
2017-08-22,0.0
2017-08-23,0.0
2017-08-24,0.0
2017-08-25,0.0
2017-08-26,0.0
2017-08-27,0.0
2017-08-28,0.0
2017-08-29,0.0
2017-08-30,0.0
2017-08-31,0.0
2017-09-01,0.0
2017-09-02,0.0
2017-09-03,0.0
2017-09-04,0.0
2017-09-05,0.0
2017-09-06,0.0
2017-09-07,0.0
2017-09-08,0.0
2017-09-09,0.0
2017-09-10,0.0
2017-09-11,0.0
2017-09-12,0.0
2017-09-13,0.0
2017-09-14,0.0
2017-09-15,0.0
2017-09-16,0.0
2017-09-17,0.0
2017-09-18,0.0
2017-09-19,0.0
2017-09-20,0.0
2017-09-21,0.0
2017-09-22,0.0
2017-09-23,0.0
2017-09-24,0.0
2017-09-25,0.0
2017-09-26,0.0
2017-09-27,0.0
2017-09-28,0.0
2017-09-29,0.0
2017-09-30,0.0
2017-10-01,0.0
2017-10-02,0.0
2017-10-03,0.0
2017-10-04,0.0
2017-10-05,0.0
2017-10-06,0.0
2017-10-07,0.0
2017-10-08,0.0
2017-10-09,0.0
2017-10-10,10.16
2017-10-11,12.7
2017-10-12,12.7
2017-10-13,7.619999999999999
2017-10-14,5.08
2017-10-15,0.0
2017-10-16,0.0
2017-10-17,0.0
2017-10-18,0.0
2017-10-19,0.0
2017-10-20,0.0
2017-10-21,5.08
2017-10-22,5.08
2017-10-23,5.08
2017-10-24,0.0
2017-10-25,0.0
2017-10-26,0.0
2017-10-27,0.0
2017-10-28,0.0
2017-10-29,0.0
2017-10-30,0.0
2017-10-31,2.54
2017-11-01,5.08
2017-11-02,5.08
2017-11-03,0.0
2017-11-04,0.0
2017-11-05,5.08
2017-11-06,7.619999999999999
2017-11-07,12.7
2017-11-08,15.239999999999998
2017-11-09,17.779999999999998
2017-11-10,17.779999999999998
2017-11-11,17.779999999999998
2017-11-12,17.779999999999998
2017-11-13,17.779999999999998
2017-11-14,17.779999999999998
2017-11-15,17.779999999999998
2017-11-16,17.779999999999998
2017-11-17,20.32
2017-11-18,43.18
2017-11-19,43.18
2017-11-20,43.18
2017-11-21,45.72
2017-11-22,48.26
2017-11-23,48.26
2017-11-24,48.26
2017-11-25,48.26
2017-11-26,48.26
2017-11-27,48.26
2017-11-28,48.26
2017-11-29,45.72
2017-11-30,45.72
2017-12-01,45.72
2017-12-02,45.72
2017-12-03,45.72
2017-12-04,45.72
2017-12-05,43.18
2017-12-06,43.18
2017-12-07,43.18
2017-12-08,43.18
2017-12-09,45.72
2017-12-10,45.72
2017-12-11,45.72
2017-12-12,48.26
2017-12-13,48.26
2017-12-14,48.26
2017-12-15,48.26
2017-12-16,48.26
2017-12-17,48.26
2017-12-18,48.26
2017-12-19,48.26
2017-12-20,50.8
2017-12-21,50.8
2017-12-22,50.8
2017-12-23,53.339999999999996
2017-12-24,60.959999999999994
2017-12-25,66.03999999999999
2017-12-26,78.74
2017-12-27,78.74
2017-12-28,81.28
2017-12-29,81.28
2017-12-30,81.28
2017-12-31,81.28
2018-01-01,81.28
2018-01-02,81.28
2018-01-03,81.28
2018-01-04,81.28
2018-01-05,81.28
2018-01-06,81.28
2018-01-07,88.89999999999999
2018-01-08,93.98
2018-01-09,96.52
2018-01-10,101.6
2018-01-11,104.13999999999999
2018-01-12,109.21999999999998
2018-01-13,111.76
2018-01-14,111.76
2018-01-15,111.76
2018-01-16,111.76
2018-01-17,111.76
2018-01-18,111.76
2018-01-19,114.3
2018-01-20,114.3
2018-01-21,116.83999999999999
2018-01-22,116.83999999999999
2018-01-23,116.83999999999999
2018-01-24,116.83999999999999
2018-01-25,116.83999999999999
2018-01-26,116.83999999999999
2018-01-27,121.91999999999999
2018-01-28,121.91999999999999
2018-01-29,121.91999999999999
2018-01-30,121.91999999999999
2018-01-31,121.91999999999999
2018-02-01,124.46000000000001
2018-02-02,124.46000000000001
2018-02-03,124.46000000000001
2018-02-04,124.46000000000001
2018-02-05,124.46000000000001
2018-02-06,132.07999999999998
2018-02-07,132.07999999999998
2018-02-08,134.61999999999998
2018-02-09,134.61999999999998
2018-02-10,134.61999999999998
2018-02-11,142.23999999999998
2018-02-12,144.78
2018-02-13,154.93999999999997
2018-02-14,157.48
2018-02-15,160.01999999999998
2018-02-16,170.18
2018-02-17,170.18
2018-02-18,170.18
2018-02-19,172.72
2018-02-20,172.72
2018-02-21,172.72
2018-02-22,172.72
2018-02-23,175.26
2018-02-24,177.79999999999998
2018-02-25,180.33999999999997
2018-02-26,180.33999999999997
2018-02-27,182.88
2018-02-28,182.88
2018-03-01,185.42
2018-03-02,185.42
2018-03-03,185.42
2018-03-04,185.42
2018-03-05,187.96
2018-03-06,187.96
2018-03-07,187.96
2018-03-08,187.96
2018-03-09,187.96
2018-03-10,187.96
2018-03-11,187.96
2018-03-12,187.96
2018-03-13,187.96
2018-03-14,187.96
2018-03-15,190.5
2018-03-16,195.57999999999998
2018-03-17,200.66
2018-03-18,200.66
2018-03-19,203.2
2018-03-20,203.2
2018-03-21,205.73999999999998
2018-03-22,205.73999999999998
2018-03-23,208.27999999999997
2018-03-24,226.06
2018-03-25,226.06
2018-03-26,226.06
2018-03-27,226.06
2018-03-28,226.06
2018-03-29,226.06
2018-03-30,226.06
2018-03-31,226.06
2018-04-01,223.52
2018-04-02,220.97999999999996
2018-04-03,223.52
2018-04-04,226.06
2018-04-05,226.06
2018-04-06,226.06
2018-04-07,233.67999999999998
2018-04-08,254.0
2018-04-09,256.53999999999996
2018-04-10,256.53999999999996
2018-04-11,251.46
2018-04-12,241.29999999999998
2018-04-13,238.76
2018-04-14,238.76
2018-04-15,233.67999999999998
2018-04-16,226.06
2018-04-17,220.97999999999996
2018-04-18,218.43999999999997
2018-04-19,208.27999999999997
2018-04-20,198.11999999999998
2018-04-21,210.82
2018-04-22,213.35999999999999
2018-04-23,205.73999999999998
2018-04-24,190.5
2018-04-25,182.88
2018-04-26,165.1
2018-04-27,144.78
2018-04-28,119.38
2018-04-29,106.67999999999999
2018-04-30,93.98
2018-05-01,78.74
2018-05-02,71.11999999999999
2018-05-03,68.58
2018-05-04,71.11999999999999
2018-05-05,48.26
2018-05-06,17.779999999999998
2018-05-07,0.0
2018-05-08,0.0
2018-05-09,0.0
2018-05-10,0.0
2018-05-11,0.0
2018-05-12,0.0
2018-05-13,0.0
2018-05-14,0.0
2018-05-15,0.0
2018-05-16,0.0
2018-05-17,0.0
2018-05-18,0.0
2018-05-19,0.0
2018-05-20,0.0
2018-05-21,0.0
2018-05-22,0.0
2018-05-23,0.0
2018-05-24,0.0
2018-05-25,0.0
2018-05-26,0.0
2018-05-27,0.0
2018-05-28,0.0
2018-05-29,0.0
2018-05-30,0.0
2018-05-31,0.0
2018-06-01,0.0
2018-06-02,0.0
2018-06-03,0.0
2018-06-04,0.0
2018-06-05,0.0
2018-06-06,0.0
2018-06-07,0.0
2018-06-08,0.0
2018-06-09,0.0
2018-06-10,0.0
2018-06-11,0.0
2018-06-12,0.0
2018-06-13,0.0
2018-06-14,0.0
2018-06-15,0.0
2018-06-16,0.0
2018-06-17,0.0
2018-06-18,0.0
2018-06-19,0.0
2018-06-20,0.0
2018-06-21,0.0
2018-06-22,0.0
2018-06-23,0.0
2018-06-24,0.0
2018-06-25,0.0
2018-06-26,0.0
2018-06-27,0.0
2018-06-28,0.0
2018-06-29,0.0
2018-06-30,0.0
2018-07-01,0.0
2018-07-02,0.0
2018-07-03,0.0
2018-07-04,0.0
2018-07-05,0.0
2018-07-06,0.0
2018-07-07,0.0
2018-07-08,0.0
2018-07-09,0.0
2018-07-10,0.0
2018-07-11,0.0
2018-07-12,0.0
2018-07-13,0.0
2018-07-14,0.0
2018-07-15,0.0
2018-07-16,0.0
2018-07-17,0.0
2018-07-18,0.0
2018-07-19,0.0
2018-07-20,0.0
2018-07-21,0.0
2018-07-22,0.0
2018-07-23,0.0
2018-07-24,0.0
2018-07-25,0.0
2018-07-26,0.0
2018-07-27,0.0
2018-07-28,0.0
2018-07-29,0.0
2018-07-30,0.0
2018-07-31,0.0
2018-08-01,0.0
2018-08-02,0.0
2018-08-03,0.0
2018-08-04,0.0
2018-08-05,0.0
2018-08-06,0.0
2018-08-07,0.0
2018-08-08,0.0
2018-08-09,0.0
2018-08-10,0.0
2018-08-11,0.0
2018-08-12,0.0
2018-08-13,0.0
2018-08-14,0.0
2018-08-15,0.0
2018-08-16,0.0
2018-08-17,0.0
2018-08-18,0.0
2018-08-19,0.0
2018-08-20,0.0
2018-08-21,0.0
2018-08-22,0.0
2018-08-23,0.0
2018-08-24,0.0
2018-08-25,0.0
2018-08-26,0.0
2018-08-27,0.0
2018-08-28,0.0
2018-08-29,0.0
2018-08-30,0.0
2018-08-31,0.0
2018-09-01,0.0
2018-09-02,0.0
2018-09-03,0.0
2018-09-04,0.0
2018-09-05,0.0
2018-09-06,0.0
2018-09-07,0.0
2018-09-08,0.0
2018-09-09,0.0
2018-09-10,0.0
2018-09-11,0.0
2018-09-12,0.0
2018-09-13,0.0
2018-09-14,0.0
2018-09-15,0.0
2018-09-16,0.0
2018-09-17,0.0
2018-09-18,0.0
2018-09-19,0.0
2018-09-20,0.0
2018-09-21,0.0
2018-09-22,0.0
2018-09-23,0.0
2018-09-24,0.0
2018-09-25,0.0
2018-09-26,0.0
2018-09-27,0.0
2018-09-28,0.0
2018-09-29,0.0
2018-09-30,0.0
2018-10-01,0.0
2018-10-02,0.0
2018-10-03,0.0
2018-10-04,0.0
2018-10-05,0.0
2018-10-06,0.0
2018-10-07,0.0
2018-10-08,0.0
2018-10-09,0.0
2018-10-10,0.0
2018-10-11,15.239999999999998
2018-10-12,27.94
2018-10-13,25.4
2018-10-14,25.4
2018-10-15,22.86
2018-10-16,25.4
2018-10-17,25.4
2018-10-18,25.4
2018-10-19,25.4
2018-10-20,25.4
2018-10-21,25.4
2018-10-22,25.4
2018-10-23,25.4
2018-10-24,20.32
2018-10-25,15.239999999999998
2018-10-26,10.16
2018-10-27,7.619999999999999
2018-10-28,7.619999999999999
2018-10-29,5.08
2018-10-30,0.0
2018-10-31,0.0
2018-11-01,0.0
2018-11-02,5.08
2018-11-03,12.7
2018-11-04,15.239999999999998
2018-11-05,27.94
2018-11-06,27.94
2018-11-07,27.94
2018-11-08,27.94
2018-11-09,22.86
2018-11-10,25.4
2018-11-11,25.4
2018-11-12,25.4
2018-11-13,25.4
2018-11-14,27.94
2018-11-15,27.94
2018-11-16,27.94
2018-11-17,27.94
2018-11-18,27.94
2018-11-19,27.94
2018-11-20,30.479999999999997
2018-11-21,30.479999999999997
2018-11-22,30.479999999999997
2018-11-23,38.099999999999994
2018-11-24,43.18
2018-11-25,63.5
2018-11-26,63.5
2018-11-27,66.03999999999999
2018-11-28,68.58
2018-11-29,76.19999999999999
2018-11-30,78.74
2018-12-01,83.82
2018-12-02,86.36
2018-12-03,86.36
2018-12-04,88.89999999999999
2018-12-05,88.89999999999999
2018-12-06,93.98
2018-12-07,96.52
2018-12-08,96.52
2018-12-09,96.52
2018-12-10,96.52
2018-12-11,99.05999999999999
2018-12-12,99.05999999999999
2018-12-13,101.6
2018-12-14,101.6
2018-12-15,101.6
2018-12-16,104.13999999999999
2018-12-17,104.13999999999999
2018-12-18,104.13999999999999
2018-12-19,104.13999999999999
2018-12-20,104.13999999999999
2018-12-21,104.13999999999999
2018-12-22,106.67999999999999
2018-12-23,106.67999999999999
2018-12-24,109.21999999999998
2018-12-25,119.38
2018-12-26,119.38
2018-12-27,119.38
2018-12-28,119.38
2018-12-29,119.38
2018-12-30,119.38
2018-12-31,124.46000000000001
2019-01-01,129.54
2019-01-02,129.54
2019-01-03,129.54
2019-01-04,134.61999999999998
2019-01-05,134.61999999999998
2019-01-06,134.61999999999998
2019-01-07,147.32
2019-01-08,149.86
2019-01-09,152.39999999999998
2019-01-10,152.39999999999998
2019-01-11,154.93999999999997
2019-01-12,154.93999999999997
2019-01-13,157.48
2019-01-14,157.48
2019-01-15,157.48
2019-01-16,160.01999999999998
2019-01-17,177.79999999999998
2019-01-18,190.5
2019-01-19,198.11999999999998
2019-01-20,200.66
2019-01-21,200.66
2019-01-22,203.2
2019-01-23,203.2
2019-01-24,208.27999999999997
2019-01-25,210.82
2019-01-26,210.82
2019-01-27,210.82
2019-01-28,210.82
2019-01-29,210.82
2019-01-30,210.82
2019-01-31,210.82
2019-02-01,210.82
2019-02-02,210.82
2019-02-03,213.35999999999999
2019-02-04,223.52
2019-02-05,228.6
2019-02-06,228.6
2019-02-07,233.67999999999998
2019-02-08,233.67999999999998
2019-02-09,233.67999999999998
2019-02-10,236.22
2019-02-11,236.22
2019-02-12,236.22
2019-02-13,238.76
2019-02-14,246.37999999999997
2019-02-15,274.32
2019-02-16,281.94
2019-02-17,287.02
2019-02-18,289.56
2019-02-19,292.09999999999997
2019-02-20,294.64
2019-02-21,294.64
2019-02-22,299.72
2019-02-23,307.34
2019-02-24,307.34
2019-02-25,307.34
2019-02-26,307.34
2019-02-27,307.34
2019-02-28,309.87999999999994
2019-03-01,312.42
2019-03-02,330.2
2019-03-03,347.97999999999996
2019-03-04,365.76
2019-03-05,365.76
2019-03-06,368.29999999999995
2019-03-07,411.47999999999996
2019-03-08,421.64
2019-03-09,436.87999999999994
2019-03-10,439.42
2019-03-11,439.42
2019-03-12,441.9599999999999
2019-03-13,459.74
2019-03-14,459.74
2019-03-15,459.74
2019-03-16,462.28
2019-03-17,462.28
2019-03-18,464.82
2019-03-19,464.82
2019-03-20,464.82
2019-03-21,467.35999999999996
2019-03-22,467.35999999999996
2019-03-23,467.35999999999996
2019-03-24,467.35999999999996
2019-03-25,472.44
2019-03-26,480.05999999999995
2019-03-27,480.05999999999995
2019-03-28,480.05999999999995
2019-03-29,482.59999999999997
2019-03-30,485.14
2019-03-31,485.14
2019-04-01,485.14
2019-04-02,485.14
2019-04-03,487.67999999999995
2019-04-04,492.75999999999993
2019-04-05,492.75999999999993
2019-04-06,490.21999999999997
2019-04-07,485.14
2019-04-08,490.21999999999997
2019-04-09,490.21999999999997
2019-04-10,482.59999999999997
2019-04-11,480.05999999999995
2019-04-12,474.97999999999996
2019-04-13,477.52
2019-04-14,474.97999999999996
2019-04-15,472.44
2019-04-16,469.9
2019-04-17,464.82
2019-04-18,454.6599999999999
2019-04-19,444.5
2019-04-20,431.79999999999995
2019-04-21,421.64
2019-04-22,416.55999999999995
2019-04-23,398.78
2019-04-24,383.53999999999996
2019-04-25,365.76
2019-04-26,350.52
2019-04-27,342.9
2019-04-28,330.2
2019-04-29,342.9
2019-04-30,365.76
2019-05-01,378.46
2019-05-02,391.15999999999997
2019-05-03,391.15999999999997
2019-05-04,386.08
2019-05-05,381.0
2019-05-06,373.37999999999994
2019-05-07,363.21999999999997
2019-05-08,353.06
2019-05-09,358.14
2019-05-10,363.21999999999997
2019-05-11,363.21999999999997
2019-05-12,358.14
2019-05-13,342.9
2019-05-14,317.5
2019-05-15,297.17999999999995
2019-05-16,281.94
2019-05-17,261.62
2019-05-18,261.62
2019-05-19,266.7
2019-05-20,266.7
2019-05-21,284.47999999999996
2019-05-22,284.47999999999996
2019-05-23,284.47999999999996
2019-05-24,284.47999999999996
2019-05-25,279.4
2019-05-26,259.08
2019-05-27,248.92000000000002
2019-05-28,238.76
2019-05-29,236.22
2019-05-30,233.67999999999998
2019-05-31,220.97999999999996
2019-06-01,203.2
2019-06-02,180.33999999999997
2019-06-03,162.56
2019-06-04,142.23999999999998
2019-06-05,127.0
2019-06-06,93.98
2019-06-07,60.959999999999994
2019-06-08,35.559999999999995
2019-06-09,0.0
2019-06-10,0.0
2019-06-11,0.0
2019-06-12,0.0
2019-06-13,0.0
2019-06-14,0.0
2019-06-15,0.0
2019-06-16,0.0
2019-06-17,0.0
2019-06-18,0.0
2019-06-19,0.0
2019-06-20,0.0
2019-06-21,0.0
2019-06-22,0.0
2019-06-23,0.0
2019-06-24,0.0
2019-06-25,0.0
2019-06-26,0.0
2019-06-27,0.0
2019-06-28,0.0
2019-06-29,0.0
2019-06-30,0.0
2019-07-01,0.0
2019-07-02,0.0
2019-07-03,0.0
2019-07-04,0.0
2019-07-05,0.0
2019-07-06,0.0
2019-07-07,0.0
2019-07-08,0.0
2019-07-09,0.0
2019-07-10,0.0
2019-07-11,0.0
2019-07-12,0.0
2019-07-13,0.0
2019-07-14,0.0
2019-07-15,0.0
2019-07-16,0.0
2019-07-17,0.0
2019-07-18,0.0
2019-07-19,0.0
2019-07-20,0.0
2019-07-21,0.0
2019-07-22,0.0
2019-07-23,0.0
2019-07-24,0.0
2019-07-25,0.0
2019-07-26,0.0
2019-07-27,0.0
2019-07-28,0.0
2019-07-29,0.0
2019-07-30,0.0
2019-07-31,0.0
2019-08-01,0.0
2019-08-02,0.0
2019-08-03,0.0
2019-08-04,0.0
2019-08-05,0.0
2019-08-06,0.0
2019-08-07,0.0
2019-08-08,0.0
2019-08-09,0.0
2019-08-10,0.0
2019-08-11,0.0
2019-08-12,0.0
2019-08-13,0.0
2019-08-14,0.0
2019-08-15,0.0
2019-08-16,0.0
2019-08-17,0.0
2019-08-18,0.0
2019-08-19,0.0
2019-08-20,0.0
2019-08-21,0.0
2019-08-22,0.0
2019-08-23,0.0
2019-08-24,0.0
2019-08-25,0.0
2019-08-26,0.0
2019-08-27,0.0
2019-08-28,0.0
2019-08-29,0.0
2019-08-30,0.0
2019-08-31,0.0
2019-09-01,0.0
2019-09-02,0.0
2019-09-03,0.0
2019-09-04,0.0
2019-09-05,0.0
2019-09-06,0.0
2019-09-07,0.0
2019-09-08,0.0
2019-09-09,0.0
2019-09-10,0.0
2019-09-11,0.0
2019-09-12,0.0
2019-09-13,0.0
2019-09-14,0.0
2019-09-15,0.0
2019-09-16,0.0
2019-09-17,0.0
2019-09-18,0.0
2019-09-19,0.0
2019-09-20,0.0
2019-09-21,0.0
2019-09-22,0.0
2019-09-23,0.0
2019-09-24,0.0
2019-09-25,0.0
2019-09-26,0.0
2019-09-27,0.0
2019-09-28,0.0
2019-09-29,0.0
2019-09-30,0.0
2019-10-01,0.0
2019-10-02,0.0
2019-10-03,0.0
2019-10-04,0.0
2019-10-05,0.0
2019-10-06,0.0
2019-10-07,0.0
2019-10-08,0.0
2019-10-09,0.0
2019-10-10,2.54
2019-10-11,2.54
2019-10-12,2.54
2019-10-13,2.54
2019-10-14,2.54
2019-10-15,2.54
2019-10-16,2.54
2019-10-17,2.54
2019-10-18,2.54
2019-10-19,2.54
2019-10-20,2.54
2019-10-21,5.08
2019-10-22,7.619999999999999
2019-10-23,10.16
2019-10-24,10.16
2019-10-25,10.16
2019-10-26,10.16
2019-10-27,12.7
2019-10-28,12.7
2019-10-29,12.7
2019-10-30,17.779999999999998
2019-10-31,17.779999999999998
2019-11-01,20.32
2019-11-02,20.32
2019-11-03,22.86
2019-11-04,22.86
2019-11-05,22.86
2019-11-06,22.86
2019-11-07,22.86
2019-11-08,22.86
2019-11-09,22.86
2019-11-10,22.86
2019-11-11,22.86
2019-11-12,22.86
2019-11-13,22.86
2019-11-14,22.86
2019-11-15,22.86
2019-11-16,22.86
2019-11-17,22.86
2019-11-18,22.86
2019-11-19,22.86
2019-11-20,22.86
2019-11-21,27.94
2019-11-22,35.559999999999995
2019-11-23,35.559999999999995
2019-11-24,35.559999999999995
2019-11-25,38.099999999999994
2019-11-26,40.64
2019-11-27,40.64
2019-11-28,43.18
2019-11-29,43.18
2019-11-30,53.339999999999996
2019-12-01,55.88
2019-12-02,58.419999999999995
2019-12-03,60.959999999999994
2019-12-04,60.959999999999994
2019-12-05,63.5
2019-12-06,73.66
2019-12-07,76.19999999999999
2019-12-08,76.19999999999999
2019-12-09,86.36
2019-12-10,86.36
2019-12-11,86.36
2019-12-12,86.36
2019-12-13,96.52
2019-12-14,106.67999999999999
2019-12-15,121.91999999999999
2019-12-16,121.91999999999999
2019-12-17,121.91999999999999
2019-12-18,121.91999999999999
2019-12-19,124.46000000000001
2019-12-20,124.46000000000001
2019-12-21,124.46000000000001
2019-12-22,127.0
2019-12-23,127.0
2019-12-24,127.0
2019-12-25,127.0
2019-12-26,127.0
2019-12-27,129.54
2019-12-28,142.23999999999998
2019-12-29,142.23999999999998
2019-12-30,142.23999999999998
2019-12-31,142.23999999999998
2020-01-01,142.23999999999998
2020-01-02,149.86
2020-01-03,149.86
2020-01-04,149.86
2020-01-05,149.86
2020-01-06,149.86
2020-01-07,149.86
2020-01-08,152.39999999999998
2020-01-09,152.39999999999998
2020-01-10,152.39999999999998
2020-01-11,152.39999999999998
2020-01-12,154.93999999999997
2020-01-13,157.48
2020-01-14,167.64
2020-01-15,170.18
2020-01-16,170.18
2020-01-17,172.72
2020-01-18,177.79999999999998
2020-01-19,177.79999999999998
2020-01-20,180.33999999999997
2020-01-21,180.33999999999997
2020-01-22,185.42
2020-01-23,185.42
2020-01-24,185.42
2020-01-25,187.96
2020-01-26,187.96
2020-01-27,187.96
2020-01-28,187.96
2020-01-29,187.96
2020-01-30,187.96
2020-01-31,187.96
2020-02-01,187.96
2020-02-02,187.96
2020-02-03,187.96
2020-02-04,187.96
2020-02-05,187.96
2020-02-06,190.5
2020-02-07,200.66
2020-02-08,210.82
2020-02-09,213.35999999999999
2020-02-10,213.35999999999999
2020-02-11,215.89999999999998
2020-02-12,215.89999999999998
2020-02-13,215.89999999999998
2020-02-14,218.43999999999997
2020-02-15,218.43999999999997
2020-02-16,223.52
2020-02-17,233.67999999999998
2020-02-18,236.22
2020-02-19,236.22
2020-02-20,236.22
2020-02-21,236.22
2020-02-22,238.76
2020-02-23,241.29999999999998
2020-02-24,248.92000000000002
2020-02-25,248.92000000000002
2020-02-26,248.92000000000002
2020-02-27,251.46
2020-02-28,251.46
2020-02-29,251.46
2020-03-01,254.0
2020-03-02,264.15999999999997
2020-03-03,276.86
2020-03-04,276.86
2020-03-05,276.86
2020-03-06,276.86
2020-03-07,276.86
2020-03-08,279.4
2020-03-09,281.94
2020-03-10,284.47999999999996
2020-03-11,284.47999999999996
2020-03-12,289.56
2020-03-13,292.09999999999997
2020-03-14,297.17999999999995
2020-03-15,297.17999999999995
2020-03-16,297.17999999999995
2020-03-17,297.17999999999995
2020-03-18,297.17999999999995
2020-03-19,299.72
2020-03-20,322.58
2020-03-21,325.12
2020-03-22,330.2
2020-03-23,330.2
2020-03-24,335.28
2020-03-25,337.82
2020-03-26,337.82
2020-03-27,337.82
2020-03-28,337.82
2020-03-29,337.82
2020-03-30,340.36
2020-03-31,345.44
2020-04-01,345.44
2020-04-02,345.44
2020-04-03,345.44
2020-04-04,345.44
2020-04-05,345.44
2020-04-06,345.44
2020-04-07,340.36
2020-04-08,337.82
2020-04-09,332.73999999999995
2020-04-10,327.65999999999997
2020-04-11,327.65999999999997
2020-04-12,325.12
2020-04-13,327.65999999999997
2020-04-14,330.2
2020-04-15,335.28
2020-04-16,335.28
2020-04-17,340.36
2020-04-18,342.9
2020-04-19,342.9
2020-04-20,342.9
2020-04-21,342.9
2020-04-22,337.82
2020-04-23,327.65999999999997
2020-04-24,322.58
2020-04-25,317.5
2020-04-26,302.26
2020-04-27,292.09999999999997
2020-04-28,269.23999999999995
2020-04-29,248.92000000000002
2020-04-30,228.6
2020-05-01,210.82
2020-05-02,193.04
2020-05-03,180.33999999999997
2020-05-04,160.01999999999998
2020-05-05,137.16
2020-05-06,121.91999999999999
2020-05-07,104.13999999999999
2020-05-08,81.28
2020-05-09,66.03999999999999
2020-05-10,45.72
2020-05-11,20.32
2020-05-12,25.4
2020-05-13,0.0
2020-05-14,0.0
2020-05-15,0.0
2020-05-16,0.0
2020-05-17,0.0
2020-05-18,0.0
2020-05-19,0.0
2020-05-20,0.0
2020-05-21,0.0
2020-05-22,0.0
2020-05-23,0.0
2020-05-24,0.0
2020-05-25,0.0
2020-05-26,0.0
2020-05-27,0.0
2020-05-28,0.0
2020-05-29,0.0
2020-05-30,0.0
2020-05-31,0.0
2020-06-01,0.0
2020-06-02,0.0
2020-06-03,0.0
2020-06-04,0.0
2020-06-05,0.0
2020-06-06,0.0
2020-06-07,0.0
2020-06-08,0.0
2020-06-09,0.0
2020-06-10,0.0
2020-06-11,0.0
2020-06-12,0.0
2020-06-13,0.0
2020-06-14,0.0
2020-06-15,0.0
2020-06-16,0.0
2020-06-17,0.0
2020-06-18,0.0
2020-06-19,0.0
2020-06-20,0.0
2020-06-21,0.0
2020-06-22,0.0
2020-06-23,0.0
2020-06-24,0.0
2020-06-25,0.0
2020-06-26,0.0
2020-06-27,0.0
2020-06-28,0.0
2020-06-29,0.0
2020-06-30,0.0
2020-07-01,0.0
2020-07-02,0.0
2020-07-03,0.0
2020-07-04,0.0
2020-07-05,0.0
2020-07-06,0.0
2020-07-07,0.0
2020-07-08,0.0
2020-07-09,0.0
2020-07-10,0.0
2020-07-11,0.0
2020-07-12,0.0
2020-07-13,0.0
2020-07-14,0.0
2020-07-15,0.0
2020-07-16,0.0
2020-07-17,0.0
2020-07-18,0.0
2020-07-19,0.0
2020-07-20,0.0
2020-07-21,0.0
2020-07-22,0.0
2020-07-23,0.0
2020-07-24,0.0
2020-07-25,0.0
2020-07-26,0.0
2020-07-27,0.0
2020-07-28,0.0
2020-07-29,0.0
2020-07-30,0.0
2020-07-31,0.0
2020-08-01,0.0
2020-08-02,0.0
2020-08-03,0.0
2020-08-04,0.0
2020-08-05,0.0
2020-08-06,0.0
2020-08-07,0.0
2020-08-08,0.0
2020-08-09,0.0
2020-08-10,0.0
2020-08-11,0.0
2020-08-12,0.0
2020-08-13,0.0
2020-08-14,0.0
2020-08-15,0.0
2020-08-16,0.0
2020-08-17,0.0
2020-08-18,0.0
2020-08-19,0.0
2020-08-20,0.0
2020-08-21,0.0
2020-08-22,0.0
2020-08-23,0.0
2020-08-24,0.0
2020-08-25,0.0
2020-08-26,0.0
2020-08-27,0.0
2020-08-28,0.0
2020-08-29,0.0
2020-08-30,0.0
2020-08-31,0.0
2020-09-01,0.0
2020-09-02,0.0
2020-09-03,0.0
2020-09-04,0.0
2020-09-05,0.0
2020-09-06,0.0
2020-09-07,0.0
2020-09-08,0.0
2020-09-09,25.4
2020-09-10,25.4
2020-09-11,25.4
2020-09-12,20.32
2020-09-13,2.54
2020-09-14,0.0
2020-09-15,0.0
2020-09-16,0.0
2020-09-17,0.0
2020-09-18,0.0
2020-09-19,0.0
2020-09-20,0.0
2020-09-21,0.0
2020-09-22,0.0
2020-09-23,0.0
2020-09-24,0.0
2020-09-25,0.0
2020-09-26,0.0
2020-09-27,0.0
2020-09-28,0.0
2020-09-29,0.0
2020-09-30,0.0
2020-10-01,0.0
2020-10-02,0.0
2020-10-03,0.0
2020-10-04,0.0
2020-10-05,0.0
2020-10-06,0.0
2020-10-07,0.0
2020-10-08,0.0
2020-10-09,0.0
2020-10-10,0.0
2020-10-11,0.0
2020-10-12,2.54
2020-10-13,2.54
2020-10-14,2.54
2020-10-15,2.54
2020-10-16,2.54
2020-10-17,2.54
2020-10-18,2.54
2020-10-19,2.54
2020-10-20,2.54
2020-10-21,2.54
2020-10-22,2.54
2020-10-23,2.54
2020-10-24,2.54
2020-10-25,2.54
2020-10-26,10.16
2020-10-27,12.7
2020-10-28,15.239999999999998
2020-10-29,15.239999999999998
2020-10-30,15.239999999999998
2020-10-31,15.239999999999998
2020-11-01,15.239999999999998
2020-11-02,15.239999999999998
2020-11-03,15.239999999999998
2020-11-04,15.239999999999998
2020-11-05,10.16
2020-11-06,7.619999999999999
2020-11-07,5.08
2020-11-08,10.16
2020-11-09,15.239999999999998
2020-11-10,25.4
2020-11-11,27.94
2020-11-12,27.94
2020-11-13,27.94
2020-11-14,30.479999999999997
2020-11-15,40.64
2020-11-16,43.18
2020-11-17,43.18
2020-11-18,43.18
2020-11-19,43.18
2020-11-20,43.18
2020-11-21,43.18
2020-11-22,43.18
2020-11-23,43.18
2020-11-24,50.8
2020-11-25,60.959999999999994
2020-11-26,60.959999999999994
2020-11-27,60.959999999999994
2020-11-28,60.959999999999994
2020-11-29,60.959999999999994
2020-11-30,60.959999999999994
2020-12-01,60.959999999999994
2020-12-02,60.959999999999994
2020-12-03,60.959999999999994
2020-12-04,60.959999999999994
2020-12-05,63.5
2020-12-06,63.5
2020-12-07,63.5
2020-12-08,63.5
2020-12-09,63.5
2020-12-10,63.5
2020-12-11,66.03999999999999
2020-12-12,73.66
2020-12-13,83.82
2020-12-14,83.82
2020-12-15,88.89999999999999
2020-12-16,88.89999999999999
2020-12-17,88.89999999999999
2020-12-18,96.52
2020-12-19,99.05999999999999
2020-12-20,99.05999999999999
2020-12-21,99.05999999999999
2020-12-22,101.6
2020-12-23,104.13999999999999
2020-12-24,104.13999999999999
2020-12-25,104.13999999999999
2020-12-26,104.13999999999999
2020-12-27,106.67999999999999
2020-12-28,106.67999999999999
2020-12-29,124.46000000000001
2020-12-30,124.46000000000001
2020-12-31,124.46000000000001
2021-01-01,124.46000000000001
2021-01-02,124.46000000000001
2021-01-03,124.46000000000001
2021-01-04,124.46000000000001
2021-01-05,127.0
2021-01-06,129.54
2021-01-07,129.54
2021-01-08,129.54
2021-01-09,129.54
2021-01-10,129.54
2021-01-11,129.54
2021-01-12,129.54
2021-01-13,129.54
2021-01-14,129.54
2021-01-15,129.54
2021-01-16,129.54
2021-01-17,129.54
2021-01-18,129.54
2021-01-19,129.54
2021-01-20,132.07999999999998
2021-01-21,132.07999999999998
2021-01-22,134.61999999999998
2021-01-23,137.16
2021-01-24,142.23999999999998
2021-01-25,147.32
2021-01-26,149.86
2021-01-27,152.39999999999998
2021-01-28,152.39999999999998
2021-01-29,154.93999999999997
2021-01-30,157.48
2021-01-31,160.01999999999998
2021-02-01,160.01999999999998
2021-02-02,160.01999999999998
2021-02-03,160.01999999999998
2021-02-04,182.88
2021-02-05,182.88
2021-02-06,190.5
2021-02-07,190.5
2021-02-08,193.04
2021-02-09,193.04
2021-02-10,195.57999999999998
2021-02-11,203.2
2021-02-12,205.73999999999998
2021-02-13,213.35999999999999
2021-02-14,226.06
2021-02-15,226.06
2021-02-16,228.6
2021-02-17,231.14
2021-02-18,231.14
2021-02-19,231.14
2021-02-20,233.67999999999998
2021-02-21,233.67999999999998
2021-02-22,233.67999999999998
2021-02-23,233.67999999999998
2021-02-24,233.67999999999998
2021-02-25,233.67999999999998
2021-02-26,233.67999999999998
2021-02-27,233.67999999999998
2021-02-28,233.67999999999998
2021-03-01,233.67999999999998
2021-03-02,233.67999999999998
2021-03-03,233.67999999999998
2021-03-04,233.67999999999998
2021-03-05,238.76
2021-03-06,238.76
2021-03-07,238.76
2021-03-08,241.29999999999998
2021-03-09,241.29999999999998
2021-03-10,246.37999999999997
2021-03-11,248.92000000000002
2021-03-12,248.92000000000002
2021-03-13,248.92000000000002
2021-03-14,259.08
2021-03-15,259.08
2021-03-16,261.62
2021-03-17,261.62
2021-03-18,261.62
2021-03-19,261.62
2021-03-20,264.15999999999997
2021-03-21,264.15999999999997
2021-03-22,266.7
2021-03-23,269.23999999999995
2021-03-24,274.32
2021-03-25,276.86
2021-03-26,279.4
2021-03-27,279.4
2021-03-28,279.4
2021-03-29,281.94
2021-03-30,281.94
2021-03-31,281.94
2021-04-01,281.94
2021-04-02,281.94
2021-04-03,274.32
2021-04-04,271.78
2021-04-05,269.23999999999995
2021-04-06,261.62
2021-04-07,254.0
2021-04-08,251.46
2021-04-09,243.83999999999997
2021-04-10,241.29999999999998
2021-04-11,233.67999999999998
2021-04-12,223.52
2021-04-13,213.35999999999999
2021-04-14,213.35999999999999
2021-04-15,205.73999999999998
2021-04-16,203.2
2021-04-17,203.2
2021-04-18,200.66
2021-04-19,200.66
2021-04-20,195.57999999999998
2021-04-21,195.57999999999998
2021-04-22,185.42
2021-04-23,187.96
2021-04-24,190.5
2021-04-25,182.88
2021-04-26,165.1
2021-04-27,152.39999999999998
2021-04-28,157.48
2021-04-29,154.93999999999997
2021-04-30,132.07999999999998
2021-05-01,106.67999999999999
2021-05-02,88.89999999999999
2021-05-03,76.19999999999999
2021-05-04,88.89999999999999
2021-05-05,88.89999999999999
2021-05-06,76.19999999999999
2021-05-07,50.8
2021-05-08,33.019999999999996
2021-05-09,15.239999999999998
2021-05-10,5.08
2021-05-11,5.08
2021-05-12,5.08
2021-05-13,0.0
2021-05-14,0.0
2021-05-15,0.0
2021-05-16,0.0
2021-05-17,0.0
2021-05-18,0.0
2021-05-19,0.0
2021-05-20,0.0
2021-05-21,0.0
2021-05-22,0.0
2021-05-23,0.0
2021-05-24,0.0
2021-05-25,0.0
2021-05-26,0.0
2021-05-27,0.0
2021-05-28,0.0
2021-05-29,0.0
2021-05-30,0.0
2021-05-31,0.0
2021-06-01,0.0
2021-06-02,0.0
2021-06-03,0.0
2021-06-04,0.0
2021-06-05,0.0
2021-06-06,0.0
2021-06-07,0.0
2021-06-08,0.0
2021-06-09,0.0
2021-06-10,0.0
2021-06-11,0.0
2021-06-12,0.0
2021-06-13,0.0
2021-06-14,0.0
2021-06-15,0.0
2021-06-16,0.0
2021-06-17,0.0
2021-06-18,0.0
2021-06-19,0.0
2021-06-20,0.0
2021-06-21,0.0
2021-06-22,0.0
2021-06-23,0.0
2021-06-24,0.0
2021-06-25,0.0
2021-06-26,0.0
2021-06-27,0.0
2021-06-28,0.0
2021-06-29,0.0
2021-06-30,0.0
2021-07-01,0.0
2021-07-02,0.0
2021-07-03,0.0
2021-07-04,0.0
2021-07-05,0.0
2021-07-06,0.0
2021-07-07,0.0
2021-07-08,0.0
2021-07-09,0.0
2021-07-10,0.0
2021-07-11,0.0
2021-07-12,0.0
2021-07-13,0.0
2021-07-14,0.0
2021-07-15,0.0
2021-07-16,0.0
2021-07-17,0.0
2021-07-18,0.0
2021-07-19,0.0
2021-07-20,0.0
2021-07-21,0.0
2021-07-22,0.0
2021-07-23,0.0
2021-07-24,0.0
2021-07-25,0.0
2021-07-26,0.0
2021-07-27,0.0
2021-07-28,0.0
2021-07-29,0.0
2021-07-30,0.0
2021-07-31,0.0
2021-08-01,0.0
2021-08-02,0.0
2021-08-03,0.0
2021-08-04,0.0
2021-08-05,0.0
2021-08-06,0.0
2021-08-07,0.0
2021-08-08,0.0
2021-08-09,0.0
2021-08-10,0.0
2021-08-11,0.0
2021-08-12,0.0
2021-08-13,0.0
2021-08-14,0.0
2021-08-15,0.0
2021-08-16,0.0
2021-08-17,0.0
2021-08-18,0.0
2021-08-19,0.0
2021-08-20,0.0
2021-08-21,0.0
2021-08-22,0.0
2021-08-23,0.0
2021-08-24,0.0
2021-08-25,0.0
2021-08-26,0.0
2021-08-27,0.0
2021-08-28,0.0
2021-08-29,0.0
2021-08-30,0.0
2021-08-31,0.0
2021-09-01,0.0
2021-09-02,0.0
2021-09-03,0.0
2021-09-04,0.0
2021-09-05,0.0
2021-09-06,0.0
2021-09-07,0.0
2021-09-08,0.0
2021-09-09,0.0
2021-09-10,0.0
2021-09-11,0.0
2021-09-12,0.0
2021-09-13,0.0
2021-09-14,0.0
2021-09-15,0.0
2021-09-16,0.0
2021-09-17,0.0
2021-09-18,0.0
2021-09-19,0.0
2021-09-20,0.0
2021-09-21,0.0
2021-09-22,0.0
2021-09-23,0.0
2021-09-24,0.0
2021-09-25,0.0
2021-09-26,0.0
2021-09-27,0.0
2021-09-28,0.0
2021-09-29,2.54
2021-09-30,0.0
2021-10-01,0.0
2021-10-02,0.0
2021-10-03,0.0
2021-10-04,0.0
2021-10-05,0.0
2021-10-06,0.0
2021-10-07,0.0
2021-10-08,0.0
2021-10-09,2.54
2021-10-10,2.54
2021-10-11,2.54
2021-10-12,2.54
2021-10-13,5.08
2021-10-14,7.619999999999999
2021-10-15,10.16
2021-10-16,10.16
2021-10-17,12.7
2021-10-18,10.16
2021-10-19,5.08
2021-10-20,5.08
2021-10-21,5.08
2021-10-22,2.54
2021-10-23,2.54
2021-10-24,5.08
2021-10-25,5.08
2021-10-26,2.54
2021-10-27,7.619999999999999
2021-10-28,10.16
2021-10-29,10.16
2021-10-30,10.16
2021-10-31,10.16
2021-11-01,5.08
2021-11-02,2.54
2021-11-03,12.7
2021-11-04,12.7
2021-11-05,12.7
2021-11-06,12.7
2021-11-07,15.239999999999998
2021-11-08,12.7
2021-11-09,12.7
2021-11-10,17.779999999999998
2021-11-11,25.4
2021-11-12,25.4
2021-11-13,25.4
2021-11-14,25.4
2021-11-15,25.4
2021-11-16,25.4
2021-11-17,25.4
2021-11-18,25.4
2021-11-19,25.4
2021-11-20,25.4
2021-11-21,27.94
2021-11-22,27.94
2021-11-23,27.94
2021-11-24,30.479999999999997
2021-11-25,33.019999999999996
2021-11-26,33.019999999999996
2021-11-27,35.559999999999995
2021-11-28,35.559999999999995
2021-11-29,33.019999999999996
2021-11-30,35.559999999999995
2021-12-01,33.019999999999996
2021-12-02,35.559999999999995
2021-12-03,35.559999999999995
2021-12-04,35.559999999999995
2021-12-05,33.019999999999996
2021-12-06,33.019999999999996
2021-12-07,38.099999999999994
2021-12-08,38.099999999999994
2021-12-09,48.26
2021-12-10,81.28
2021-12-11,91.44
2021-12-12,91.44
2021-12-13,91.44
2021-12-14,93.98
2021-12-15,93.98
2021-12-16,96.52
2021-12-17,99.05999999999999
2021-12-18,99.05999999999999
2021-12-19,99.05999999999999
2021-12-20,99.05999999999999
2021-12-21,101.6
2021-12-22,99.05999999999999
2021-12-23,101.6
2021-12-24,119.38
2021-12-25,154.93999999999997
2021-12-26,154.93999999999997
2021-12-27,165.1
2021-12-28,175.26
2021-12-29,185.42
2021-12-30,190.5
2021-12-31,205.73999999999998
2022-01-01,220.97999999999996
2022-01-02,220.97999999999996
2022-01-03,220.97999999999996
2022-01-04,223.52
2022-01-05,223.52
2022-01-06,233.67999999999998
2022-01-07,241.29999999999998
2022-01-08,241.29999999999998
2022-01-09,243.83999999999997
2022-01-10,243.83999999999997
2022-01-11,246.37999999999997
2022-01-12,246.37999999999997
2022-01-13,246.37999999999997
2022-01-14,246.37999999999997
2022-01-15,246.37999999999997
2022-01-16,246.37999999999997
2022-01-17,246.37999999999997
2022-01-18,246.37999999999997
2022-01-19,243.83999999999997
2022-01-20,243.83999999999997
2022-01-21,243.83999999999997
2022-01-22,248.92000000000002
2022-01-23,248.92000000000002
2022-01-24,251.46
2022-01-25,251.46
2022-01-26,251.46
2022-01-27,251.46
2022-01-28,251.46
2022-01-29,251.46
2022-01-30,251.46
2022-01-31,251.46
2022-02-01,251.46
2022-02-02,251.46
2022-02-03,251.46
2022-02-04,251.46
2022-02-05,251.46
2022-02-06,251.46
2022-02-07,251.46
2022-02-08,251.46
2022-02-09,251.46
2022-02-10,251.46
2022-02-11,251.46
2022-02-12,251.46
2022-02-13,251.46
2022-02-14,254.0
2022-02-15,256.53999999999996
2022-02-16,256.53999999999996
2022-02-17,259.08
2022-02-18,259.08
2022-02-19,259.08
2022-02-20,261.62
2022-02-21,264.15999999999997
2022-02-22,266.7
2022-02-23,276.86
2022-02-24,289.56
2022-02-25,289.56
2022-02-26,292.09999999999997
2022-02-27,292.09999999999997
2022-02-28,294.64
2022-03-01,294.64
2022-03-02,294.64
2022-03-03,294.64
2022-03-04,297.17999999999995
2022-03-05,297.17999999999995
2022-03-06,309.87999999999994
2022-03-07,314.96
2022-03-08,314.96
2022-03-09,317.5
2022-03-10,330.2
2022-03-11,330.2
2022-03-12,330.2
2022-03-13,330.2
2022-03-14,332.73999999999995
2022-03-15,332.73999999999995
2022-03-16,335.28
2022-03-17,335.28
2022-03-18,335.28
2022-03-19,335.28
2022-03-20,335.28
2022-03-21,335.28
2022-03-22,332.73999999999995
2022-03-23,332.73999999999995
2022-03-24,332.73999999999995
2022-03-25,330.2
2022-03-26,330.2
2022-03-27,325.12
2022-03-28,320.03999999999996
2022-03-29,317.5
2022-03-30,317.5
2022-03-31,325.12
2022-04-01,325.12
2022-04-02,325.12
2022-04-03,320.03999999999996
2022-04-04,320.03999999999996
2022-04-05,317.5
2022-04-06,322.58
2022-04-07,335.28
2022-04-08,325.12
2022-04-09,320.03999999999996
2022-04-10,309.87999999999994
2022-04-11,309.87999999999994
2022-04-12,302.26
2022-04-13,312.42
2022-04-14,307.34
2022-04-15,307.34
2022-04-16,314.96
2022-04-17,307.34
2022-04-18,312.42
2022-04-19,299.72
2022-04-20,271.78
2022-04-21,251.46
2022-04-22,231.14
2022-04-23,226.06
2022-04-24,236.22
2022-04-25,236.22
2022-04-26,228.6
2022-04-27,213.35999999999999
2022-04-28,205.73999999999998
2022-04-29,187.96
2022-04-30,177.79999999999998
2022-05-01,154.93999999999997
2022-05-02,147.32
2022-05-03,147.32
2022-05-04,142.23999999999998
2022-05-05,132.07999999999998
2022-05-06,109.21999999999998
2022-05-07,81.28
2022-05-08,50.8
2022-05-09,15.239999999999998
2022-05-10,0.0
2022-05-11,0.0
2022-05-12,0.0
2022-05-13,0.0
2022-05-14,0.0
2022-05-15,0.0
2022-05-16,0.0
2022-05-17,0.0
2022-05-18,0.0
2022-05-19,0.0
2022-05-20,0.0
2022-05-21,0.0
2022-05-22,0.0
2022-05-23,0.0
2022-05-24,0.0
2022-05-25,0.0
2022-05-26,0.0
2022-05-27,0.0
2022-05-28,0.0
2022-05-29,0.0
2022-05-30,0.0
2022-05-31,0.0
2022-06-01,0.0
2022-06-02,0.0
2022-06-03,0.0
2022-06-04,0.0
2022-06-05,0.0
2022-06-06,0.0
2022-06-07,0.0
2022-06-08,0.0
2022-06-09,0.0
2022-06-10,0.0
2022-06-11,0.0
2022-06-12,0.0
2022-06-13,0.0
2022-06-14,0.0
2022-06-15,0.0
2022-06-16,0.0
2022-06-17,0.0
2022-06-18,0.0
2022-06-19,0.0
2022-06-20,0.0
2022-06-21,0.0
2022-06-22,0.0
2022-06-23,0.0
2022-06-24,0.0
2022-06-25,0.0
2022-06-26,0.0
2022-06-27,0.0
2022-06-28,0.0
2022-06-29,0.0
2022-06-30,0.0
2022-07-01,0.0
2022-07-02,0.0
2022-07-03,0.0
2022-07-04,0.0
2022-07-05,0.0
2022-07-06,0.0
2022-07-07,0.0
2022-07-08,0.0
2022-07-09,0.0
2022-07-10,0.0
2022-07-11,0.0
2022-07-12,0.0
2022-07-13,0.0
2022-07-14,0.0
2022-07-15,0.0
2022-07-16,0.0
2022-07-17,0.0
2022-07-18,0.0
2022-07-19,0.0
2022-07-20,0.0
2022-07-21,0.0
2022-07-22,0.0
2022-07-23,0.0
2022-07-24,0.0
2022-07-25,0.0
2022-07-26,0.0
2022-07-27,0.0
2022-07-28,0.0
2022-07-29,0.0
2022-07-30,0.0
2022-07-31,0.0
2022-08-01,0.0
2022-08-02,0.0
2022-08-03,0.0
2022-08-04,0.0
2022-08-05,0.0
2022-08-06,0.0
2022-08-07,0.0
2022-08-08,0.0
2022-08-09,0.0
2022-08-10,0.0
2022-08-11,0.0
2022-08-12,0.0
2022-08-13,0.0
2022-08-14,0.0
2022-08-15,0.0
2022-08-16,0.0
2022-08-17,0.0
2022-08-18,0.0
2022-08-19,0.0
2022-08-20,0.0
2022-08-21,0.0
2022-08-22,0.0
2022-08-23,0.0
2022-08-24,0.0
2022-08-25,0.0
2022-08-26,0.0
2022-08-27,0.0
2022-08-28,0.0
2022-08-29,0.0
2022-08-30,0.0
2022-08-31,0.0
2022-09-01,0.0
2022-09-02,0.0
2022-09-03,0.0
2022-09-04,0.0
2022-09-05,0.0
2022-09-06,0.0
2022-09-07,0.0
2022-09-08,0.0
2022-09-09,0.0
2022-09-10,0.0
2022-09-11,0.0
2022-09-12,0.0
2022-09-13,0.0
2022-09-14,0.0
2022-09-15,0.0
2022-09-16,0.0
2022-09-17,0.0
2022-09-18,0.0
2022-09-19,0.0
2022-09-20,0.0
2022-09-21,0.0
2022-09-22,0.0
2022-09-23,0.0
2022-09-24,0.0
2022-09-25,0.0
2022-09-26,0.0
2022-09-27,0.0
2022-09-28,0.0
2022-09-29,0.0
2022-09-30,0.0
2022-10-01,0.0
2022-10-02,0.0
2022-10-03,2.54
2022-10-04,2.54
2022-10-05,0.0
2022-10-06,0.0
2022-10-07,0.0
2022-10-08,0.0
2022-10-09,0.0
2022-10-10,0.0
2022-10-11,0.0
2022-10-12,0.0
2022-10-13,0.0
2022-10-14,0.0
2022-10-15,0.0
2022-10-16,0.0
2022-10-17,0.0
2022-10-18,0.0
2022-10-19,0.0
2022-10-20,2.54
2022-10-21,0.0
2022-10-22,0.0
2022-10-23,0.0
2022-10-24,12.7
2022-10-25,12.7
2022-10-26,15.239999999999998
2022-10-27,22.86
2022-10-28,25.4
2022-10-29,25.4
2022-10-30,25.4
2022-10-31,25.4
2022-11-01,25.4
2022-11-02,25.4
2022-11-03,25.4
2022-11-04,35.559999999999995
2022-11-05,38.099999999999994
2022-11-06,43.18
2022-11-07,43.18
2022-11-08,43.18
2022-11-09,43.18
2022-11-10,45.72
2022-11-11,45.72
2022-11-12,45.72
2022-11-13,45.72
2022-11-14,45.72
2022-11-15,45.72
2022-11-16,45.72
2022-11-17,45.72
2022-11-18,45.72
2022-11-19,45.72
2022-11-20,45.72
2022-11-21,45.72
2022-11-22,45.72
2022-11-23,45.72
2022-11-24,45.72
2022-11-25,45.72
2022-11-26,48.26
2022-11-27,48.26
2022-11-28,48.26
2022-11-29,53.339999999999996
2022-11-30,66.03999999999999
2022-12-01,68.58
2022-12-02,68.58
2022-12-03,81.28
2022-12-04,86.36
2022-12-05,86.36
2022-12-06,91.44
2022-12-07,101.6
2022-12-08,104.13999999999999
2022-12-09,106.67999999999999
2022-12-10,106.67999999999999
2022-12-11,106.67999999999999
2022-12-12,106.67999999999999
2022-12-13,106.67999999999999
2022-12-14,106.67999999999999
2022-12-15,106.67999999999999
2022-12-16,106.67999999999999
2022-12-17,106.67999999999999
2022-12-18,106.67999999999999
2022-12-19,109.21999999999998
2022-12-20,109.21999999999998
2022-12-21,111.76
2022-12-22,114.3
2022-12-23,116.83999999999999
2022-12-24,119.38
2022-12-25,119.38
2022-12-26,119.38
2022-12-27,119.38
2022-12-28,127.0
2022-12-29,134.61999999999998
2022-12-30,134.61999999999998
2022-12-31,144.78
2023-01-01,170.18
2023-01-02,182.88
2023-01-03,185.42
2023-01-04,193.04
2023-01-05,193.04
2023-01-06,195.57999999999998
2023-01-07,208.27999999999997
2023-01-08,208.27999999999997
2023-01-09,208.27999999999997
2023-01-10,213.35999999999999
2023-01-11,228.6
2023-01-12,231.14
2023-01-13,233.67999999999998
2023-01-14,233.67999999999998
2023-01-15,236.22
2023-01-16,243.83999999999997
2023-01-17,254.0
2023-01-18,269.23999999999995
2023-01-19,269.23999999999995
2023-01-20,269.23999999999995
2023-01-21,271.78
2023-01-22,271.78
2023-01-23,271.78
2023-01-24,271.78
2023-01-25,271.78
2023-01-26,271.78
2023-01-27,271.78
2023-01-28,281.94
2023-01-29,284.47999999999996
2023-01-30,287.02
2023-01-31,292.09999999999997
2023-02-01,292.09999999999997
2023-02-02,292.09999999999997
2023-02-03,292.09999999999997
2023-02-04,294.64
2023-02-05,294.64
2023-02-06,294.64
2023-02-07,294.64
2023-02-08,294.64
2023-02-09,299.72
2023-02-10,299.72
2023-02-11,299.72
2023-02-12,302.26
2023-02-13,302.26
2023-02-14,304.79999999999995
2023-02-15,312.42
2023-02-16,317.5
2023-02-17,317.5
2023-02-18,320.03999999999996
2023-02-19,320.03999999999996
2023-02-20,320.03999999999996
2023-02-21,325.12
2023-02-22,330.2
2023-02-23,335.28
2023-02-24,340.36
2023-02-25,342.9
2023-02-26,345.44
2023-02-27,345.44
2023-02-28,350.52
2023-03-01,355.59999999999997
2023-03-02,363.21999999999997
2023-03-03,363.21999999999997
2023-03-04,365.76
2023-03-05,370.84
2023-03-06,370.84
2023-03-07,370.84
2023-03-08,370.84
2023-03-09,370.84
2023-03-10,370.84
2023-03-11,416.55999999999995
2023-03-12,426.71999999999997
2023-03-13,434.34000000000003
2023-03-14,434.34000000000003
2023-03-15,439.42
2023-03-16,457.2
2023-03-17,457.2
2023-03-18,457.2
2023-03-19,459.74
2023-03-20,462.28
2023-03-21,474.97999999999996
2023-03-22,485.14
2023-03-23,497.84000000000003
2023-03-24,497.84000000000003
2023-03-25,497.84000000000003
2023-03-26,502.92
2023-03-27,508.0
2023-03-28,508.0
2023-03-29,508.0
2023-03-30,508.0
2023-03-31,510.54
2023-04-01,528.3199999999999
2023-04-02,533.4
2023-04-03,533.4
2023-04-04,533.4
2023-04-05,533.4
2023-04-06,533.4
2023-04-07,533.4
2023-04-08,533.4
2023-04-09,533.4
2023-04-10,530.8599999999999
2023-04-11,530.8599999999999
2023-04-12,525.78
2023-04-13,515.62
2023-04-14,505.4599999999999
2023-04-15,508.0
2023-04-16,518.16
2023-04-17,520.6999999999999
2023-04-18,513.0799999999999
2023-04-19,500.37999999999994
2023-04-20,497.84000000000003
2023-04-21,508.0
2023-04-22,497.84000000000003
2023-04-23,495.29999999999995
2023-04-24,497.84000000000003
2023-04-25,490.21999999999997
2023-04-26,492.75999999999993
2023-04-27,487.67999999999995
2023-04-28,474.97999999999996
2023-04-29,457.2
2023-04-30,444.5
2023-05-01,424.17999999999995
2023-05-02,398.78
2023-05-03,375.92
2023-05-04,353.06
2023-05-05,342.9
2023-05-06,342.9
2023-05-07,322.58
2023-05-08,317.5
2023-05-09,299.72
2023-05-10,279.4
2023-05-11,269.23999999999995
2023-05-12,276.86
2023-05-13,264.15999999999997
2023-05-14,256.53999999999996
2023-05-15,246.37999999999997
2023-05-16,220.97999999999996
2023-05-17,195.57999999999998
2023-05-18,172.72
2023-05-19,149.86
2023-05-20,134.61999999999998
2023-05-21,111.76
2023-05-22,99.05999999999999
2023-05-23,86.36
2023-05-24,66.03999999999999
2023-05-25,50.8
2023-05-26,30.479999999999997
2023-05-27,17.779999999999998
2023-05-28,7.619999999999999
2023-05-29,2.54
2023-05-30,0.0
2023-05-31,0.0
2023-06-01,0.0
2023-06-02,0.0
2023-06-03,0.0
2023-06-04,0.0
2023-06-05,0.0
2023-06-06,0.0
2023-06-07,0.0
2023-06-08,0.0
2023-06-09,0.0
2023-06-10,0.0
2023-06-11,0.0
2023-06-12,0.0
2023-06-13,0.0
2023-06-14,0.0
2023-06-15,0.0
2023-06-16,0.0
2023-06-17,2.54
2023-06-18,0.0
2023-06-19,0.0
2023-06-20,0.0
2023-06-21,0.0
2023-06-22,0.0
2023-06-23,0.0
2023-06-24,0.0
2023-06-25,0.0
2023-06-26,0.0
2023-06-27,0.0
2023-06-28,0.0
2023-06-29,0.0
2023-06-30,0.0
2023-07-01,0.0
2023-07-02,0.0
2023-07-03,0.0
2023-07-04,0.0
2023-07-05,0.0
2023-07-06,0.0
2023-07-07,0.0
2023-07-08,0.0
2023-07-09,0.0
2023-07-10,0.0
2023-07-11,0.0
2023-07-12,0.0
2023-07-13,0.0
2023-07-14,0.0
2023-07-15,0.0
2023-07-16,0.0
2023-07-17,0.0
2023-07-18,0.0
2023-07-19,0.0
2023-07-20,0.0
2023-07-21,0.0
2023-07-22,0.0
2023-07-23,0.0
2023-07-24,0.0
2023-07-25,0.0
2023-07-26,0.0
2023-07-27,0.0
2023-07-28,0.0
2023-07-29,0.0
2023-07-30,0.0
2023-07-31,0.0
2023-08-01,0.0
2023-08-02,0.0
2023-08-03,0.0
2023-08-04,0.0
2023-08-05,0.0
2023-08-06,0.0
2023-08-07,0.0
2023-08-08,0.0
2023-08-09,0.0
2023-08-10,0.0
2023-08-11,0.0
2023-08-12,0.0
2023-08-13,0.0
2023-08-14,0.0
2023-08-15,0.0
2023-08-16,0.0
2023-08-17,0.0
2023-08-18,0.0
2023-08-19,0.0
2023-08-20,0.0
2023-08-21,0.0
2023-08-22,0.0
2023-08-23,0.0
2023-08-24,0.0
2023-08-25,0.0
2023-08-26,0.0
2023-08-27,0.0
2023-08-28,0.0
2023-08-29,0.0
2023-08-30,0.0
2023-08-31,0.0
2023-09-01,0.0
2023-09-02,0.0
2023-09-03,0.0
2023-09-04,0.0
2023-09-05,0.0
2023-09-06,0.0
2023-09-07,0.0
2023-09-08,0.0
2023-09-09,0.0
2023-09-10,0.0
2023-09-11,0.0
2023-09-12,0.0
2023-09-13,0.0
2023-09-14,0.0
2023-09-15,0.0
2023-09-16,0.0
2023-09-17,0.0
2023-09-18,0.0
2023-09-19,0.0
2023-09-20,0.0
2023-09-21,0.0
2023-09-22,0.0
2023-09-23,0.0
2023-09-24,0.0
2023-09-25,0.0
2023-09-26,0.0
2023-09-27,0.0
2023-09-28,0.0
2023-09-29,0.0
2023-09-30,0.0
2023-10-01,0.0
2023-10-02,0.0
2023-10-03,2.54
2023-10-04,2.54
2023-10-05,0.0
2023-10-06,0.0
2023-10-07,0.0
2023-10-08,0.0
2023-10-09,0.0
2023-10-10,0.0
2023-10-11,0.0
2023-10-12,5.08
2023-10-13,15.239999999999998
2023-10-14,15.239999999999998
2023-10-15,15.239999999999998
2023-10-16,12.7
2023-10-17,7.619999999999999
2023-10-18,0.0
2023-10-19,0.0
2023-10-20,0.0
2023-10-21,0.0
2023-10-22,0.0
2023-10-23,0.0
2023-10-24,0.0
2023-10-25,0.0
2023-10-26,0.0
2023-10-27,0.0
2023-10-28,0.0
2023-10-29,43.18
2023-10-30,43.18
2023-10-31,43.18
2023-11-01,43.18
2023-11-02,45.72
2023-11-03,45.72
2023-11-04,45.72
2023-11-05,45.72
2023-11-06,45.72
2023-11-07,45.72
2023-11-08,43.18
2023-11-09,43.18
2023-11-10,43.18
2023-11-11,43.18
2023-11-12,43.18
2023-11-13,43.18
2023-11-14,43.18
2023-11-15,43.18
2023-11-16,43.18
2023-11-17,48.26
2023-11-18,48.26
2023-11-19,50.8
2023-11-20,55.88
2023-11-21,55.88
2023-11-22,55.88
2023-11-23,55.88
2023-11-24,55.88
2023-11-25,66.03999999999999
2023-11-26,66.03999999999999
2023-11-27,66.03999999999999
2023-11-28,66.03999999999999
2023-11-29,68.58
2023-11-30,68.58
2023-12-01,71.11999999999999
2023-12-02,73.66
2023-12-03,88.89999999999999
2023-12-04,104.13999999999999
2023-12-05,104.13999999999999
2023-12-06,104.13999999999999
2023-12-07,104.13999999999999
2023-12-08,106.67999999999999
2023-12-09,121.91999999999999
2023-12-10,121.91999999999999
2023-12-11,124.46000000000001
2023-12-12,124.46000000000001
2023-12-13,127.0
2023-12-14,132.07999999999998
2023-12-15,132.07999999999998
2023-12-16,132.07999999999998
2023-12-17,132.07999999999998
2023-12-18,132.07999999999998
2023-12-19,132.07999999999998
2023-12-20,132.07999999999998
2023-12-21,132.07999999999998
2023-12-22,132.07999999999998
2023-12-23,134.61999999999998
2023-12-24,137.16
2023-12-25,137.16
2023-12-26,137.16
2023-12-27,139.7
2023-12-28,139.7
2023-12-29,139.7
2023-12-30,139.7
2023-12-31,139.7
2024-01-01,139.7
2024-01-02,139.7
2024-01-03,139.7
2024-01-04,139.7
2024-01-05,139.7
2024-01-06,139.7
2024-01-07,139.7
2024-01-08,142.23999999999998
2024-01-09,142.23999999999998
2024-01-10,147.32
2024-01-11,154.93999999999997
2024-01-12,160.01999999999998
2024-01-13,170.18
2024-01-14,180.33999999999997
2024-01-15,215.89999999999998
2024-01-16,223.52
2024-01-17,223.52
2024-01-18,233.67999999999998
2024-01-19,241.29999999999998
2024-01-20,241.29999999999998
2024-01-21,241.29999999999998
2024-01-22,243.83999999999997
2024-01-23,243.83999999999997
2024-01-24,243.83999999999997
2024-01-25,243.83999999999997
2024-01-26,243.83999999999997
2024-01-27,243.83999999999997
2024-01-28,243.83999999999997
2024-01-29,243.83999999999997
2024-01-30,243.83999999999997
2024-01-31,243.83999999999997
2024-02-01,243.83999999999997
2024-02-02,243.83999999999997
2024-02-03,254.0
2024-02-04,254.0
2024-02-05,254.0
2024-02-06,256.53999999999996
2024-02-07,256.53999999999996
2024-02-08,259.08
2024-02-09,264.15999999999997
2024-02-10,269.23999999999995
2024-02-11,269.23999999999995
2024-02-12,269.23999999999995
2024-02-13,269.23999999999995
2024-02-14,269.23999999999995
2024-02-15,271.78
2024-02-16,281.94
2024-02-17,292.09999999999997
2024-02-18,292.09999999999997
2024-02-19,294.64
2024-02-20,299.72
2024-02-21,299.72
2024-02-22,302.26
2024-02-23,304.79999999999995
2024-02-24,304.79999999999995
2024-02-25,304.79999999999995
2024-02-26,304.79999999999995
2024-02-27,314.96
2024-02-28,322.58
2024-02-29,325.12
2024-03-01,327.65999999999997
2024-03-02,327.65999999999997
2024-03-03,330.2
2024-03-04,347.97999999999996
2024-03-05,347.97999999999996
2024-03-06,350.52
2024-03-07,350.52
2024-03-08,350.52
2024-03-09,350.52
2024-03-10,350.52
2024-03-11,353.06
2024-03-12,355.59999999999997
2024-03-13,358.14
2024-03-14,360.67999999999995
2024-03-15,365.76
2024-03-16,365.76
2024-03-17,368.29999999999995
2024-03-18,368.29999999999995
2024-03-19,368.29999999999995
2024-03-20,368.29999999999995
2024-03-21,368.29999999999995
2024-03-22,368.29999999999995
2024-03-23,368.29999999999995
2024-03-24,375.92
2024-03-25,378.46
2024-03-26,378.46
2024-03-27,393.7
2024-03-28,393.7
2024-03-29,393.7
2024-03-30,403.86
2024-03-31,406.4
2024-04-01,406.4
2024-04-02,403.86
2024-04-03,403.86
2024-04-04,403.86
2024-04-05,398.78
2024-04-06,401.32
2024-04-07,406.4
2024-04-08,406.4
2024-04-09,406.4
2024-04-10,406.4
2024-04-11,406.4
2024-04-12,396.23999999999995
2024-04-13,378.46
2024-04-14,365.76
2024-04-15,350.52
2024-04-16,350.52
2024-04-17,350.52
2024-04-18,342.9
2024-04-19,332.73999999999995
2024-04-20,320.03999999999996
2024-04-21,309.87999999999994
2024-04-22,297.17999999999995
2024-04-23,276.86
2024-04-24,256.53999999999996
2024-04-25,233.67999999999998
2024-04-26,223.52
2024-04-27,231.14
2024-04-28,241.29999999999998
2024-04-29,243.83999999999997
2024-04-30,241.29999999999998
2024-05-01,223.52
2024-05-02,215.89999999999998
2024-05-03,203.2
2024-05-04,190.5
2024-05-05,180.33999999999997
2024-05-06,170.18
2024-05-07,177.79999999999998
2024-05-08,187.96
2024-05-09,193.04
2024-05-10,193.04
2024-05-11,200.66
2024-05-12,220.97999999999996
2024-05-13,226.06
2024-05-14,213.35999999999999
2024-05-15,205.73999999999998
2024-05-16,185.42
2024-05-17,157.48
2024-05-18,127.0
2024-05-19,104.13999999999999
2024-05-20,81.28
2024-05-21,60.959999999999994
2024-05-22,71.11999999999999
2024-05-23,58.419999999999995
2024-05-24,45.72
2024-05-25,33.019999999999996
2024-05-26,17.779999999999998
2024-05-27,0.0
2024-05-28,0.0
2024-05-29,0.0
2024-05-30,0.0
2024-05-31,0.0
2024-06-01,0.0
2024-06-02,0.0
2024-06-03,0.0
2024-06-04,0.0
2024-06-05,0.0
2024-06-06,0.0
2024-06-07,0.0
2024-06-08,0.0
2024-06-09,0.0
2024-06-10,0.0
2024-06-11,0.0
2024-06-12,0.0
2024-06-13,0.0
2024-06-14,0.0
2024-06-15,0.0
2024-06-16,0.0
2024-06-17,0.0
2024-06-18,0.0
2024-06-19,0.0
2024-06-20,0.0
2024-06-21,0.0
2024-06-22,0.0
2024-06-23,0.0
2024-06-24,0.0
2024-06-25,0.0
2024-06-26,0.0
2024-06-27,0.0
2024-06-28,0.0
2024-06-29,0.0
2024-06-30,0.0
2024-07-01,0.0
2024-07-02,0.0
2024-07-03,0.0
2024-07-04,0.0
2024-07-05,0.0
2024-07-06,0.0
2024-07-07,0.0
2024-07-08,0.0
2024-07-09,0.0
2024-07-10,0.0
2024-07-11,0.0
2024-07-12,0.0
2024-07-13,0.0
2024-07-14,0.0
2024-07-15,0.0
2024-07-16,0.0
2024-07-17,0.0
2024-07-18,0.0
2024-07-19,0.0
2024-07-20,0.0
2024-07-21,0.0
2024-07-22,0.0
2024-07-23,0.0
2024-07-24,0.0
2024-07-25,0.0
2024-07-26,0.0
2024-07-27,0.0
2024-07-28,0.0
2024-07-29,0.0
2024-07-30,0.0
2024-07-31,0.0
2024-08-01,0.0
2024-08-02,0.0
2024-08-03,0.0
2024-08-04,0.0
2024-08-05,0.0
2024-08-06,0.0
2024-08-07,0.0
2024-08-08,0.0
2024-08-09,0.0
2024-08-10,0.0
2024-08-11,0.0
2024-08-12,0.0
2024-08-13,0.0
2024-08-14,0.0
2024-08-15,0.0
2024-08-16,0.0
2024-08-17,0.0
2024-08-18,0.0
2024-08-19,0.0
2024-08-20,0.0
2024-08-21,0.0
2024-08-22,0.0
2024-08-23,0.0
2024-08-24,0.0
2024-08-25,0.0
2024-08-26,0.0
2024-08-27,0.0
2024-08-28,0.0
2024-08-29,0.0
2024-08-30,0.0
2024-08-31,0.0
2024-09-01,0.0
2024-09-02,0.0
2024-09-03,0.0
2024-09-04,0.0
2024-09-05,0.0
2024-09-06,0.0
2024-09-07,0.0
2024-09-08,0.0
2024-09-09,0.0
2024-09-10,0.0
2024-09-11,0.0
2024-09-12,0.0
2024-09-13,0.0
2024-09-14,0.0
2024-09-15,0.0
2024-09-16,0.0
2024-09-17,0.0
2024-09-18,0.0
2024-09-19,0.0
2024-09-20,0.0
2024-09-21,0.0
2024-09-22,12.7
2024-09-23,2.54
2024-09-24,0.0
2024-09-25,0.0
2024-09-26,0.0
2024-09-27,0.0
2024-09-28,0.0
2024-09-29,0.0
2024-09-30,0.0
2024-10-01,0.0
2024-10-02,0.0
2024-10-03,0.0
2024-10-04,0.0
2024-10-05,0.0
2024-10-06,0.0
2024-10-07,0.0
2024-10-08,0.0
2024-10-09,0.0
2024-10-10,0.0
2024-10-11,0.0
2024-10-12,0.0
2024-10-13,0.0
2024-10-14,0.0
2024-10-15,0.0
2024-10-16,0.0
2024-10-17,0.0
2024-10-18,0.0
2024-10-19,0.0
2024-10-20,0.0
2024-10-21,10.16
2024-10-22,15.239999999999998
2024-10-23,15.239999999999998
2024-10-24,12.7
2024-10-25,7.619999999999999
2024-10-26,0.0
2024-10-27,0.0
2024-10-28,0.0
2024-10-29,12.7
2024-10-30,22.86
2024-10-31,30.479999999999997
2024-11-01,30.479999999999997
2024-11-02,30.479999999999997
2024-11-03,30.479999999999997
2024-11-04,35.559999999999995
2024-11-05,35.559999999999995
2024-11-06,40.64
2024-11-07,45.72
2024-11-08,45.72
2024-11-09,48.26
2024-11-10,48.26
2024-11-11,48.26
2024-11-12,48.26
2024-11-13,55.88
2024-11-14,55.88
2024-11-15,55.88
2024-11-16,55.88
2024-11-17,55.88
2024-11-18,55.88
2024-11-19,55.88
2024-11-20,60.959999999999994
2024-11-21,63.5
2024-11-22,63.5
2024-11-23,63.5
2024-11-24,63.5
2024-11-25,68.58
2024-11-26,71.11999999999999
2024-11-27,116.83999999999999
2024-11-28,127.0
2024-11-29,124.46000000000001
2024-11-30,127.0
2024-12-01,127.0
2024-12-02,127.0
2024-12-03,127.0
2024-12-04,127.0
2024-12-05,127.0
2024-12-06,127.0
2024-12-07,127.0
2024-12-08,127.0
2024-12-09,127.0
2024-12-10,127.0
2024-12-11,127.0
2024-12-12,127.0
2024-12-13,129.54
2024-12-14,129.54
2024-12-15,132.07999999999998
2024-12-16,129.54
2024-12-17,132.07999999999998
2024-12-18,129.54
2024-12-19,132.07999999999998
2024-12-20,132.07999999999998
2024-12-21,132.07999999999998
2024-12-22,132.07999999999998
2024-12-23,132.07999999999998
2024-12-24,132.07999999999998
2024-12-25,132.07999999999998
2024-12-26,134.61999999999998
2024-12-27,142.23999999999998
2024-12-28,152.39999999999998
2024-12-29,162.56
2024-12-30,170.18
2024-12-31,175.26
2025-01-01,175.26
2025-01-02,177.79999999999998
2025-01-03,185.42
2025-01-04,187.96
2025-01-05,190.5
2025-01-06,190.5
2025-01-07,190.5
2025-01-08,190.5
2025-01-09,190.5
2025-01-10,190.5
2025-01-11,190.5
2025-01-12,198.11999999999998
2025-01-13,198.11999999999998
2025-01-14,198.11999999999998
2025-01-15,198.11999999999998
2025-01-16,198.11999999999998
2025-01-17,200.66
2025-01-18,200.66
2025-01-19,203.2
2025-01-20,203.2
2025-01-21,203.2
2025-01-22,205.73999999999998
2025-01-23,205.73999999999998
2025-01-24,205.73999999999998
2025-01-25,208.27999999999997
2025-01-26,208.27999999999997
2025-01-27,208.27999999999997
2025-01-28,208.27999999999997
2025-01-29,208.27999999999997
2025-01-30,208.27999999999997
2025-01-31,208.27999999999997
2025-02-01,208.27999999999997
2025-02-02,208.27999999999997
2025-02-03,208.27999999999997
2025-02-04,208.27999999999997
2025-02-05,208.27999999999997
2025-02-06,208.27999999999997
2025-02-07,208.27999999999997
2025-02-08,208.27999999999997
2025-02-09,210.82
2025-02-10,210.82
2025-02-11,213.35999999999999
2025-02-12,215.89999999999998
2025-02-13,213.35999999999999
2025-02-14,228.6
2025-02-15,266.7
2025-02-16,276.86
2025-02-17,281.94
2025-02-18,284.47999999999996
2025-02-19,284.47999999999996
2025-02-20,287.02
2025-02-21,289.56
2025-02-22,289.56
2025-02-23,289.56
2025-02-24,289.56
2025-02-25,289.56
2025-02-26,289.56
2025-02-27,289.56
2025-02-28,289.56
2025-03-01,289.56
2025-03-02,289.56
2025-03-03,289.56
2025-03-04,289.56
2025-03-05,292.09999999999997
2025-03-06,302.26
2025-03-07,309.87999999999994
2025-03-08,309.87999999999994
2025-03-09,309.87999999999994
2025-03-10,309.87999999999994
2025-03-11,309.87999999999994
2025-03-12,309.87999999999994
2025-03-13,309.87999999999994
2025-03-14,314.96
2025-03-15,317.5
2025-03-16,322.58
2025-03-17,325.12
2025-03-18,330.2
2025-03-19,335.28
2025-03-20,335.28
2025-03-21,337.82
2025-03-22,337.82
2025-03-23,350.52
2025-03-24,350.52
2025-03-25,350.52
2025-03-26,347.97999999999996
2025-03-27,345.44
2025-03-28,337.82
2025-03-29,332.73999999999995
2025-03-30,330.2
2025-03-31,332.73999999999995
2025-04-01,337.82
2025-04-02,345.44
2025-04-03,350.52
2025-04-04,360.67999999999995
2025-04-05,363.21999999999997
2025-04-06,370.84
2025-04-07,373.37999999999994
2025-04-08,370.84
2025-04-09,360.67999999999995
2025-04-10,342.9
2025-04-11,330.2
2025-04-12,314.96
2025-04-13,299.72
2025-04-14,287.02
2025-04-15,276.86
2025-04-16,266.7
2025-04-17,264.15999999999997
2025-04-18,248.92000000000002
2025-04-19,254.0
2025-04-20,261.62
2025-04-21,261.62
2025-04-22,254.0
2025-04-23,241.29999999999998
2025-04-24,226.06
2025-04-25,213.35999999999999
2025-04-26,198.11999999999998
2025-04-27,177.79999999999998
2025-04-28,165.1
2025-04-29,154.93999999999997
2025-04-30,152.39999999999998
2025-05-01,144.78
2025-05-02,137.16
2025-05-03,116.83999999999999
2025-05-04,91.44
2025-05-05,86.36
2025-05-06,86.36
2025-05-07,83.82
2025-05-08,81.28
2025-05-09,66.03999999999999
2025-05-10,43.18
2025-05-11,20.32
2025-05-12,5.08
2025-05-13,0.0
2025-05-14,0.0
2025-05-15,2.54
2025-05-16,5.08
2025-05-17,0.0
2025-05-18,0.0
2025-05-19,5.08
2025-05-20,2.54
2025-05-21,0.0
2025-05-22,0.0
2025-05-23,0.0
2025-05-24,0.0
2025-05-25,0.0
2025-05-26,0.0
2025-05-27,0.0
2025-05-28,0.0
2025-05-29,0.0
2025-05-30,0.0
2025-05-31,0.0
2025-06-01,0.0
2025-06-02,0.0
2025-06-03,0.0
2025-06-04,0.0
2025-06-05,0.0
2025-06-06,0.0
2025-06-07,2.54
2025-06-08,0.0
2025-06-09,0.0
2025-06-10,0.0
2025-06-11,0.0
2025-06-12,0.0
2025-06-13,0.0
2025-06-14,0.0
2025-06-15,0.0
2025-06-16,0.0
2025-06-17,0.0
2025-06-18,0.0
2025-06-19,0.0
2025-06-20,0.0
2025-06-21,0.0
2025-06-22,0.0
2025-06-23,0.0
2025-06-24,0.0
2025-06-25,0.0
2025-06-26,0.0
2025-06-27,0.0
2025-06-28,0.0
2025-06-29,0.0
2025-06-30,0.0
2025-07-01,0.0
2025-07-02,0.0
2025-07-03,0.0
2025-07-04,0.0
2025-07-05,0.0
2025-07-06,0.0
2025-07-07,0.0
2025-07-08,0.0
2025-07-09,0.0
2025-07-10,0.0
2025-07-11,0.0
2025-07-12,0.0
2025-07-13,0.0
2025-07-14,0.0
2025-07-15,0.0
2025-07-16,0.0
2025-07-17,0.0
2025-07-18,0.0
2025-07-19,0.0
2025-07-20,0.0
2025-07-21,0.0
2025-07-22,0.0
2025-07-23,0.0
2025-07-24,0.0
2025-07-25,0.0
2025-07-26,0.0
2025-07-27,0.0
2025-07-28,0.0
2025-07-29,0.0
2025-07-30,0.0
2025-07-31,0.0
2025-08-01,0.0
2025-08-02,0.0
2025-08-03,0.0
2025-08-04,0.0
2025-08-05,0.0
2025-08-06,0.0
2025-08-07,0.0
2025-08-08,0.0
2025-08-09,0.0
2025-08-10,0.0
2025-08-11,0.0
2025-08-12,0.0
2025-08-13,0.0
2025-08-14,0.0
2025-08-15,0.0
2025-08-16,0.0
2025-08-17,0.0
2025-08-18,0.0
2025-08-19,0.0
2025-08-20,0.0
2025-08-21,0.0
2025-08-22,0.0
2025-08-23,0.0
2025-08-24,0.0
2025-08-25,0.0
2025-08-26,0.0
2025-08-27,0.0
2025-08-28,0.0
2025-08-29,0.0
2025-08-30,0.0
2025-08-31,0.0
2025-09-01,0.0
2025-09-02,0.0
2025-09-03,0.0
2025-09-04,0.0
2025-09-05,0.0
2025-09-06,0.0
2025-09-07,0.0
2025-09-08,0.0
2025-09-09,0.0
2025-09-10,0.0
2025-09-11,0.0
2025-09-12,0.0
2025-09-13,0.0
2025-09-14,0.0
2025-09-15,0.0
2025-09-16,0.0
2025-09-17,0.0
2025-09-18,0.0
2025-09-19,0.0
2025-09-20,0.0
2025-09-21,0.0
2025-09-22,0.0
2025-09-23,0.0
2025-09-24,0.0
2025-09-25,0.0
2025-09-26,0.0
2025-09-27,0.0
2025-09-28,0.0
2025-09-29,0.0
2025-09-30,0.0
