date,value
1999-10-01,4.860460733333333
1999-10-02,4.6351062
1999-10-03,4.475234266666667
1999-10-04,4.418600666666666
1999-10-05,4.389104
1999-10-06,4.7147472
1999-10-07,5.163686466666666
1999-10-08,5.321198666666667
1999-10-09,5.2309388666666665
1999-10-10,5.000864866666666
1999-10-11,4.886417799999999
1999-10-12,4.760762
1999-10-13,4.617998133333333
1999-10-14,4.5182994
1999-10-15,4.3926436
1999-10-16,4.154900466666667
1999-10-17,4.114785
1999-10-18,4.179677666666667
1999-10-19,4.0245252
1999-10-20,3.922466733333333
1999-10-21,3.812739133333333
1999-10-22,3.7230692666666663
1999-10-23,3.6971122
1999-10-24,3.6257302666666664
1999-10-25,3.5826651333333337
1999-10-26,3.5543483333333334
1999-10-27,3.4446207333333336
1999-10-28,3.409224733333333
1999-10-29,3.3201448
1999-10-30,3.238144066666667
1999-10-31,3.3549508666666665
1999-11-01,3.2611514666666666
1999-11-02,3.1024594000000003
1999-11-03,3.0717828666666667
1999-11-04,3.0865312
1999-11-05,3.0593942666666667
1999-11-06,3.016329133333333
1999-11-07,3.0287177333333335
1999-11-08,3.0717828666666667
1999-11-09,2.9644150000000002
1999-11-10,2.8452484666666664
1999-11-11,2.8192913999999996
1999-11-12,2.7614779333333335
1999-11-13,2.733161133333333
1999-11-14,2.7184128
1999-11-15,2.6777073999999996
1999-11-16,2.6877362666666667
1999-11-17,2.8281404
1999-11-18,2.6045556666666667
1999-11-19,2.3060494
1999-11-20,2.458842133333333
1999-11-21,2.726081933333333
1999-11-22,2.5219650000000002
1999-11-23,2.1916023333333334
1999-11-24,2.4281656000000003
1999-11-25,2.7272618000000004
1999-11-26,2.7514490666666664
1999-11-27,2.592757
1999-11-28,2.5213750666666668
1999-11-29,2.5054468666666665
1999-11-30,2.547332133333333
1999-12-01,2.6853765333333333
1999-12-02,2.6948154666666664
1999-12-03,2.3733018
1999-12-04,2.1385083333333332
1999-12-05,2.110191533333333
1999-12-06,2.0954432
1999-12-07,2.081874733333333
1999-12-08,2.0535579333333334
1999-12-09,2.0116726666666667
1999-12-10,1.9686075333333333
1999-12-11,1.9538592
1999-12-12,1.9945646000000001
1999-12-13,2.0523780666666664
1999-12-14,2.0671264
1999-12-15,2.0671264
1999-12-16,2.0806948666666667
1999-12-17,2.0954432
1999-12-18,2.0683062666666667
1999-12-19,2.0116726666666667
1999-12-20,1.982176
1999-12-21,1.982176
1999-12-22,1.9686075333333333
1999-12-23,1.940290733333333
1999-12-24,1.8984054666666665
1999-12-25,1.8824772666666665
1999-12-26,1.8836571333333332
1999-12-27,1.8417718666666667
1999-12-28,1.798706733333333
1999-12-29,1.7703899333333333
1999-12-30,1.7556416
1999-12-31,1.7827785333333332
2000-01-01,1.8122752
2000-01-02,1.7851382666666666
2000-01-03,1.7420731333333332
2000-01-04,1.7137563333333334
2000-01-05,1.7261449333333332
2000-01-06,1.7827785333333332
2000-01-07,1.8122752
2000-01-08,1.8122752
2000-01-09,1.8122752
2000-01-10,1.8122752
2000-01-11,1.798706733333333
2000-01-12,1.7839584000000002
2000-01-13,1.7839584000000002
2000-01-14,1.7839584000000002
2000-01-15,1.7703899333333333
2000-01-16,1.7556416
2000-01-17,1.7692100666666668
2000-01-18,1.7975268666666666
2000-01-19,1.8122752
2000-01-20,1.8529806000000002
2000-01-21,1.8972255999999998
2000-01-22,1.8836571333333332
2000-01-23,1.8417718666666667
2000-01-24,1.8394121333333333
2000-01-25,1.8824772666666665
2000-01-26,1.8836571333333332
2000-01-27,1.8689088
2000-01-28,1.8417718666666667
2000-01-29,1.8122752
2000-01-30,1.7851382666666666
2000-01-31,1.6742308
2000-02-01,1.5857408
2000-02-02,1.5721723333333333
2000-02-03,1.557424
2000-02-04,1.557424
2000-02-05,1.5709924666666666
2000-02-06,1.5857408
2000-02-07,1.5721723333333333
2000-02-08,1.5709924666666666
2000-02-09,1.6400146666666666
2000-02-10,1.699008
2000-02-11,1.699008
2000-02-12,1.6718710666666665
2000-02-13,1.6423744000000002
2000-02-14,1.6423744000000002
2000-02-15,1.6423744000000002
2000-02-16,1.6559428666666667
2000-02-17,1.6571227333333336
2000-02-18,1.6288059333333333
2000-02-19,1.6140576
2000-02-20,1.6276260666666669
2000-02-21,1.6559428666666667
2000-02-22,1.6571227333333336
2000-02-23,1.6152374666666667
2000-02-24,1.5857408
2000-02-25,1.5586038666666664
2000-02-26,1.5291072
2000-02-27,1.5291072
2000-02-28,1.5019702666666666
2000-02-29,1.4724736
2000-03-01,1.5538844
2000-03-02,1.6152374666666667
2000-03-03,1.6128777333333335
2000-03-04,1.6695113333333333
2000-03-05,1.7261449333333332
2000-03-06,1.823483933333333
2000-03-07,1.8293832666666665
2000-03-08,1.7285046666666668
2000-03-09,1.6583026
2000-03-10,1.5733521999999998
2000-03-11,1.6647918666666666
2000-03-12,1.7308644
2000-03-13,1.6423744000000002
2000-03-14,1.7102167333333333
2000-03-15,1.7568214666666666
2000-03-16,1.6730509333333332
2000-03-17,1.6411945333333333
2000-03-18,1.6299858
2000-03-19,1.6942885333333333
2000-03-20,1.7851382666666666
2000-03-21,1.7285046666666668
2000-03-22,1.7532818666666667
2000-03-23,1.8665490666666666
2000-03-24,1.9119739333333332
2000-03-25,2.0329102666666663
2000-03-26,2.2075305333333333
2000-03-27,2.386280333333333
2000-03-28,2.548512
2000-03-29,2.5756489333333334
2000-03-30,2.550871733333333
2000-03-31,2.3968991333333336
2000-04-01,2.2529554
2000-04-02,2.2358473333333335
2000-04-03,2.2789124666666667
2000-04-04,2.6057355333333336
2000-04-05,3.3384327333333332
2000-04-06,4.064640666666667
2000-04-07,4.660473333333333
2000-04-08,5.308220133333333
2000-04-09,6.478647866666667
2000-04-10,7.605420533333334
2000-04-11,8.1446196
2000-04-12,9.034239066666666
2000-04-13,10.2011272
2000-04-14,10.4471294
2000-04-15,9.3640118
2000-04-16,9.0118216
2000-04-17,10.750355133333334
2000-04-18,11.533786599999999
2000-04-19,10.171630533333333
2000-04-20,10.184609066666667
2000-04-21,11.1692078
2000-04-22,11.104905066666667
2000-04-23,11.516088600000002
2000-04-24,11.8470412
2000-04-25,12.612774666666667
2000-04-26,15.918171133333333
2000-04-27,20.545018266666666
2000-04-28,22.8711254
2000-04-29,21.99212473333333
2000-04-30,21.24880873333333
2000-05-01,22.787944800000002
2000-05-02,27.080889666666664
2000-05-03,32.458132
2000-05-04,37.01241733333333
2000-05-05,40.02697666666666
2000-05-06,40.38093666666666
2000-05-07,40.32194333333333
2000-05-08,36.98882
2000-05-09,29.375730333333333
2000-05-10,27.470245666666667
2000-05-11,29.166304
2000-05-12,26.004851266666666
2000-05-13,21.2252114
2000-05-14,19.11384
2000-05-15,18.989364066666663
2000-05-16,21.875907866666665
2000-05-17,22.424545866666666
2000-05-18,19.097911800000002
2000-05-19,17.3192628
2000-05-20,17.718057733333335
2000-05-21,20.49133433333333
2000-05-22,26.785922999999997
2000-05-23,36.72335
2000-05-24,43.967731333333326
2000-05-25,41.926562
2000-05-26,33.873972
2000-05-27,29.585156666666666
2000-05-28,34.210234
2000-05-29,41.24813866666667
2000-05-30,42.929448666666666
2000-05-31,40.29244666666666
2000-06-01,36.73514866666667
2000-06-02,34.298724
2000-06-03,32.73540066666666
2000-06-04,31.455245333333334
2000-06-05,29.915519333333332
2000-06-06,27.9876172
2000-06-07,26.661447066666664
2000-06-08,26.739318266666668
2000-06-09,25.59897713333333
2000-06-10,22.7967938
2000-06-11,20.971540066666666
2000-06-12,19.321496533333335
2000-06-13,17.3192628
2000-06-14,16.033208133333332
2000-06-15,15.858587866666667
2000-06-16,15.150667866666666
2000-06-17,13.870512533333333
2000-06-18,14.0539818
2000-06-19,15.5866286
2000-06-20,15.416137866666666
2000-06-21,13.572006266666667
2000-06-22,12.1691448
2000-06-23,11.353267
2000-06-24,11.1249628
2000-06-25,11.579801400000001
2000-06-26,11.8558902
2000-06-27,11.451785866666667
2000-06-28,10.749765199999999
2000-06-29,9.751008066666666
2000-06-30,8.807114733333334
2000-07-01,8.3569956
2000-07-02,8.3499164
2000-07-03,8.207742466666666
2000-07-04,7.685651466666666
2000-07-05,7.1464524
2000-07-06,6.6503184666666675
2000-07-07,6.3588914
2000-07-08,6.626721133333334
2000-07-09,7.074480533333333
2000-07-10,6.921097866666667
2000-07-11,6.558288866666666
2000-07-12,6.362431
2000-07-13,6.026168999999999
2000-07-14,6.225566466666667
2000-07-15,7.279777333333333
2000-07-16,8.023683266666666
2000-07-17,7.5163405999999995
2000-07-18,6.540590866666666
2000-07-19,6.0385576
2000-07-20,5.6173452
2000-07-21,5.1483482
2000-07-22,4.737164666666666
2000-07-23,4.503551066666667
2000-07-24,4.487622866666666
2000-07-25,4.3938234666666665
2000-07-26,4.126583666666666
2000-07-27,3.8965096666666663
2000-07-28,3.768494133333333
2000-07-29,3.6280900000000003
2000-07-30,3.5938738666666663
2000-07-31,3.8156888
2000-08-01,3.938394933333333
2000-08-02,3.8115592666666664
2000-08-03,3.887070733333333
2000-08-04,3.9814600666666666
2000-08-05,3.7584652666666667
2000-08-06,3.5283912666666666
2000-08-07,3.3732387999999998
2000-08-08,3.1219272
2000-08-09,2.9992210666666668
2000-08-10,3.248172933333333
2000-08-11,3.5767658
2000-08-12,4.1165548
2000-08-13,4.382614733333334
2000-08-14,4.082338666666667
2000-08-15,4.045762799999999
2000-08-16,4.188526666666666
2000-08-17,4.152540733333333
2000-08-18,4.0493024
2000-08-19,4.144281666666667
2000-08-20,4.261088466666666
2000-08-21,4.465795333333333
2000-08-22,4.604429666666666
2000-08-23,4.4628456666666665
2000-08-24,4.199145466666667
2000-08-25,3.8976895333333332
2000-08-26,3.8080196666666666
2000-08-27,3.877041866666666
2000-08-28,3.9088982666666663
2000-08-29,3.8386962
2000-08-30,3.7673142666666664
2000-08-31,3.7242491333333327
2000-09-01,3.655226933333333
2000-09-02,3.5419597333333335
2000-09-03,3.415124066666667
2000-09-04,3.273540066666667
2000-09-05,3.1726614666666664
2000-09-06,3.1703017333333334
2000-09-07,3.159093
2000-09-08,3.2369641999999996
2000-09-09,3.464678466666667
2000-09-10,3.5679168000000003
2000-09-11,3.5407798666666666
2000-09-12,3.4977147333333334
2000-09-13,3.4422610000000002
2000-09-14,3.343742133333333
2000-09-15,3.2576118666666667
2000-09-16,3.2009782666666666
2000-09-17,3.212187
2000-09-18,3.459959
2000-09-19,3.4640885333333333
2000-09-20,2.9296089333333337
2000-09-21,2.8086726
2000-09-22,3.070603
2000-09-23,3.1012795333333334
2000-09-24,3.0729627333333336
2000-09-25,3.017509
2000-09-26,2.946127066666667
2000-09-27,2.9709042666666665
2000-09-28,3.084171466666667
2000-09-29,3.2110071333333337
2000-09-30,3.189769533333333
2000-10-01,2.9915519333333336
2000-10-02,2.8883136
2000-10-03,2.874745133333333
2000-10-04,3.0363868666666662
2000-10-05,3.1467044000000004
2000-10-06,2.949666666666667
2000-10-07,2.7909746
2000-10-08,2.692455733333333
2000-10-09,2.592757
2000-10-10,2.534943533333333
2000-10-11,2.4794898
2000-10-12,2.530224066666667
2000-10-13,2.619893933333333
2000-10-14,2.5644402
2000-10-15,2.465921333333333
2000-10-16,2.379791066666667
2000-10-17,2.3367259333333332
2000-10-18,2.3355460666666668
2000-10-19,2.3502944
2000-10-20,2.3502944
2000-10-21,2.4181367333333337
2000-10-22,2.600426133333333
2000-10-23,2.826960533333333
2000-10-24,2.9992210666666668
2000-10-25,2.9360982
2000-10-26,2.7219523999999997
2000-10-27,2.6741677999999998
2000-10-28,2.7726866666666665
2000-10-29,2.7909746
2000-10-30,2.692455733333333
2000-10-31,2.6741677999999998
2000-11-01,2.7184128
2000-11-02,2.6370020000000003
2000-11-03,2.5078066
2000-11-04,2.4499931333333334
2000-11-05,2.4216763333333335
2000-11-06,2.3255172
2000-11-07,2.304869533333333
2000-11-08,2.527864333333333
2000-11-09,2.6493906
2000-11-10,2.578008666666667
2000-11-11,2.548512
2000-11-12,2.4671012
2000-11-13,2.3786112
2000-11-14,2.392179666666667
2000-11-15,2.406928
2000-11-16,2.3933595333333333
2000-11-17,2.365042733333333
2000-11-18,2.3638628666666666
2000-11-19,2.365042733333333
2000-11-20,2.3367259333333332
2000-11-21,2.3219776
2000-11-22,2.3219776
2000-11-23,2.226998333333333
2000-11-24,2.0966230666666665
2000-11-25,2.094263333333333
2000-11-26,2.110191533333333
2000-11-27,2.0683062666666667
2000-11-28,1.9438303333333333
2000-11-29,1.8812974
2000-11-30,1.8169946666666668
2000-12-01,1.8075557333333332
2000-12-02,1.9662477999999999
2000-12-03,1.9697874000000002
2000-12-04,1.9391108666666665
2000-12-05,1.8860168666666663
2000-12-06,1.8122752
2000-12-07,1.8122752
2000-12-08,1.798706733333333
2000-12-09,1.7839584000000002
2000-12-10,1.6347052666666666
2000-12-11,1.5538844
2000-12-12,1.6288059333333333
2000-12-13,1.6140576
2000-12-14,1.6276260666666669
2000-12-15,1.6423744000000002
2000-12-16,1.6423744000000002
2000-12-17,1.6423744000000002
2000-12-18,1.6288059333333333
2000-12-19,1.6004891333333333
2000-12-20,1.5993092666666666
2000-12-21,1.6140576
2000-12-22,1.6004891333333333
2000-12-23,1.5857408
2000-12-24,1.5857408
2000-12-25,1.5857408
2000-12-26,1.5586038666666664
2000-12-27,1.5155387333333332
2000-12-28,1.4872219333333334
2000-12-29,1.486042066666667
2000-12-30,1.5007904000000003
2000-12-31,1.4872219333333334
2001-01-01,1.4724736
2001-01-02,1.486042066666667
2001-01-03,1.5143588666666667
2001-01-04,1.5291072
2001-01-05,1.5019702666666666
2001-01-06,1.4589051333333334
2001-01-07,1.4441568
2001-01-08,1.4577252666666667
2001-01-09,1.4996105333333334
2001-01-10,1.5155387333333332
2001-01-11,1.4872219333333334
2001-01-12,1.4453366666666667
2001-01-13,1.3887030666666667
2001-01-14,1.3456379333333333
2001-01-15,1.3173211333333332
2001-01-16,1.3025728
2001-01-17,1.3161412666666668
2001-01-18,1.3444580666666666
2001-01-19,1.3863433333333333
2001-01-20,1.4294084666666667
2001-01-21,1.4305883333333334
2001-01-22,1.41584
2001-01-23,1.402271533333333
2001-01-24,1.3875231999999997
2001-01-25,1.3875231999999997
2001-01-26,1.3603862666666666
2001-01-27,1.3308896
2001-01-28,1.3308896
2001-01-29,1.3444580666666666
2001-01-30,1.3592064
2001-01-31,1.3592064
2001-02-01,1.3592064
2001-02-02,1.3592064
2001-02-03,1.3592064
2001-02-04,1.3456379333333333
2001-02-05,1.3444580666666666
2001-02-06,1.3727748666666668
2001-02-07,1.4146601333333333
2001-02-08,1.4441568
2001-02-09,1.4305883333333334
2001-02-10,1.402271533333333
2001-02-11,1.3739547333333333
2001-02-12,1.3592064
2001-02-13,1.3727748666666668
2001-02-14,1.4010916666666666
2001-02-15,1.41584
2001-02-16,1.41584
2001-02-17,1.41584
2001-02-18,1.402271533333333
2001-02-19,1.4010916666666666
2001-02-20,1.41584
2001-02-21,1.4294084666666667
2001-02-22,1.4441568
2001-02-23,1.4441568
2001-02-24,1.4305883333333334
2001-02-25,1.402271533333333
2001-02-26,1.3875231999999997
2001-02-27,1.3468178
2001-02-28,1.3432782
2001-03-01,1.3603862666666666
2001-03-02,1.4123004000000001
2001-03-03,1.5143588666666667
2001-03-04,1.5562441333333332
2001-03-05,1.5857408
2001-03-06,1.5586038666666664
2001-03-07,1.4612648666666666
2001-03-08,1.4146601333333333
2001-03-09,1.4712937333333336
2001-03-10,1.4736534666666667
2001-03-11,1.4034514
2001-03-12,1.3320694666666666
2001-03-13,1.3161412666666668
2001-03-14,1.3037526666666668
2001-03-15,1.3556668
2001-03-16,1.4441568
2001-03-17,1.3898829333333333
2001-03-18,1.2901842
2001-03-19,1.2730761333333334
2001-03-20,1.4518259333333334
2001-03-21,1.7497422666666667
2001-03-22,1.9786364
2001-03-23,2.1349687333333334
2001-03-24,2.2629842666666664
2001-03-25,2.430525333333333
2001-03-26,2.480669666666667
2001-03-27,2.298380266666667
2001-03-28,2.1803936
2001-03-29,2.112551266666667
2001-03-30,2.0388096
2001-03-31,2.106651933333333
2001-04-01,2.438194466666667
2001-04-02,2.840529
2001-04-03,3.3260441333333333
2001-04-04,4.184397133333333
2001-04-05,4.510630266666667
2001-04-06,3.9785104
2001-04-07,3.5024341999999997
2001-04-08,3.152603733333333
2001-04-09,3.0930204666666667
2001-04-10,3.2304749333333334
2001-04-11,3.0629338666666666
2001-04-12,2.849967933333333
2001-04-13,2.760298066666667
2001-04-14,2.7479094666666666
2001-04-15,3.0711929333333337
2001-04-16,4.119504466666666
2001-04-17,5.832670866666667
2001-04-18,8.3339882
2001-04-19,10.588123466666667
2001-04-20,10.255991
2001-04-21,8.464363466666667
2001-04-22,7.1641504
2001-04-23,6.401956533333333
2001-04-24,6.831428
2001-04-25,8.352866066666666
2001-04-26,10.637087933333332
2001-04-27,13.387947066666667
2001-04-28,15.846789199999998
2001-04-29,16.7387684
2001-04-30,18.169946666666668
2001-05-01,21.463544466666665
2001-05-02,21.9862254
2001-05-03,18.945709
2001-05-04,15.8290912
2001-05-05,13.5584378
2001-05-06,12.357923466666668
2001-05-07,12.361463066666666
2001-05-08,13.405055133333333
2001-05-09,14.661613133333333
2001-05-10,15.883365066666668
2001-05-11,19.160444733333332
2001-05-12,23.802040199999997
2001-05-13,28.13392066666667
2001-05-14,32.481729333333334
2001-05-15,35.90334266666667
2001-05-16,37.64954533333333
2001-05-17,35.502188
2001-05-18,33.254542
2001-05-19,33.696992
2001-05-20,33.01856866666667
2001-05-21,29.662437933333333
2001-05-22,26.368250200000002
2001-05-23,27.319812666666667
2001-05-24,30.37566733333333
2001-05-25,32.812092
2001-05-26,34.104046000000004
2001-05-27,35.90334266666667
2001-05-28,35.885644666666664
2001-05-29,32.49942733333334
2001-05-30,30.853513333333336
2001-05-31,31.148479999999996
2001-06-01,31.962588
2001-06-02,32.03338
2001-06-03,29.927318
2001-06-04,26.334034066666664
2001-06-05,23.233344466666665
2001-06-06,23.381417733333333
2001-06-07,25.4355656
2001-06-08,26.837247199999997
2001-06-09,27.177048799999998
2001-06-10,26.81129013333333
2001-06-11,25.135879466666665
2001-06-12,23.359000266666666
2001-06-13,21.149699933333334
2001-06-14,17.8254256
2001-06-15,15.092264466666665
2001-06-16,13.841605800000002
2001-06-17,13.647517733333332
2001-06-18,13.649877466666666
2001-06-19,13.878181666666668
2001-06-20,13.927736066666666
2001-06-21,13.459918933333332
2001-06-22,13.0204186
2001-06-23,12.962015200000002
2001-06-24,14.102356333333333
2001-06-25,14.471064666666665
2001-06-26,13.7743534
2001-06-27,13.194448933333334
2001-06-28,12.380340933333331
2001-06-29,11.9479198
2001-06-30,11.1904454
2001-07-01,10.473086466666667
2001-07-02,9.964563933333332
2001-07-03,9.575797866666667
2001-07-04,9.3764004
2001-07-05,9.030109533333333
2001-07-06,8.478521866666666
2001-07-07,8.1021444
2001-07-08,7.986517466666666
2001-07-09,8.011294666666666
2001-07-10,8.056719533333334
2001-07-11,8.177655866666667
2001-07-12,8.203023
2001-07-13,8.0295826
2001-07-14,8.310980800000001
2001-07-15,8.841330866666667
2001-07-16,8.680279066666666
2001-07-17,7.916905333333333
2001-07-18,7.205445733333334
2001-07-19,6.691023866666666
2001-07-20,6.362431
2001-07-21,6.1075798
2001-07-22,5.717043933333333
2001-07-23,5.1383193333333335
2001-07-24,4.840992933333333
2001-07-25,4.924763466666667
2001-07-26,4.956619866666666
2001-07-27,4.7235962
2001-07-28,4.353118066666666
2001-07-29,4.109475600000001
2001-07-30,4.2245126
2001-07-31,4.6085592
2001-08-01,4.7855392
2001-08-02,4.690559933333334
2001-08-03,4.8722594
2001-08-04,5.127700533333333
2001-08-05,4.933022533333333
2001-08-06,4.731265333333333
2001-08-07,4.9979152000000004
2001-08-08,6.857975
2001-08-09,8.807114733333334
2001-08-10,8.590019266666667
2001-08-11,7.483304333333333
2001-08-12,6.639109733333334
2001-08-13,6.680995
2001-08-14,8.028992666666666
2001-08-15,8.477931933333332
2001-08-16,7.5588158000000005
2001-08-17,6.937026066666667
2001-08-18,6.150054999999999
2001-08-19,5.676928466666666
2001-08-20,6.153004666666667
2001-08-21,6.627311066666667
2001-08-22,6.4349928
2001-08-23,5.986643466666666
2001-08-24,5.542423666666667
2001-08-25,5.434465866666667
2001-08-26,5.357774533333334
2001-08-27,5.156017333333334
2001-08-28,5.0427501333333336
2001-08-29,4.875209066666667
2001-08-30,4.662243133333333
2001-08-31,4.5997102
2001-09-01,4.6846606
2001-09-02,4.864590266666666
2001-09-03,4.7407042666666666
2001-09-04,4.350758333333333
2001-09-05,4.2068146
2001-09-06,4.149001133333333
2001-09-07,4.039273533333334
2001-09-08,3.8953298000000003
2001-09-09,3.8103794
2001-09-10,3.6847236
2001-09-11,3.5555282
2001-09-12,3.457009333333333
2001-09-13,3.4522898666666664
2001-09-14,3.5112832
2001-09-15,3.4163039333333334
2001-09-16,3.353771
2001-09-17,3.8457754000000004
2001-09-18,4.0475326
2001-09-19,3.6157014000000003
2001-09-20,3.4015556
2001-09-21,3.2859286666666665
2001-09-22,3.4463905333333336
2001-09-23,3.517182533333333
2001-09-24,3.234014533333333
2001-09-25,3.0458258
2001-09-26,2.92017
2001-09-27,2.7909746
2001-09-28,2.7195926666666668
2001-09-29,2.622253666666667
2001-09-30,2.4481053466666665
2001-10-01,2.07031204
2001-10-02,1.7606560333333334
2001-10-03,1.7550516666666667
2001-10-04,1.8091485533333334
2001-10-05,1.8329228666666666
2001-10-06,1.79599304
2001-10-07,1.77015396
2001-10-08,1.8725663866666666
2001-10-09,2.1495400866666667
2001-10-10,2.1413990066666666
2001-10-11,1.9658348466666664
2001-10-12,1.9700823666666665
2001-10-13,1.985066673333333
2001-10-14,2.24693808
2001-10-15,2.3780212666666665
2001-10-16,2.1195714733333335
2001-10-17,2.0348570466666667
2001-10-18,2.09827488
2001-10-19,2.096918033333333
2001-10-20,2.175497153333333
2001-10-21,2.41719284
2001-10-22,2.61788816
2001-10-23,2.5406658866666665
2001-10-24,2.2690015866666666
2001-10-25,2.1759691
2001-10-26,2.25932668
2001-10-27,2.2776736066666667
2001-10-28,2.32870284
2001-10-29,2.4109395466666665
2001-10-30,2.6150564800000002
2001-10-31,3.0009908666666667
2001-11-01,3.03272928
2001-11-02,2.782361573333333
2001-11-03,2.694933453333333
2001-11-04,2.6719260533333333
2001-11-05,2.7027795666666665
2001-11-06,2.7083249400000002
2001-11-07,2.9325586
2001-11-08,3.157913133333333
2001-11-09,2.9817000466666665
2001-11-10,2.815692806666666
2001-11-11,2.855867266666667
2001-11-12,2.8408239666666666
2001-11-13,2.6684454466666665
2001-11-14,2.4991935733333333
2001-11-15,2.4307613066666667
2001-11-16,2.38498248
2001-11-17,2.4337699666666666
2001-11-18,2.31472142
2001-11-19,1.9235956200000002
2001-11-20,1.63901178
2001-11-21,1.69263672
2001-11-22,2.0527320266666664
2001-11-23,2.40126464
2001-11-24,2.6744627666666663
2001-11-25,2.7632477333333334
2001-11-26,2.5414328
2001-11-27,2.2898262333333332
2001-11-28,2.1001626666666664
2001-11-29,2.1178606666666666
2001-11-30,2.3467548
2001-12-01,2.530224066666667
2001-12-02,2.7148732
2001-12-03,2.8020063533333333
2001-12-04,2.7747514333333334
2001-12-05,2.688385193333333
2001-12-06,2.643963213333333
2001-12-07,2.4271627133333333
2001-12-08,2.2016312
2001-12-09,2.26145044
2001-12-10,2.3802630133333333
2001-12-11,2.3882861066666665
2001-12-12,2.25950366
2001-12-13,2.341150433333333
2001-12-14,2.45949106
2001-12-15,2.46727818
2001-12-16,2.3923566466666664
2001-12-17,2.3073472533333335
2001-12-18,2.3991998733333335
2001-12-19,2.4238000933333335
2001-12-20,2.3898789266666665
2001-12-21,2.4294634533333332
2001-12-22,2.4296994266666667
2001-12-23,2.28428086
2001-12-24,2.110427506666667
2001-12-25,2.1196304666666665
2001-12-26,2.162931573333333
2001-12-27,2.23985888
2001-12-28,2.2713023266666665
2001-12-29,2.271951253333333
2001-12-30,2.362565013333333
2001-12-31,2.388050133333333
2002-01-01,2.3251042466666667
2002-01-02,2.198209586666666
2002-01-03,2.0470686666666666
2002-01-04,2.1653503
2002-01-05,2.3101789333333334
2002-01-06,2.327169013333333
2002-01-07,2.44639454
2002-01-08,2.436011713333333
2002-01-09,2.4397872866666668
2002-01-10,2.5140598933333336
2002-01-11,2.4268087533333333
2002-01-12,2.3734197866666666
2002-01-13,2.4473384333333335
2002-01-14,2.3061673866666665
2002-01-15,2.2558460733333336
2002-01-16,2.4454506466666666
2002-01-17,2.4695199266666665
2002-01-18,2.3792601266666664
2002-01-19,2.18110152
2002-01-20,2.1900685066666665
2002-01-21,2.4421470199999997
2002-01-22,2.4739444266666664
2002-01-23,2.3819738200000002
2002-01-24,2.2057607333333333
2002-01-25,2.14446666
2002-01-26,2.319440886666667
2002-01-27,2.4006157133333335
2002-01-28,2.3733017999999997
2002-01-29,2.3251042466666667
2002-01-30,2.2633382266666664
2002-01-31,2.1653503
2002-02-01,2.0812848
2002-02-02,2.1952599200000003
2002-02-03,2.31507538
2002-02-04,2.325576193333333
2002-02-05,2.320089813333333
2002-02-06,2.30056302
2002-02-07,2.3633319266666666
2002-02-08,2.4742393933333333
2002-02-09,2.4593730733333334
2002-02-10,2.343687146666667
2002-02-11,2.3507663466666666
2002-02-12,2.41383022
2002-02-13,2.366694546666667
2002-02-14,2.3988459133333335
2002-02-15,2.46214576
2002-02-16,2.3792601266666664
2002-02-17,2.40091068
2002-02-18,2.4507010533333333
2002-02-19,2.42232526
2002-02-20,2.4077539066666667
2002-02-21,2.412886326666667
2002-02-22,2.4517629333333333
2002-02-23,2.4893416866666667
2002-02-24,2.4997245133333332
2002-02-25,2.47648114
2002-02-26,2.303807653333333
2002-02-27,2.29596154
2002-02-28,2.4604349533333334
2002-03-01,2.4907575266666666
2002-03-02,2.35064836
2002-03-03,2.2203320866666667
2002-03-04,2.38427456
2002-03-05,2.5147678133333335
2002-03-06,2.5647351666666665
2002-03-07,2.5444414600000003
2002-03-08,2.5223779533333333
2002-03-09,2.415010086666667
2002-03-10,2.4399052733333333
2002-03-11,2.687854253333333
2002-03-12,2.763129746666667
2002-03-13,2.71115662
2002-03-14,2.7454317466666667
2002-03-15,2.674757733333333
2002-03-16,2.5192513066666664
2002-03-17,2.4055711533333333
2002-03-18,2.3305906266666665
2002-03-19,2.31949988
2002-03-20,2.325576193333333
2002-03-21,2.0310814733333333
2002-03-22,1.6024359133333332
2002-03-23,1.5294021666666666
2002-03-24,1.5723493133333333
2002-03-25,1.5383691533333332
2002-03-26,1.5421447266666666
2002-03-27,1.7303924533333335
2002-03-28,2.0017617866666666
2002-03-29,2.489813633333333
2002-03-30,3.2399138666666665
2002-03-31,4.195605866666667
2002-04-01,5.776037266666666
2002-04-02,7.693910533333334
2002-04-03,9.110340466666667
2002-04-04,10.1037882
2002-04-05,10.604051666666667
2002-04-06,10.3338622
2002-04-07,10.254811133333332
2002-04-08,10.654785933333333
2002-04-09,10.803449133333332
2002-04-10,10.937953933333333
2002-04-11,10.516741533333333
2002-04-12,9.4348038
2002-04-13,9.205909666666665
2002-04-14,9.961024333333333
2002-04-15,10.327962866666667
2002-04-16,9.405897066666666
2002-04-17,8.2136418
2002-04-18,7.829005266666666
2002-04-19,8.101554466666668
2002-04-20,7.920444933333333
2002-04-21,6.7948521333333325
2002-04-22,5.926470266666666
2002-04-23,5.665719733333333
2002-04-24,6.176602
2002-04-25,6.416114933333334
2002-04-26,5.9760246666666665
2002-04-27,5.240967733333333
2002-04-28,4.3112328
2002-04-29,4.4870329333333325
2002-04-30,6.973601933333334
2002-05-01,8.377643266666666
2002-05-02,6.143565733333333
2002-05-03,4.825064733333333
2002-05-04,5.414408133333333
2002-05-05,7.033185199999999
2002-05-06,9.201190200000001
2002-05-07,10.497273733333333
2002-05-08,9.916779333333333
2002-05-09,8.8985544
2002-05-10,8.300951933333334
2002-05-11,8.223670666666667
2002-05-12,8.419528533333333
2002-05-13,8.658451533333334
2002-05-14,9.351033266666667
2002-05-15,10.424711933333333
2002-05-16,11.573312133333333
2002-05-17,13.0823616
2002-05-18,15.746500533333332
2002-05-19,17.41542193333333
2002-05-20,18.0395714
2002-05-21,16.85675506666667
2002-05-22,14.0539818
2002-05-23,11.888926466666668
2002-05-24,10.455388466666665
2002-05-25,9.830649066666666
2002-05-26,9.821210133333333
2002-05-27,10.6311886
2002-05-28,12.3602832
2002-05-29,14.2362712
2002-05-30,16.5051548
2002-05-31,18.6200658
2002-06-01,18.5510436
2002-06-02,17.184758
2002-06-03,15.086365133333333
2002-06-04,12.637551866666668
2002-06-05,11.4789228
2002-06-06,11.281295133333336
2002-06-07,11.219352133333333
2002-06-08,10.881910266666667
2002-06-09,10.458338133333333
2002-06-10,9.856016200000001
2002-06-11,9.064325666666667
2002-06-12,8.256706933333334
2002-06-13,7.585952733333333
2002-06-14,7.129344333333333
2002-06-15,6.7747944
2002-06-16,6.4892666666666665
2002-06-17,6.2084584000000005
2002-06-18,5.787246
2002-06-19,5.250406666666667
2002-06-20,4.751913
2002-06-21,4.4899826
2002-06-22,4.377895266666667
2002-06-23,4.209174333333333
2002-06-24,3.848135133333333
2002-06-25,3.3508213333333337
2002-06-26,3.1555534
2002-06-27,3.1726614666666664
2002-06-28,3.129596333333333
2002-06-29,3.1012795333333334
2002-06-30,3.1272366
2002-07-01,3.185050066666667
2002-07-02,3.2269353333333335
2002-07-03,3.4056851333333333
2002-07-04,3.5679168000000003
2002-07-05,3.6357591333333334
2002-07-06,3.6280900000000003
2002-07-07,3.4581892
2002-07-08,3.3425622666666666
2002-07-09,3.557298
2002-07-10,4.867539933333333
2002-07-11,5.853908466666667
2002-07-12,4.8368633999999995
2002-07-13,3.527801333333333
2002-07-14,3.1826903333333334
2002-07-15,3.1750211999999998
2002-07-16,2.9644150000000002
2002-07-17,2.7516260466666664
2002-07-18,2.5669179200000003
2002-07-19,2.3874602
2002-07-20,2.3078192
2002-07-21,2.27118434
2002-07-22,2.2449323066666667
2002-07-23,2.1307802066666666
2002-07-24,1.9866005
2002-07-25,2.135499673333333
2002-07-26,2.33064962
2002-07-27,2.28021032
2002-07-28,2.0967410533333335
2002-07-29,1.88359814
2002-07-30,2.1725474866666663
2002-07-31,3.018098933333333
2002-08-01,3.3461018666666664
2002-08-02,3.2281152
2002-08-03,3.2281152
2002-08-04,3.1467044000000004
2002-08-05,3.1260567333333333
2002-08-06,3.2269353333333335
2002-08-07,3.4192536
2002-08-08,3.5148227999999997
2002-08-09,3.209237333333333
2002-08-10,2.7995876266666664
2002-08-11,2.5348255466666667
2002-08-12,2.35047138
2002-08-13,2.1937260933333333
2002-08-14,2.093378433333333
2002-08-15,2.00217474
2002-08-16,1.916221453333333
2002-08-17,1.8131601
2002-08-18,1.7556416
2002-08-19,1.8017743866666667
2002-08-20,1.8383502533333334
2002-08-21,1.72183842
2002-08-22,1.5040350333333332
2002-08-23,1.32239456
2002-08-24,1.2054697733333333
2002-08-25,1.1309022
2002-08-26,1.1206373600000001
2002-08-27,1.1017005
2002-08-28,1.0428841466666665
2002-08-29,1.0453028733333334
2002-08-30,1.0730887333333332
2002-08-31,1.0760384
2002-09-01,1.0760384
2002-09-02,1.0461877733333333
2002-09-03,1.01374144
2002-09-04,1.00152982
2002-09-05,0.9448372266666666
2002-09-06,0.9166384133333333
2002-09-07,1.0919666
2002-09-08,1.2397449
2002-09-09,1.2162655533333333
2002-09-10,1.3016289066666664
2002-09-11,1.5249186733333333
2002-09-12,1.9187581666666664
2002-09-13,2.1633445266666667
2002-09-14,2.0045934666666665
2002-09-15,1.7644316066666665
2002-09-16,1.5993092666666666
2002-09-17,1.7033735066666666
2002-09-18,2.04429598
2002-09-19,2.0764473466666664
2002-09-20,1.6889791333333333
2002-09-21,1.3369659133333334
2002-09-22,1.1539685933333335
2002-09-23,1.0152162733333332
2002-09-24,0.9253104333333333
2002-09-25,1.1205193733333332
2002-09-26,2.0889539333333333
2002-09-27,2.901882066666667
2002-09-28,3.0116096666666667
2002-09-29,3.467628133333333
2002-09-30,3.6475578
2002-10-01,3.2635112
2002-10-02,2.9915519333333336
2002-10-03,2.874745133333333
2002-10-04,2.8220050933333334
2002-10-05,2.832269933333333
2002-10-06,2.8584629733333333
2002-10-07,2.7812407
2002-10-08,2.7298575066666664
2002-10-09,2.7269078400000004
2002-10-10,2.713339373333333
2002-10-11,2.64567402
2002-10-12,2.5148858
2002-10-13,2.4203194866666666
2002-10-14,2.376959386666667
2002-10-15,2.3121847066666668
2002-10-16,2.268411653333333
2002-10-17,2.2435164666666667
2002-10-18,2.1957318666666668
2002-10-19,2.1689488933333334
2002-10-20,2.144761626666667
2002-10-21,2.1424018933333335
2002-10-22,2.2193881933333333
2002-10-23,2.3130696066666667
2002-10-24,2.31808404
2002-10-25,2.2385610266666665
2002-10-26,2.3060494
2002-10-27,2.4278706333333333
2002-10-28,2.4569543466666666
2002-10-29,2.4018545733333334
2002-10-30,2.319027933333333
2002-10-31,2.362683
2002-11-01,2.4517039400000002
2002-11-02,2.412178406666667
2002-11-03,2.302745773333333
2002-11-04,2.3069932933333335
2002-11-05,2.24623016
2002-11-06,2.1753791666666666
2002-11-07,2.36958522
2002-11-08,2.597830426666667
2002-11-09,2.50479794
2002-11-10,2.4279886200000003
2002-11-11,2.4041553133333333
2002-11-12,2.339911573333333
2002-11-13,2.4644464999999998
2002-11-14,2.4630306600000003
2002-11-15,2.176087086666667
2002-11-16,2.110368513333333
2002-11-17,2.30074
2002-11-18,2.2723642066666665
2002-11-19,2.2491798266666665
2002-11-20,2.26675984
2002-11-21,2.1757331266666666
2002-11-22,2.1234060400000003
2002-11-23,2.257084933333333
2002-11-24,2.322213573333333
2002-11-25,2.0392815466666665
2002-11-26,1.7486213933333332
2002-11-27,1.76997698
2002-11-28,1.9517944333333332
2002-11-29,2.02659798
2002-11-30,2.048602493333333
2002-12-01,2.02589006
2002-12-02,1.9473109400000002
2002-12-03,1.89333204
2002-12-04,1.8843650533333332
2002-12-05,1.8779347800000001
2002-12-06,1.8061988866666665
2002-12-07,1.7539897866666667
2002-12-08,1.6444391666666667
2002-12-09,1.5275733733333332
2002-12-10,1.5371892866666663
2002-12-11,1.6860294666666666
2002-12-12,1.8361085066666665
2002-12-13,1.7892088066666665
2002-12-14,1.7164110333333333
2002-12-15,1.75369482
2002-12-16,1.7493293133333332
2002-12-17,1.6541730666666667
2002-12-18,1.51459484
2002-12-19,1.3766684266666667
2002-12-20,1.3890570266666666
2002-12-21,1.5248596799999998
2002-12-22,1.40557516
2002-12-23,1.1655312866666667
2002-12-24,1.3343112133333335
2002-12-25,1.5498138600000002
2002-12-26,1.4149551
2002-12-27,1.3525991466666667
2002-12-28,1.37619648
2002-12-29,1.4263998066666665
2002-12-30,1.41991054
2002-12-31,1.3372608799999999
2003-01-01,1.42946746
2003-01-02,1.43902438
2003-01-03,1.36840936
2003-01-04,1.4391423666666665
2003-01-05,1.42982142
2003-01-06,1.3934225333333332
2003-01-07,1.4105895933333332
2003-01-08,1.4125953666666666
2003-01-09,1.4105895933333332
2003-01-10,1.51300202
2003-01-11,1.5916401333333334
2003-01-12,1.5572470200000001
2003-01-13,1.4543626466666666
2003-01-14,1.4643915133333332
2003-01-15,1.5385461333333332
2003-01-16,1.4036873733333335
2003-01-17,1.3885850800000001
2003-01-18,1.38150588
2003-01-19,1.30982898
2003-01-20,1.3870512533333332
2003-01-21,1.4273437
2003-01-22,1.4528878133333334
2003-01-23,1.4347768600000002
2003-01-24,1.4337149800000002
2003-01-25,1.4239220866666666
2003-01-26,1.3934225333333332
2003-01-27,1.3875231999999997
2003-01-28,1.3875231999999997
2003-01-29,1.3820958133333334
2003-01-30,1.37619648
2003-01-31,1.37619648
2003-02-01,1.3829807133333334
2003-02-02,1.3767864133333332
2003-02-03,1.3620380800000003
2003-02-04,1.3443990733333333
2003-02-05,1.2614544466666666
2003-02-06,1.1582161133333335
2003-02-07,1.08878096
2003-02-08,1.11444306
2003-02-09,1.2635782066666665
2003-02-10,1.3426882666666664
2003-02-11,1.3525991466666667
2003-02-12,1.3544869333333331
2003-02-13,1.4190846333333331
2003-02-14,1.5705795133333333
2003-02-15,1.5482800333333333
2003-02-16,1.4406761933333332
2003-02-17,1.4282875933333334
2003-02-18,1.4071679799999999
2003-02-19,1.35991432
2003-02-20,1.3191499266666666
2003-02-21,1.3551358599999999
2003-02-22,1.3997938133333332
2003-02-23,1.3368479266666666
2003-02-24,1.3334263133333335
2003-02-25,1.3707690933333334
2003-02-26,1.3594423733333334
2003-02-27,1.35354304
2003-02-28,1.3603272733333334
2003-03-01,1.3324234266666666
2003-03-02,1.2872935266666667
2003-03-03,1.3016289066666666
2003-03-04,1.3428652466666666
2003-03-05,1.3443990733333333
2003-03-06,1.3103009266666665
2003-03-07,1.32664208
2003-03-08,1.40274348
2003-03-09,1.4184947
2003-03-10,1.43636968
2003-03-11,1.5627334
2003-03-12,1.6478017866666665
2003-03-13,1.7079749866666667
2003-03-14,1.847022273333333
2003-03-15,1.9638880666666667
2003-03-16,1.95155846
2003-03-17,1.8486150933333334
2003-03-18,1.7584142866666665
2003-03-19,1.6566507866666667
2003-03-20,1.6941705466666666
2003-03-21,1.7391234666666666
2003-03-22,1.7162340533333331
2003-03-23,1.8326868933333331
2003-03-24,1.83988408
2003-03-25,1.7908606200000001
2003-03-26,1.7966419666666666
2003-03-27,1.6963533
2003-03-28,1.5843839533333333
2003-03-29,1.6249713666666665
2003-03-30,1.8063758666666665
2003-03-31,1.9375770399999999
2003-04-01,2.017572
2003-04-02,2.150896933333333
2003-04-03,2.1369745066666668
2003-04-04,2.0517881333333334
2003-04-05,2.007779106666667
2003-04-06,1.962767193333333
2003-04-07,1.8342797133333333
2003-04-08,1.84200784
2003-04-09,2.09473528
2003-04-10,2.5850878666666666
2003-04-11,3.4605489333333335
2003-04-12,4.5772927333333335
2003-04-13,6.131767066666666
2003-04-14,7.7475944666666665
2003-04-15,7.662644066666666
2003-04-16,6.853845466666667
2003-04-17,6.715801066666667
2003-04-18,6.122918066666667
2003-04-19,5.701705666666666
2003-04-20,6.144155666666666
2003-04-21,6.824938733333333
2003-04-22,7.2862666
2003-04-23,6.8626944666666665
2003-04-24,6.4208344
2003-04-25,7.520470133333333
2003-04-26,9.5816972
2003-04-27,11.627586
2003-04-28,12.533133666666666
2003-04-29,12.1744542
2003-04-30,11.281295133333332
2003-05-01,10.348610533333334
2003-05-02,9.915599466666666
2003-05-03,9.960434399999999
2003-05-04,9.784634266666666
2003-05-05,8.573501133333332
2003-05-06,7.361778066666666
2003-05-07,6.832607866666667
2003-05-08,6.531151933333334
2003-05-09,6.088701933333333
2003-05-10,5.5571720000000004
2003-05-11,5.353055066666666
2003-05-12,5.893433999999999
2003-05-13,7.1912873333333325
2003-05-14,10.7373766
2003-05-15,14.943601266666667
2003-05-16,20.715509
2003-05-17,27.865501
2003-05-18,30.027606666666667
2003-05-19,29.189901333333335
2003-05-20,29.549760666666668
2003-05-21,32.481729333333334
2003-05-22,37.802928
2003-05-23,43.51348266666667
2003-05-24,47.908486
2003-05-25,48.22115066666667
2003-05-26,49.412816
2003-05-27,56.34453266666666
2003-05-28,61.38846266666667
2003-05-29,64.898566
2003-05-30,65.4826
2003-05-31,64.526908
2003-06-01,62.01969133333333
2003-06-02,54.940491333333334
2003-06-03,49.08245333333334
2003-06-04,44.14471133333333
2003-06-05,38.76451933333333
2003-06-06,33.927066
2003-06-07,30.222284666666667
2003-06-08,29.142706666666665
2003-06-09,29.73264
2003-06-10,29.325586
2003-06-11,28.883135999999997
2003-06-12,28.381102733333336
2003-06-13,27.034874866666666
2003-06-14,26.178291666666667
2003-06-15,26.3558616
2003-06-16,25.053878733333335
2003-06-17,23.202078
2003-06-18,22.515985533333332
2003-06-19,21.407500799999998
2003-06-20,19.763356599999998
2003-06-21,18.5829
2003-06-22,18.202393
2003-06-23,17.519840133333336
2003-06-24,15.8786456
2003-06-25,14.178457733333332
2003-06-26,13.3513712
2003-06-27,12.9567058
2003-06-28,12.763207666666666
2003-06-29,12.546702133333334
2003-06-30,12.2434764
2003-07-01,11.9780064
2003-07-02,11.353856933333333
2003-07-03,10.322653466666667
2003-07-04,9.559279733333332
2003-07-05,8.807114733333334
2003-07-06,8.058489333333332
2003-07-07,7.496282866666667
2003-07-08,7.306914266666666
2003-07-09,7.060322133333333
2003-07-10,6.6072533333333325
2003-07-11,6.059205266666666
2003-07-12,5.543603533333333
2003-07-13,5.365443666666667
2003-07-14,5.380192
2003-07-15,5.353055066666666
2003-07-16,5.350695333333333
2003-07-17,5.4208974
2003-07-18,5.438005466666667
2003-07-19,5.354234933333333
2003-07-20,6.2314658
2003-07-21,8.198893466666666
2003-07-22,8.742811999999999
2003-07-23,8.2525774
2003-07-24,7.8083576
2003-07-25,7.209575266666666
2003-07-26,7.2579498
2003-07-27,7.105747
2003-07-28,6.877442800000001
2003-07-29,6.586015733333333
2003-07-30,5.6981660666666665
2003-07-31,5.412638333333334
2003-08-01,5.5819492
2003-08-02,5.57487
2003-08-03,5.649791533333333
2003-08-04,5.485790066666667
2003-08-05,5.215010666666667
2003-08-06,5.0427501333333336
2003-08-07,4.929482933333333
2003-08-08,4.7483734
2003-08-09,4.588501466666667
2003-08-10,4.5997102
2003-08-11,4.725366
2003-08-12,4.800287533333333
2003-08-13,4.812676133333333
2003-08-14,4.6250773333333335
2003-08-15,4.3483986
2003-08-16,4.453406733333334
2003-08-17,4.479953733333333
2003-08-18,4.156080333333333
2003-08-19,3.8015304000000003
2003-08-20,3.5431396
2003-08-21,3.441081133333333
2003-08-22,3.5484489999999997
2003-08-23,3.6404786
2003-08-24,3.569096666666667
2003-08-25,3.688853133333333
2003-08-26,3.674694733333333
2003-08-27,3.469397933333333
2003-08-28,3.4139442
2003-08-29,3.2882884000000003
2003-08-30,3.1862299333333333
2003-08-31,3.0765023333333334
2003-09-01,2.8647162666666666
2003-09-02,2.711451586666667
2003-09-03,2.7083839333333337
2003-09-04,2.7019536600000005
2003-09-05,2.733338113333333
2003-09-06,2.9750338
2003-09-07,3.2788494666666668
2003-09-08,3.6841336666666664
2003-09-09,5.389041
2003-09-10,6.381308866666667
2003-09-11,4.840403
2003-09-12,4.0670004
2003-09-13,4.237491133333333
2003-09-14,4.025705066666666
2003-09-15,3.7991706666666665
2003-09-16,3.5862047333333336
2003-09-17,3.4422610000000002
2003-09-18,3.3166052
2003-09-19,3.2009782666666666
2003-09-20,3.117207733333333
2003-09-21,2.90760442
2003-09-22,2.6787692799999996
2003-09-23,2.4465125266666665
2003-09-24,2.22216088
2003-09-25,2.1487141800000003
2003-09-26,2.1075958266666666
2003-09-27,2.08287762
2003-09-28,2.0594572666666666
2003-09-29,1.9750378066666665
2003-09-30,1.8514467733333333
2003-10-01,1.8114492933333333
2003-10-02,1.9189351466666664
2003-10-03,2.02960664
2003-10-04,2.2888233466666663
2003-10-05,2.9570408333333336
2003-10-06,3.411584466666667
2003-10-07,3.317785066666667
2003-10-08,3.1862299333333333
2003-10-09,3.117207733333333
2003-10-10,3.1124882666666664
2003-10-11,3.157913133333333
2003-10-12,3.1160278666666668
2003-10-13,3.0458258
2003-10-14,3.0151492666666666
2003-10-15,3.1113084
2003-10-16,3.1455245333333335
2003-10-17,2.9915519333333336
2003-10-18,2.8489650466666667
2003-10-19,2.784485333333333
2003-10-20,2.7093278266666663
2003-10-21,2.6166493
2003-10-22,2.575471953333333
2003-10-23,2.5414328
2003-10-24,2.5060368
2003-10-25,2.4476923933333334
2003-10-26,2.3720629399999997
2003-10-27,2.30994296
2003-10-28,2.2595626533333335
2003-10-29,2.3249272666666667
2003-10-30,2.30321772
2003-10-31,2.1488911600000002
2003-11-01,2.0923755466666667
2003-11-02,2.3085861133333334
2003-11-03,2.454417633333333
2003-11-04,2.2192702066666663
2003-11-05,1.90271198
2003-11-06,1.8373473666666664
2003-11-07,1.97828244
2003-11-08,2.006186286666667
2003-11-09,2.1840511866666668
2003-11-10,2.3947753733333332
2003-11-11,2.2756678333333333
2003-11-12,2.244519353333333
2003-11-13,2.43683762
2003-11-14,2.477425033333333
2003-11-15,2.3164322266666666
2003-11-16,2.283159986666667
2003-11-17,2.2412747200000003
2003-11-18,2.041228326666667
2003-11-19,2.05686156
2003-11-20,2.2449323066666667
2003-11-21,2.4691069733333335
2003-11-22,2.2334876
2003-11-23,2.0749725133333334
2003-11-24,2.36993918
2003-11-25,2.4941201466666665
2003-11-26,2.26056554
2003-11-27,2.06394076
2003-11-28,2.3579635333333333
2003-11-29,2.4471614533333335
2003-11-30,2.222986786666667
2003-12-01,2.134319806666667
2003-12-02,1.9986941333333332
2003-12-03,1.8051370066666665
2003-12-04,1.7615999266666666
2003-12-05,1.7869080666666666
2003-12-06,1.7703899333333333
2003-12-07,1.8017743866666667
2003-12-08,1.8424207933333332
2003-12-09,1.8144579533333332
2003-12-10,1.8007125066666667
2003-12-11,1.8242508466666665
2003-12-12,1.8651332266666663
2003-12-13,1.9117969533333332
2003-12-14,1.89209318
2003-12-15,1.81900044
2003-12-16,1.7775281266666667
2003-12-17,1.77758712
2003-12-18,1.8102104333333333
2003-12-19,1.8508568399999998
2003-12-20,1.88961546
2003-12-21,1.9056026533333332
2003-12-22,1.9071954733333332
2003-12-23,1.8840110933333332
2003-12-24,1.8834801533333334
2003-12-25,1.9112660133333332
2003-12-26,1.91421568
2003-12-27,1.8884355933333332
2003-12-28,1.8088535866666666
2003-12-29,1.8125111733333332
2003-12-30,1.8869017666666668
2003-12-31,1.9067235266666664
2004-01-01,1.8980515066666666
2004-01-02,1.8624785266666668
2004-01-03,1.7987657266666668
2004-01-04,1.7050843133333335
2004-01-05,1.70006988
2004-01-06,1.8230119866666668
2004-01-07,1.8949838533333334
2004-01-08,1.8666670533333336
2004-01-09,1.8383502533333334
2004-01-10,1.8141039933333334
2004-01-11,1.8064938533333332
2004-01-12,1.8121572133333332
2004-01-13,1.9209409199999998
2004-01-14,2.0088409866666668
2004-01-15,1.9467800000000002
2004-01-16,1.8543964400000001
2004-01-17,1.7531048866666665
2004-01-18,1.7198326466666665
2004-01-19,1.7477954866666667
2004-01-20,1.7330471533333334
2004-01-21,1.6744667733333332
2004-01-22,1.6278030466666664
2004-01-23,1.63122466
2004-01-24,1.6716940866666665
2004-01-25,1.63317144
2004-01-26,1.5963595999999998
2004-01-27,1.6493356133333332
2004-01-28,1.67546966
2004-01-29,1.6513413866666669
2004-01-30,1.6341153333333331
2004-01-31,1.6132906866666665
2004-02-01,1.5902832866666665
2004-02-02,1.5842659666666667
2004-02-03,1.5843839533333333
2004-02-04,1.5883365066666666
2004-02-05,1.56167152
2004-02-06,1.5086365133333333
2004-02-07,1.5505217800000002
2004-02-08,1.601963966666667
2004-02-09,1.5477490933333333
2004-02-10,1.5295201533333334
2004-02-11,1.5437375466666667
2004-02-12,1.5251546466666668
2004-02-13,1.5191373266666668
2004-02-14,1.5341806266666669
2004-02-15,1.5529995
2004-02-16,1.557424
2004-02-17,1.5628513866666667
2004-02-18,1.58096234
2004-02-19,1.588808453333333
2004-02-20,1.5856228133333332
2004-02-21,1.5804314000000002
2004-02-22,1.5688687066666667
2004-02-23,1.5618485
2004-02-24,1.557424
2004-02-25,1.557424
2004-02-26,1.5682787733333334
2004-02-27,1.5882185199999999
2004-02-28,1.5875695933333331
2004-02-29,1.5609636
2004-03-01,1.541908753333333
2004-03-02,1.5553592333333333
2004-03-03,1.5688687066666667
2004-03-04,1.5672758866666665
2004-03-05,1.5714644133333333
2004-03-06,1.5635593066666666
2004-03-07,1.5544743333333333
2004-03-08,1.5628513866666667
2004-03-09,1.5755349533333332
2004-03-10,1.6100460533333332
2004-03-11,1.8498539533333334
2004-03-12,2.22499256
2004-03-13,2.39648618
2004-03-14,2.5875065933333334
2004-03-15,2.6572367133333334
2004-03-16,2.5854418266666666
2004-03-17,2.7659024333333337
2004-03-18,3.0239982666666663
2004-03-19,3.4699878666666666
2004-03-20,4.296484466666667
2004-03-21,5.3713429999999995
2004-03-22,6.367150466666666
2004-03-23,6.9057596
2004-03-24,7.238482
2004-03-25,8.0331222
2004-03-26,8.635444133333333
2004-03-27,8.027222866666667
2004-03-28,6.845586399999999
2004-03-29,6.287509466666666
2004-03-30,6.312286666666666
2004-03-31,6.764765533333333
2004-04-01,7.531678866666667
2004-04-02,8.049640333333333
2004-04-03,7.967639599999999
2004-04-04,8.380592933333334
2004-04-05,9.335105066666666
2004-04-06,9.530372999999999
2004-04-07,9.906750466666667
2004-04-08,10.662455066666666
2004-04-09,10.647706733333333
2004-04-10,9.654848933333334
2004-04-11,8.881446333333333
2004-04-12,8.479701733333334
2004-04-13,8.290923066666666
2004-04-14,8.533385666666666
2004-04-15,8.907993333333332
2004-04-16,9.704993266666667
2004-04-17,10.481345533333334
2004-04-18,10.202897
2004-04-19,9.369911133333334
2004-04-20,8.9268712
2004-04-21,8.7091858
2004-04-22,8.610666933333333
2004-04-23,8.212461933333334
2004-04-24,7.8437536
2004-04-25,7.830185133333333
2004-04-26,8.317470066666667
2004-04-27,9.541581733333333
2004-04-28,10.44182
2004-04-29,10.971580133333333
2004-04-30,10.500223400000001
2004-05-01,9.096182066666666
2004-05-02,9.2719822
2004-05-03,11.218172266666665
2004-05-04,14.686980266666666
2004-05-05,19.2855106
2004-05-06,23.794961
2004-05-07,27.272617999999998
2004-05-08,29.685445333333334
2004-05-09,31.000996666666666
2004-05-10,31.41984933333333
2004-05-11,30.222284666666667
2004-05-12,25.84556926666667
2004-05-13,20.6942714
2004-05-14,17.195966733333332
2004-05-15,16.308707000000002
2004-05-16,17.3989038
2004-05-17,18.341027333333333
2004-05-18,21.708956733333334
2004-05-19,28.835941333333334
2004-05-20,33.11885733333333
2004-05-21,33.006769999999996
2004-05-22,30.216975266666665
2004-05-23,27.027795666666666
2004-05-24,26.239644733333332
2004-05-25,25.946447866666663
2004-05-26,26.33698373333333
2004-05-27,28.03068233333333
2004-05-28,30.25178133333333
2004-05-29,28.487290733333335
2004-05-30,22.044038866666668
2004-05-31,16.429643333333335
2004-06-01,13.887030666666668
2004-06-02,14.8946368
2004-06-03,18.766369266666665
2004-06-04,23.728888466666664
2004-06-05,27.768162
2004-06-06,30.26358
2004-06-07,30.877110666666667
2004-06-08,29.768036
2004-06-09,26.99711913333333
2004-06-10,22.77614613333333
2004-06-11,18.503259
2004-06-12,15.663909866666666
2004-06-13,15.760658933333334
2004-06-14,17.781180600000003
2004-06-15,18.141039933333335
2004-06-16,16.502205133333334
2004-06-17,15.1955028
2004-06-18,14.386704199999999
2004-06-19,14.083478466666667
2004-06-20,13.956052866666667
2004-06-21,13.3389826
2004-06-22,12.805092933333334
2004-06-23,12.549061866666667
2004-06-24,12.3903698
2004-06-25,12.603925666666667
2004-06-26,12.477089999999999
2004-06-27,11.7089968
2004-06-28,11.436447600000001
2004-06-29,12.678257266666668
2004-06-30,12.561450466666669
2004-07-01,10.719088666666666
2004-07-02,10.064262666666666
2004-07-03,9.497926666666666
2004-07-04,9.067275333333333
2004-07-05,8.743401933333333
2004-07-06,8.538105133333334
2004-07-07,8.211282066666667
2004-07-08,7.573564133333334
2004-07-09,6.896320666666667
2004-07-10,6.458590133333334
2004-07-11,6.426733733333333
2004-07-12,6.4426619333333335
2004-07-13,6.251523533333334
2004-07-14,6.1005006
2004-07-15,6.131177133333334
2004-07-16,6.469208933333333
2004-07-17,7.354698866666666
2004-07-18,7.846113333333332
2004-07-19,7.556456066666666
2004-07-20,6.505194866666667
2004-07-21,5.540063933333333
2004-07-22,5.260435533333333
2004-07-23,5.095844133333333
2004-07-24,4.976087666666667
2004-07-25,4.746013666666666
2004-07-26,4.699408933333333
2004-07-27,4.661063266666667
2004-07-28,4.5059108
2004-07-29,4.33601
2004-07-30,4.233951533333333
2004-07-31,4.300614
2004-08-01,4.334830133333333
2004-08-02,4.221562933333334
2004-08-03,4.108295733333334
2004-08-04,3.995028533333333
2004-08-05,3.9360352000000005
2004-08-06,3.841055933333333
2004-08-07,3.6564067999999996
2004-08-08,3.5950537333333332
2004-08-09,4.085878266666667
2004-08-10,4.533047733333333
2004-08-11,4.2976643333333335
2004-08-12,3.970251333333333
2004-08-13,3.768494133333333
2004-08-14,3.6416584666666663
2004-08-15,3.5407798666666666
2004-08-16,3.4163039333333334
2004-08-17,3.2859286666666665
2004-08-18,3.4056851333333333
2004-08-19,3.6357591333333334
2004-08-20,3.655226933333333
2004-08-21,3.7319182666666664
2004-08-22,3.8522646666666667
2004-08-23,3.6735148666666664
2004-08-24,3.6741048
2004-08-25,3.7289686
2004-08-26,3.5148227999999997
2004-08-27,3.3856274
2004-08-28,3.3142454666666663
2004-08-29,3.2169064666666665
2004-08-30,3.0753224666666665
2004-08-31,2.9608754000000004
2004-09-01,2.8677839200000004
2004-09-02,2.7210675
2004-09-03,2.734635966666666
2004-09-04,2.995681466666667
2004-09-05,3.1024594000000003
2004-09-06,2.9415255866666663
2004-09-07,2.73734966
2004-09-08,2.6275040733333332
2004-09-09,2.600839086666667
2004-09-10,2.6104550000000004
2004-09-11,2.6098060733333335
2004-09-12,2.53842414
2004-09-13,2.4204964666666666
2004-09-14,2.3590254133333333
2004-09-15,2.3626240066666666
2004-09-16,2.1436407533333335
2004-09-17,1.8591159066666665
2004-09-18,1.8302681666666665
2004-09-19,2.038691613333333
2004-09-20,2.8293202666666666
2004-09-21,3.3596703333333333
2004-09-22,3.0664734666666664
2004-09-23,2.7962250066666665
2004-09-24,2.6997709066666666
2004-09-25,2.5128800266666667
2004-09-26,2.1436997466666665
2004-09-27,1.9093782266666663
2004-09-28,1.8751620933333333
2004-09-29,1.9608204133333331
2004-09-30,2.136443566666667
2004-10-01,2.2222788666666666
2004-10-02,2.2356703533333335
2004-10-03,2.224697593333333
2004-10-04,2.2930708666666666
2004-10-05,2.4749473133333333
2004-10-06,2.5362413866666667
2004-10-07,2.4551255533333336
2004-10-08,2.3585534666666668
2004-10-09,2.2515985533333334
2004-10-10,2.1895965600000005
2004-10-11,2.1406910866666666
2004-10-12,2.16782802
2004-10-13,2.224697593333333
2004-10-14,2.3500584266666666
2004-10-15,2.6712181333333334
2004-10-16,2.9007022
2004-10-17,2.9585156666666665
2004-10-18,3.0546748000000004
2004-10-19,3.129596333333333
2004-10-20,3.1012795333333334
2004-10-21,3.0593942666666667
2004-10-22,3.016329133333333
2004-10-23,3.0694231333333337
2004-10-24,3.1567332666666665
2004-10-25,3.103639266666667
2004-10-26,2.9891921999999997
2004-10-27,2.972084133333333
2004-10-28,3.0422862
2004-10-29,3.0186888666666665
2004-10-30,2.9178102666666668
2004-10-31,2.8883136
2004-11-01,2.7105666866666667
2004-11-02,2.50108136
2004-11-03,2.5905742466666664
2004-11-04,2.6799491466666665
2004-11-05,2.6083902333333335
2004-11-06,2.507039686666667
2004-11-07,2.521198086666667
2004-11-08,2.7257869666666665
2004-11-09,2.968544533333333
2004-11-10,2.9779834666666667
2004-11-11,2.8396440999999997
2004-11-12,2.74425188
2004-11-13,2.602195933333333
2004-11-14,2.4475154133333334
2004-11-15,2.3300596866666665
2004-11-16,2.3361949933333332
2004-11-17,2.391825706666667
2004-11-18,2.3489375533333336
2004-11-19,2.2631022533333334
2004-11-20,2.4247439866666665
2004-11-21,2.589335386666667
2004-11-22,2.3807349600000003
2004-11-23,2.15349264
2004-11-24,2.21986014
2004-11-25,2.3738917333333336
2004-11-26,2.3125386666666667
2004-11-27,2.1036432733333332
2004-11-28,1.9776925066666664
2004-11-29,1.6890381266666665
2004-11-30,1.4290545066666667
2004-12-01,1.45265184
2004-12-02,1.4621497666666665
2004-12-03,1.53760224
2004-12-04,1.7210125133333332
2004-12-05,1.9234776333333332
2004-12-06,2.0064222600000003
2004-12-07,2.0237073066666666
2004-12-08,2.058159413333333
2004-12-09,2.0631738466666665
2004-12-10,2.0205216666666668
2004-12-11,1.9835328466666666
2004-12-12,1.987721373333333
2004-12-13,1.9689614933333333
2004-12-14,1.9263683066666666
2004-12-15,1.8772268600000002
2004-12-16,1.75263294
2004-12-17,1.6644379066666666
2004-12-18,1.6289829133333333
2004-12-19,1.61511948
2004-12-20,1.69599934
2004-12-21,1.5051559066666667
2004-12-22,1.2639321666666665
2004-12-23,1.3149614
2004-12-24,1.4582562066666664
2004-12-25,1.5944128199999998
2004-12-26,1.6470938666666666
2004-12-27,1.7018986733333332
2004-12-28,1.7819526266666665
2004-12-29,1.8741592066666666
2004-12-30,1.8737462533333333
2004-12-31,1.78696706
2005-01-01,1.7132253933333335
2005-01-02,1.67635456
2005-01-03,1.6885661799999998
2005-01-04,1.6950554466666665
2005-01-05,1.6673285800000002
2005-01-06,1.60857122
2005-01-07,1.5836760333333333
2005-01-08,1.6039697400000001
2005-01-09,1.7074440466666665
2005-01-10,1.817820573333333
2005-01-11,1.71900674
2005-01-12,1.4822075000000001
2005-01-13,1.3504753866666668
2005-01-14,1.4282875933333334
2005-01-15,1.5240927666666666
2005-01-16,1.57990046
2005-01-17,1.5288122333333334
2005-01-18,1.4299984
2005-01-19,1.4259278599999998
2005-01-20,1.4445697533333333
2005-01-21,1.4560734533333333
2005-01-22,1.4589641266666666
2005-01-23,1.5283402866666667
2005-01-24,1.6086892066666667
2005-01-25,1.62856996
2005-01-26,1.5830861
2005-01-27,1.53105398
2005-01-28,1.51778048
2005-01-29,1.5096394
2005-01-30,1.5007904000000003
2005-01-31,1.4858650866666665
2005-02-01,1.4357207533333334
2005-02-02,1.3974930733333333
2005-02-03,1.4814995800000001
2005-02-04,1.5771277733333333
2005-02-05,1.5977164466666667
2005-02-06,1.6399556733333334
2005-02-07,1.659600453333333
2005-02-08,1.5750040133333334
2005-02-09,1.4501151266666668
2005-02-10,1.51724954
2005-02-11,1.6584205866666666
2005-02-12,1.67387684
2005-02-13,1.6677415333333332
2005-02-14,1.6666206600000002
2005-02-15,1.6662667000000002
2005-02-16,1.6164173333333334
2005-02-17,1.5302870666666666
2005-02-18,1.5944128199999998
2005-02-19,1.6703962333333333
2005-02-20,1.61388062
2005-02-21,1.5883365066666666
2005-02-22,1.5630283666666667
2005-02-23,1.5304640466666666
2005-02-24,1.5427936533333335
2005-02-25,1.5980114133333334
2005-02-26,1.5665089733333335
2005-02-27,1.49318026
2005-02-28,1.5132379933333333
2005-03-01,1.5138279266666668
2005-03-02,1.5173085333333332
2005-03-03,1.5467462066666666
2005-03-04,1.5496368799999998
2005-03-05,1.57671482
2005-03-06,1.6077453133333333
2005-03-07,1.6401326533333334
2005-03-08,1.67175308
2005-03-09,1.6899820200000002
2005-03-10,1.7685021466666664
2005-03-11,1.84165388
2005-03-12,1.9645959866666665
2005-03-13,1.9063105733333332
2005-03-14,1.72148446
2005-03-15,1.7217204333333331
2005-03-16,1.8424797866666667
2005-03-17,1.94093966
2005-03-18,1.8408869666666667
2005-03-19,1.868436853333333
2005-03-20,1.9417655666666667
2005-03-21,1.7964059933333332
2005-03-22,1.8374653533333334
2005-03-23,1.9130358133333332
2005-03-24,1.8839521000000001
2005-03-25,1.8429517333333332
2005-03-26,1.8029542533333334
2005-03-27,1.9022990266666666
2005-03-28,2.042113226666667
2005-03-29,2.0509032333333335
2005-03-30,1.9067825200000001
2005-03-31,1.79316136
2005-04-01,1.8609447000000001
2005-04-02,2.0610500866666666
2005-04-03,2.3078192
2005-04-04,2.4901086
2005-04-05,2.4990755866666667
2005-04-06,2.6072693600000005
2005-04-07,2.9470119666666665
2005-04-08,3.1160278666666668
2005-04-09,3.1000996666666665
2005-04-10,3.0334372
2005-04-11,2.9992210666666668
2005-04-12,3.3838576000000002
2005-04-13,4.036323866666667
2005-04-14,4.9306627999999995
2005-04-15,5.7943252
2005-04-16,6.982450933333333
2005-04-17,9.206499599999999
2005-04-18,11.402231466666668
2005-04-19,12.875295000000001
2005-04-20,12.853467466666666
2005-04-21,11.892466066666666
2005-04-22,11.851760666666666
2005-04-23,13.628049933333331
2005-04-24,14.3920136
2005-04-25,13.317155066666666
2005-04-26,13.069973
2005-04-27,12.523694733333334
2005-04-28,11.435267733333333
2005-04-29,10.1533426
2005-04-30,9.469019933333334
2005-05-01,9.284960733333333
2005-05-02,9.4525018
2005-05-03,10.576914733333334
2005-05-04,11.785688133333332
2005-05-05,12.9160004
2005-05-06,14.376675333333333
2005-05-07,15.0468396
2005-05-08,14.618547999999999
2005-05-09,15.065717466666667
2005-05-10,16.585385733333336
2005-05-11,16.441442
2005-05-12,14.639785600000002
2005-05-13,14.338919599999999
2005-05-14,15.541203733333333
2005-05-15,18.334538066666667
2005-05-16,22.549021800000002
2005-05-17,24.0728196
2005-05-18,24.6603932
2005-05-19,30.180989333333333
2005-05-20,39.02409
2005-05-21,47.825895333333335
2005-05-22,54.40955133333333
2005-05-23,57.59519133333333
2005-05-24,58.46829266666666
2005-05-25,57.801668
2005-05-26,55.424236666666665
2005-05-27,51.76665
2005-05-28,46.56933733333333
2005-05-29,43.86744266666667
2005-05-30,42.015052
2005-05-31,38.41055933333333
2005-06-01,37.513860666666666
2005-06-02,38.204082666666665
2005-06-03,37.030115333333335
2005-06-04,32.80619266666667
2005-06-05,29.891921999999997
2005-06-06,29.72084133333333
2005-06-07,30.422862
2005-06-08,32.086474
2005-06-09,32.87108533333333
2005-06-10,30.381566666666668
2005-06-11,28.859538666666666
2005-06-12,27.984077600000003
2005-06-13,25.15652713333333
2005-06-14,24.330030533333332
2005-06-15,27.074990333333332
2005-06-16,32.570219333333334
2005-06-17,38.13329066666666
2005-06-18,42.25692466666666
2005-06-19,44.716946666666665
2005-06-20,45.30688
2005-06-21,46.120988000000004
2005-06-22,47.819996
2005-06-23,48.56921133333333
2005-06-24,46.250773333333335
2005-06-25,43.076932
2005-06-26,40.02107733333333
2005-06-27,36.30449733333334
2005-06-28,34.965348666666664
2005-06-29,34.43440866666666
2005-06-30,32.61151466666667
2005-07-01,30.753224666666668
2005-07-02,29.88012333333333
2005-07-03,27.8194862
2005-07-04,24.830883933333336
2005-07-05,23.205027666666666
2005-07-06,22.403308266666667
2005-07-07,21.674740600000003
2005-07-08,20.4818954
2005-07-09,19.106170866666666
2005-07-10,17.6661436
2005-07-11,17.0060082
2005-07-12,17.219564066666667
2005-07-13,17.567624733333332
2005-07-14,17.627797933333333
2005-07-15,16.676825400000002
2005-07-16,15.360684133333335
2005-07-17,14.751283
2005-07-18,13.641028466666667
2005-07-19,12.336685866666668
2005-07-20,11.729054533333333
2005-07-21,11.473023466666668
2005-07-22,11.544995333333333
2005-07-23,11.805745866666667
2005-07-24,12.3124986
2005-07-25,12.1072018
2005-07-26,10.853003533333334
2005-07-27,9.913829666666667
2005-07-28,9.011231666666665
2005-07-29,8.223670666666665
2005-07-30,7.7251769999999995
2005-07-31,7.4225412
2005-08-01,7.320482733333333
2005-08-02,7.658514533333334
2005-08-03,9.778734933333334
2005-08-04,11.856480133333333
2005-08-05,10.746815533333333
2005-08-06,9.0312894
2005-08-07,8.246678066666666
2005-08-08,7.459117066666667
2005-08-09,7.177718866666666
2005-08-10,7.287446466666666
2005-08-11,7.4313902
2005-08-12,7.299245133333333
2005-08-13,6.917558266666667
2005-08-14,6.480417666666667
2005-08-15,6.1075798
2005-08-16,6.124097933333334
2005-08-17,6.055665666666666
2005-08-18,5.642122399999999
2005-08-19,5.356594666666666
2005-08-20,5.211471066666666
2005-08-21,5.141269
2005-08-22,4.988476266666667
2005-08-23,4.8297842
2005-08-24,4.731265333333333
2005-08-25,4.7129774
2005-08-26,4.716517
2005-08-27,4.577292733333333
2005-08-28,4.406212066666667
2005-08-29,4.223922666666667
2005-08-30,4.010956733333333
2005-08-31,3.8398760666666667
2005-09-01,3.6982920666666668
2005-09-02,3.556708066666667
2005-09-03,3.4422610000000002
2005-09-04,3.425152933333333
2005-09-05,3.508923466666667
2005-09-06,3.5272114
2005-09-07,3.4286925333333333
2005-09-08,3.6139316000000004
2005-09-09,4.096497066666667
2005-09-10,4.061101066666667
2005-09-11,3.6168812666666668
2005-09-12,3.3732387999999998
2005-09-13,3.203338
2005-09-14,3.0334372
2005-09-15,2.9042418
2005-09-16,2.8179345533333335
2005-09-17,2.7491483266666665
2005-09-18,2.717291926666667
2005-09-19,2.6271501133333333
2005-09-20,2.5344715866666667
2005-09-21,3.1773809333333336
2005-09-22,3.906538533333333
2005-09-23,3.3525911333333336
2005-09-24,2.369703206666667
2005-09-25,1.9513224866666665
2005-09-26,1.9451871799999998
2005-09-27,3.5168875666666666
2005-09-28,5.304090599999999
2005-09-29,4.853381533333333
2005-09-30,4.015676200000001
2005-10-01,3.672335
2005-10-02,3.4988946
2005-10-03,3.549628866666666
2005-10-04,3.8970996
2005-10-05,4.054021866666667
2005-10-06,3.786782066666667
2005-10-07,3.5431396
2005-10-08,3.834566666666666
2005-10-09,4.4103416
2005-10-10,4.329520733333333
2005-10-11,3.8593438666666664
2005-10-12,3.6528672000000006
2005-10-13,3.8563942
2005-10-14,4.1183246
2005-10-15,4.1354326666666665
2005-10-16,4.038093666666667
2005-10-17,3.8829412
2005-10-18,4.2422106
2005-10-19,4.9324326
2005-10-20,4.963699066666666
2005-10-21,4.6758116
2005-10-22,4.5466162
2005-10-23,4.434528866666667
2005-10-24,4.1979656
2005-10-25,3.953143266666667
2005-10-26,3.784422333333333
2005-10-27,3.626910133333333
2005-10-28,3.581485266666667
2005-10-29,3.7590552
2005-10-30,3.8274874666666663
2005-10-31,3.6416584666666663
2005-11-01,3.6086221999999997
2005-11-02,3.7071410666666664
2005-11-03,3.6847236
2005-11-04,3.5419597333333335
2005-11-05,3.3608502
2005-11-06,3.2823890666666666
2005-11-07,3.3006770000000003
2005-11-08,3.2157266
2005-11-09,3.103639266666667
2005-11-10,3.0570345333333333
2005-11-11,3.1950789333333334
2005-11-12,3.2587917333333336
2005-11-13,3.2812091999999997
2005-11-14,3.1661722
2005-11-15,2.8269015399999997
2005-11-16,2.9251844333333334
2005-11-17,3.0629338666666666
2005-11-18,3.0806318666666663
2005-11-19,3.0300155866666665
2005-11-20,2.8499679333333336
2005-11-21,2.8883136
2005-11-22,2.834039733333333
2005-11-23,2.7451957733333336
2005-11-24,2.6666166533333335
2005-11-25,2.66938934
2005-11-26,2.66992028
2005-11-27,2.602549893333333
2005-11-28,2.53559246
2005-11-29,2.62797602
2005-11-30,2.7828925133333335
2005-12-01,2.809852466666667
2005-12-02,2.828789326666666
2005-12-03,2.7528059133333334
2005-12-04,2.5551192533333333
2005-12-05,2.40622008
2005-12-06,2.442913933333333
2005-12-07,2.2369682066666665
2005-12-08,2.1141440866666668
2005-12-09,2.3324784133333334
2005-12-10,2.434772853333333
2005-12-11,2.433003053333333
2005-12-12,2.4901675933333336
2005-12-13,2.5249146666666666
2005-12-14,2.3759565
2005-12-15,2.2951946266666665
2005-12-16,2.45789824
2005-12-17,2.642901333333333
2005-12-18,2.6751706866666667
2005-12-19,2.6738728333333337
2005-12-20,2.6602453733333333
2005-12-21,2.62779904
2005-12-22,2.6332264266666665
2005-12-23,2.5712834266666666
2005-12-24,2.5029691466666666
2005-12-25,2.531934873333333
2005-12-26,2.584143973333333
2005-12-27,2.5797194733333333
2005-12-28,2.5767698066666664
2005-12-29,2.551225693333333
2005-12-30,2.534943533333333
2005-12-31,2.6249083666666664
2006-01-01,2.6278580333333332
2006-01-02,2.54621126
2006-01-03,2.4256288866666664
2006-01-04,2.287761466666667
2006-01-05,2.2011592533333335
2006-01-06,2.296964426666667
2006-01-07,2.44303192
2006-01-08,2.3128336333333332
2006-01-09,2.03403114
2006-01-10,2.08075386
2006-01-11,2.36870032
2006-01-12,2.2360833066666665
2006-01-13,2.1488321666666663
2006-01-14,2.36870032
2006-01-15,2.3701751533333337
2006-01-16,2.22339974
2006-01-17,2.314249473333333
2006-01-18,2.488574773333333
2006-01-19,2.3237474
2006-01-20,2.043175106666667
2006-01-21,1.9297309266666665
2006-01-22,1.9422965066666666
2006-01-23,1.9764536466666665
2006-01-24,2.1967347533333332
2006-01-25,2.3720629399999997
2006-01-26,2.3698801866666668
2006-01-27,2.30498752
2006-01-28,2.298203286666667
2006-01-29,2.3111818200000003
2006-01-30,2.3333043200000003
2006-01-31,2.31295162
2006-02-01,2.3043975866666666
2006-02-02,2.2730131333333334
2006-02-03,2.2228688
2006-02-04,2.2160845666666664
2006-02-05,2.17614608
2006-02-06,2.12039738
2006-02-07,2.152548746666666
2006-02-08,2.2169694666666664
2006-02-09,2.1848770933333332
2006-02-10,1.9264862933333333
2006-02-11,1.8479071733333334
2006-02-12,2.176382053333333
2006-02-13,2.2864046200000003
2006-02-14,2.3082321533333334
2006-02-15,2.2901212
2006-02-16,2.1445256533333334
2006-02-17,2.1914843466666665
2006-02-18,2.2301839733333333
2006-02-19,2.106120993333333
2006-02-20,1.9116789666666667
2006-02-21,1.8388222
2006-02-22,1.9264862933333333
2006-02-23,2.000817893333333
2006-02-24,2.0520241066666665
2006-02-25,2.0932604466666667
2006-02-26,2.131429133333333
2006-02-27,2.1724295000000002
2006-02-28,2.22711632
2006-03-01,2.314072493333333
2006-03-02,2.367402466666667
2006-03-03,2.3780212666666665
2006-03-04,2.33985258
2006-03-05,2.2959025466666665
2006-03-06,2.3852774466666666
2006-03-07,2.4745343600000003
2006-03-08,2.3992588666666665
2006-03-09,2.2888233466666663
2006-03-10,2.2206860466666662
2006-03-11,2.2016312
2006-03-12,2.14747532
2006-03-13,2.05013632
2006-03-14,2.0650616333333334
2006-03-15,2.04872048
2006-03-16,2.0526730333333334
2006-03-17,2.0845884266666665
2006-03-18,2.0673623733333333
2006-03-19,2.0546788066666664
2006-03-20,2.0635868
2006-03-21,2.1016375000000003
2006-03-22,2.12376
2006-03-23,2.1386853133333332
2006-03-24,2.1684769466666665
2006-03-25,2.24021284
2006-03-26,2.329292773333333
2006-03-27,2.38728322
2006-03-28,2.509163446666667
2006-03-29,2.622902593333333
2006-03-30,2.6526942266666667
2006-03-31,2.72035958
2006-04-01,2.79416024
2006-04-02,2.8172856266666666
2006-04-03,2.9086663
2006-04-04,3.0965600666666666
2006-04-05,3.2676407333333337
2006-04-06,3.3006770000000003
2006-04-07,3.3242743333333333
2006-04-08,3.6558168666666666
2006-04-09,4.329520733333333
2006-04-10,5.110002533333334
2006-04-11,5.6562808
2006-04-12,6.878032733333334
2006-04-13,9.261953333333333
2006-04-14,11.989215133333333
2006-04-15,12.922489666666666
2006-04-16,13.281169133333334
2006-04-17,14.748923266666665
2006-04-18,14.107075799999999
2006-04-19,12.966734666666666
2006-04-20,13.663445933333334
2006-04-21,15.387821066666666
2006-04-22,18.326868933333333
2006-04-23,21.402191400000003
2006-04-24,21.334939000000002
2006-04-25,19.881933200000002
2006-04-26,21.001036733333333
2006-04-27,23.75189586666667
2006-04-28,24.596090466666666
2006-04-29,23.136005466666663
2006-04-30,22.54784193333333
2006-05-01,23.307086133333332
2006-05-02,24.59373073333333
2006-05-03,25.3276078
2006-05-04,25.873886066666667
2006-05-05,25.6054664
2006-05-06,24.815545666666665
2006-05-07,24.308203000000002
2006-05-08,22.477639866666664
2006-05-09,20.13737433333333
2006-05-10,18.619475866666665
2006-05-11,18.520957
2006-05-12,21.015195133333332
2006-05-13,25.0993036
2006-05-14,29.10141133333333
2006-05-15,33.33123333333334
2006-05-16,35.803053999999996
2006-05-17,36.78824266666666
2006-05-18,38.192284
2006-05-19,39.891292
2006-05-20,41.997354
2006-05-21,44.138812
2006-05-22,48.280144
2006-05-23,47.206465333333334
2006-05-24,42.32771666666667
2006-05-25,43.83204666666666
2006-05-26,45.44256466666666
2006-05-27,43.554778
2006-05-28,38.49315
2006-05-29,32.68230666666667
2006-05-30,29.325586
2006-05-31,29.697243999999998
2006-06-01,31.938990666666665
2006-06-02,34.363616666666665
2006-06-03,35.938738666666666
2006-06-04,37.071410666666665
2006-06-05,38.204082666666665
2006-06-06,39.743808666666666
2006-06-07,41.997354
2006-06-08,44.68155066666666
2006-06-09,41.67879
2006-06-10,35.590678000000004
2006-06-11,33.58490466666667
2006-06-12,31.762010666666665
2006-06-13,30.03940533333333
2006-06-14,29.72084133333333
2006-06-15,27.369957
2006-06-16,23.00150066666667
2006-06-17,21.284204733333333
2006-06-18,21.33021953333333
2006-06-19,20.936144066666667
2006-06-20,19.9651138
2006-06-21,18.9970332
2006-06-22,17.712748333333334
2006-06-23,16.678005266666666
2006-06-24,15.877465733333333
2006-06-25,15.145358466666666
2006-06-26,14.4875828
2006-06-27,13.733058066666665
2006-06-28,13.122477066666667
2006-06-29,12.379750999999999
2006-06-30,11.879487533333334
2006-07-01,12.217519333333334
2006-07-02,13.157283133333332
2006-07-03,13.7619648
2006-07-04,12.934288333333333
2006-07-05,12.7266318
2006-07-06,12.6646888
2006-07-07,12.797423799999999
2006-07-08,15.762428733333332
2006-07-09,16.778883866666668
2006-07-10,14.6698722
2006-07-11,13.061713933333332
2006-07-12,11.837602266666666
2006-07-13,10.516741533333333
2006-07-14,9.489077666666667
2006-07-15,8.871417466666665
2006-07-16,8.502119200000001
2006-07-17,8.094475266666667
2006-07-18,7.8437536
2006-07-19,7.979438266666667
2006-07-20,9.890822266666666
2006-07-21,10.5462382
2006-07-22,8.618336066666666
2006-07-23,8.122202133333333
2006-07-24,7.9823879333333325
2006-07-25,7.675032666666667
2006-07-26,7.984747666666666
2006-07-27,8.000675866666667
2006-07-28,7.318712933333334
2006-07-29,7.265618933333333
2006-07-30,7.6419964
2006-07-31,7.703349466666666
2006-08-01,7.334641133333332
2006-08-02,6.708131933333333
2006-08-03,6.482187466666667
2006-08-04,6.568317733333333
2006-08-05,6.896320666666667
2006-08-06,7.763522666666667
2006-08-07,8.163497466666668
2006-08-08,7.5363983333333335
2006-08-09,6.970652266666666
2006-08-10,6.703412466666666
2006-08-11,6.2155376
2006-08-12,5.8615776
2006-08-13,5.685187533333333
2006-08-14,5.317069133333334
2006-08-15,5.3017308666666665
2006-08-16,5.466322266666666
2006-08-17,5.287572466666666
2006-08-18,4.9625192
2006-08-19,4.771970733333333
2006-08-20,4.689380066666667
2006-08-21,4.547796066666667
2006-08-22,4.433349
2006-08-23,4.375535533333333
2006-08-24,4.4150610666666665
2006-08-25,4.853971466666667
2006-08-26,5.945348133333333
2006-08-27,6.0721838
2006-08-28,5.177844866666667
2006-08-29,4.777870066666666
2006-08-30,4.5342276
2006-08-31,4.3914637333333335
2006-09-01,4.2103542
2006-09-02,3.982639933333333
2006-09-03,3.8115592666666664
2006-09-04,3.6699752666666665
2006-09-05,3.5555282
2006-09-06,3.5112832
2006-09-07,3.6741048
2006-09-08,4.1360225999999995
2006-09-09,4.4457376
2006-09-10,4.282916
2006-09-11,3.9566828666666667
2006-09-12,3.7130404
2006-09-13,3.583845
2006-09-14,4.0280648
2006-09-15,5.400249733333333
2006-09-16,5.961866266666667
2006-09-17,5.334177199999999
2006-09-18,4.946591000000001
2006-09-19,4.7324452
2006-09-20,4.8339137333333335
2006-09-21,5.271054333333333
2006-09-22,5.453933666666667
2006-09-23,5.2309388666666665
2006-09-24,5.285802666666666
2006-09-25,5.548912933333333
2006-09-26,5.619115
2006-09-27,5.7040654
2006-09-28,5.775447333333333
2006-09-29,5.7642386
2006-09-30,5.502898133333333
2006-10-01,5.199082466666667
2006-10-02,5.3017308666666665
2006-10-03,5.995492466666668
2006-10-04,6.283379933333333
2006-10-05,6.2066886
2006-10-06,7.486254
2006-10-07,8.460233933333333
2006-10-08,7.915725466666665
2006-10-09,8.047870533333333
2006-10-10,8.486191
2006-10-11,8.082086666666667
2006-10-12,7.597161466666666
2006-10-13,7.336410933333333
2006-10-14,8.362894933333333
2006-10-15,9.081433733333332
2006-10-16,8.607127333333333
2006-10-17,8.446665466666667
2006-10-18,7.738155533333334
2006-10-19,7.273878
2006-10-20,7.2402518
2006-10-21,6.890421333333333
2006-10-22,6.4102156
2006-10-23,6.226156400000001
2006-10-24,6.2332356
2006-10-25,6.0633348
2006-10-26,5.6084962
2006-10-27,5.427386666666667
2006-10-28,5.609086133333332
2006-10-29,5.522955866666667
2006-10-30,5.384911466666666
2006-10-31,5.171945533333333
2006-11-01,4.851611733333333
2006-11-02,4.832733866666667
2006-11-03,5.0687072
2006-11-04,4.892317133333333
2006-11-05,4.727725733333333
2006-11-06,4.784359333333334
2006-11-07,4.813856
2006-11-08,4.813856
2006-11-09,4.691739800000001
2006-11-10,4.219793133333334
2006-11-11,4.312412666666667
2006-11-12,4.176138066666667
2006-11-13,3.8357465333333334
2006-11-14,4.002107733333333
2006-11-15,4.064640666666667
2006-11-16,4.619767933333333
2006-11-17,4.7483734
2006-11-18,4.4528168
2006-11-19,4.221562933333334
2006-11-20,4.149001133333333
2006-11-21,4.161389733333333
2006-11-22,4.1908864
2006-11-23,4.095907133333333
2006-11-24,4.141921933333333
2006-11-25,4.1820374000000005
2006-11-26,3.8457754000000004
2006-11-27,3.787372
2006-11-28,3.8150988666666663
2006-11-29,3.3814978666666664
2006-11-30,3.317195133333333
2006-12-01,3.5679168000000003
2006-12-02,3.2287051333333334
2006-12-03,2.9007022
2006-12-04,3.039926466666667
2006-12-05,3.1838702
2006-12-06,3.2009782666666666
2006-12-07,3.1714816
2006-12-08,3.212187
2006-12-09,3.283568933333333
2006-12-10,3.340202533333333
2006-12-11,3.3289937999999997
2006-12-12,3.271180333333333
2006-12-13,3.2157266
2006-12-14,3.1986185333333332
2006-12-15,3.2145467333333335
2006-12-16,3.1862299333333333
2006-12-17,3.1443446666666666
2006-12-18,3.1012795333333334
2006-12-19,3.0458258
2006-12-20,3.0015808000000006
2006-12-21,2.9473069333333335
2006-12-22,2.874745133333333
2006-12-23,2.8735652666666667
2006-12-24,2.7268488466666665
2006-12-25,2.794219233333333
2006-12-26,3.085351333333333
2006-12-27,3.1012795333333334
2006-12-28,3.0051203999999996
2006-12-29,2.8474312200000003
2006-12-30,2.60939312
2006-12-31,2.4649774399999997
2007-01-01,2.4569543466666666
2007-01-02,2.4965978666666664
2007-01-03,2.6995349333333336
2007-01-04,2.7971689000000004
2007-01-05,2.5158886866666665
2007-01-06,2.29932416
2007-01-07,2.37011616
2007-01-08,2.3809709333333333
2007-01-09,2.414479146666667
2007-01-10,2.4489312533333334
2007-01-11,2.449875146666667
2007-01-12,2.4272217066666664
2007-01-13,2.3285848533333335
2007-01-14,1.9519714133333332
2007-01-15,1.6669156266666667
2007-01-16,1.799060693333333
2007-01-17,1.9224747466666665
2007-01-18,1.9595815533333332
2007-01-19,2.0084280333333333
2007-01-20,2.039576513333333
2007-01-21,1.9879573466666665
2007-01-22,1.9209999133333333
2007-01-23,1.939228853333333
2007-01-24,1.9863055333333335
2007-01-25,2.039576513333333
2007-01-26,2.0666544533333333
2007-01-27,2.0865942
2007-01-28,2.06694942
2007-01-29,2.05633062
2007-01-30,2.0716688866666666
2007-01-31,2.0330872466666663
2007-02-01,1.9679586066666666
2007-02-02,1.9815270733333332
2007-02-03,2.0100798466666663
2007-02-04,1.9917919133333333
2007-02-05,2.0303735533333334
2007-02-06,2.1104275066666665
2007-02-07,2.167356073333333
2007-02-08,2.1733733933333332
2007-02-09,2.15154586
2007-02-10,2.1226391266666664
2007-02-11,2.1708956733333333
2007-02-12,2.2001563666666666
2007-02-13,2.1513098866666667
2007-02-14,2.1649373466666666
2007-02-15,2.158035126666667
2007-02-16,2.0962691066666665
2007-02-17,2.064766666666667
2007-02-18,2.0991007866666664
2007-02-19,2.142460886666667
2007-02-20,2.0713149266666666
2007-02-21,2.0237073066666666
2007-02-22,2.062229953333333
2007-02-23,2.0893078933333333
2007-02-24,2.0101978333333332
2007-02-25,2.018574886666667
2007-02-26,2.1160908666666667
2007-02-27,2.0683062666666667
2007-02-28,1.9560419533333333
2007-03-01,1.8050190199999998
2007-03-02,1.7467926
2007-03-03,1.8397660933333333
2007-03-04,2.00040494
2007-03-05,2.0715509
2007-03-06,2.1010475666666664
2007-03-07,2.1487731733333333
2007-03-08,2.1497170666666663
2007-03-09,2.1636984866666666
2007-03-10,2.1957908600000002
2007-03-11,2.2829830066666665
2007-03-12,2.4801387266666666
2007-03-13,2.7771111666666664
2007-03-14,3.3124756666666664
2007-03-15,3.8033002000000002
2007-03-16,4.220973
2007-03-17,4.978447399999999
2007-03-18,5.980744133333332
2007-03-19,6.798981666666667
2007-03-20,7.282727
2007-03-21,7.151171866666666
2007-03-22,6.5234828
2007-03-23,6.068054266666667
2007-03-24,5.644482133333334
2007-03-25,5.6527412
2007-03-26,6.460949866666667
2007-03-27,7.4579372
2007-03-28,7.113416133333334
2007-03-29,6.027348866666666
2007-03-30,5.600237133333334
2007-03-31,5.4085088
2007-04-01,5.774857399999999
2007-04-02,6.5122740666666665
2007-04-03,7.274467933333333
2007-04-04,8.177065933333333
2007-04-05,9.046037733333334
2007-04-06,9.660158333333333
2007-04-07,10.114407
2007-04-08,9.955714933333335
2007-04-09,9.8684048
2007-04-10,9.218298266666666
2007-04-11,8.0048054
2007-04-12,7.7499542
2007-04-13,7.345849866666666
2007-04-14,7.078020133333333
2007-04-15,7.1889275999999995
2007-04-16,7.5623554
2007-04-17,7.939912733333333
2007-04-18,8.000085933333333
2007-04-19,8.4738024
2007-04-20,9.8595558
2007-04-21,10.503763
2007-04-22,10.546828133333333
2007-04-23,11.065969466666665
2007-04-24,10.697851066666667
2007-04-25,10.286667533333333
2007-04-26,10.883090133333333
2007-04-27,12.901842
2007-04-28,16.6998328
2007-04-29,21.388622933333334
2007-04-30,25.219060066666668
2007-05-01,26.873233133333333
2007-05-02,26.316926
2007-05-03,25.329967533333335
2007-05-04,22.98144293333333
2007-05-05,18.015974066666665
2007-05-06,14.222702733333334
2007-05-07,12.182123333333331
2007-05-08,11.150329933333333
2007-05-09,11.216402466666667
2007-05-10,13.179110666666666
2007-05-11,17.748734266666666
2007-05-12,22.654619866666664
2007-05-13,25.264484933333332
2007-05-14,26.54405033333333
2007-05-15,28.886085666666663
2007-05-16,30.03940533333333
2007-05-17,29.042417999999998
2007-05-18,29.956814666666663
2007-05-19,32.652809999999995
2007-05-20,33.03036733333333
2007-05-21,31.183875999999998
2007-05-22,27.395324133333332
2007-05-23,22.0817946
2007-05-24,18.502079133333332
2007-05-25,16.562968266666665
2007-05-26,16.7281496
2007-05-27,19.9739628
2007-05-28,24.141251866666668
2007-05-29,24.185496866666668
2007-05-30,21.962038133333333
2007-05-31,22.22750813333333
2007-06-01,23.195588733333334
2007-06-02,24.314692266666665
2007-06-03,25.068627066666664
2007-06-04,25.337046733333334
2007-06-05,26.938715733333336
2007-06-06,25.106382800000002
2007-06-07,19.8376882
2007-06-08,16.70632206666667
2007-06-09,16.581846133333332
2007-06-10,18.8466002
2007-06-11,22.931888533333332
2007-06-12,24.551845466666666
2007-06-13,22.482359333333335
2007-06-14,21.885346799999997
2007-06-15,22.190932266666668
2007-06-16,22.671138
2007-06-17,22.39386933333333
2007-06-18,20.406383933333334
2007-06-19,18.2360192
2007-06-20,17.148182133333332
2007-06-21,16.436722533333334
2007-06-22,15.3388566
2007-06-23,14.158989933333332
2007-06-24,13.328953733333334
2007-06-25,12.379750999999999
2007-06-26,11.621686666666667
2007-06-27,11.109624533333333
2007-06-28,10.195227866666666
2007-06-29,9.118599533333333
2007-06-30,8.654911933333333
2007-07-01,8.293872733333332
2007-07-02,7.8508328
2007-07-03,7.334641133333332
2007-07-04,6.7624058
2007-07-05,6.690433933333334
2007-07-06,6.825528666666667
2007-07-07,6.701052733333333
2007-07-08,6.3942874
2007-07-09,5.942398466666667
2007-07-10,5.5831290666666655
2007-07-11,5.4651424
2007-07-12,5.546553199999999
2007-07-13,5.648611666666667
2007-07-14,5.5412438
2007-07-15,5.2999610666666666
2007-07-16,5.1141320666666665
2007-07-17,5.013253466666667
2007-07-18,4.9430514
2007-07-19,4.9530802666666665
2007-07-20,5.4191275999999995
2007-07-21,6.4314532
2007-07-22,6.481007599999999
2007-07-23,6.065104600000001
2007-07-24,6.177781866666667
2007-07-25,6.154774466666666
2007-07-26,6.4208344
2007-07-27,7.357648533333333
2007-07-28,8.061439
2007-07-29,7.385965333333334
2007-07-30,6.5110942
2007-07-31,5.943578333333334
2007-08-01,5.459833
2007-08-02,5.143628733333333
2007-08-03,4.931842666666667
2007-08-04,4.7731506
2007-08-05,5.040980333333334
2007-08-06,5.637992866666667
2007-08-07,5.809663466666667
2007-08-08,5.474581333333333
2007-08-09,5.0215125333333335
2007-08-10,4.649854533333333
2007-08-11,4.4209604
2007-08-12,4.2510596000000005
2007-08-13,4.311822733333334
2007-08-14,4.528328266666667
2007-08-15,4.5873216
2007-08-16,4.5873216
2007-08-17,4.5059108
2007-08-18,4.403852333333334
2007-08-19,4.2534193333333326
2007-08-20,3.9431144000000002
2007-08-21,3.6575866666666665
2007-08-22,3.363209933333333
2007-08-23,3.1443446666666666
2007-08-24,3.060574133333333
2007-08-25,2.9473069333333335
2007-08-26,2.874745133333333
2007-08-27,2.8735652666666667
2007-08-28,2.874745133333333
2007-08-29,2.8599968
2007-08-30,2.9549760666666667
2007-08-31,3.017509
2007-09-01,2.905421666666667
2007-09-02,3.1166178
2007-09-03,3.4534697333333333
2007-09-04,3.6322195333333336
2007-09-05,4.092957466666667
2007-09-06,4.2545992
2007-09-07,3.4453286533333336
2007-09-08,2.6739318266666667
2007-09-09,2.5634963066666665
2007-09-10,2.4967158533333333
2007-09-11,2.726081933333333
2007-09-12,3.0027606666666666
2007-09-13,2.9189901333333332
2007-09-14,2.8735652666666667
2007-09-15,2.9968613333333334
2007-09-16,4.6480847333333335
2007-09-17,6.9659328
2007-09-18,6.764765533333333
2007-09-19,5.179614666666667
2007-09-20,4.218613266666666
2007-09-21,3.7572854
2007-09-22,3.7059612000000004
2007-09-23,4.662833066666667
2007-09-24,5.131830066666667
2007-09-25,4.384974466666667
2007-09-26,3.9714312
2007-09-27,3.7130404
2007-09-28,3.597413466666666
2007-09-29,3.5000744666666663
2007-09-30,3.3856274
2007-10-01,4.0198057333333335
2007-10-02,4.7979278
2007-10-03,4.6250773333333335
2007-10-04,4.294124733333333
2007-10-05,4.1366125333333335
2007-10-06,3.9419345333333333
2007-10-07,3.7130404
2007-10-08,3.6245504
2007-10-09,3.556708066666667
2007-10-10,3.4286925333333333
2007-10-11,3.3154253333333332
2007-10-12,3.229295066666667
2007-10-13,3.2405038000000004
2007-10-14,3.2847488000000005
2007-10-15,3.1762010666666662
2007-10-16,3.1396252
2007-10-17,3.241683666666667
2007-10-18,3.202158133333333
2007-10-19,3.265281
2007-10-20,3.3573106
2007-10-21,3.095970133333333
2007-10-22,2.968544533333333
2007-10-23,3.2764897333333334
2007-10-24,3.3608502
2007-10-25,3.2145467333333335
2007-10-26,3.2269353333333335
2007-10-27,3.2428635333333333
2007-10-28,3.2145467333333335
2007-10-29,3.1862299333333333
2007-10-30,3.157913133333333
2007-10-31,3.0888909333333334
2007-11-01,2.975623733333333
2007-11-02,2.850144913333333
2007-11-03,2.7317452933333333
2007-11-04,2.695169426666667
2007-11-05,2.6787102866666666
2007-11-06,2.606797413333333
2007-11-07,2.5342946066666667
2007-11-08,2.50037344
2007-11-09,2.50851452
2007-11-10,2.5078655933333334
2007-11-11,2.553172473333333
2007-11-12,2.62178172
2007-11-13,2.63063072
2007-11-14,2.5017302866666666
2007-11-15,2.4131812933333334
2007-11-16,2.48550712
2007-11-17,2.4977777333333333
2007-11-18,2.4403182266666668
2007-11-19,2.3707060933333333
2007-11-20,2.3600283
2007-11-21,2.1351457133333334
2007-11-22,1.9645959866666665
2007-11-23,1.9714392133333332
2007-11-24,1.9076084266666664
2007-11-25,2.035682953333333
2007-11-26,2.1885936733333335
2007-11-27,2.156737273333333
2007-11-28,1.9684305533333333
2007-11-29,1.9604664533333336
2007-11-30,2.0770962733333334
2007-12-01,2.000994873333333
2007-12-02,1.98907822
2007-12-03,2.28003334
2007-12-04,2.479253826666667
2007-12-05,2.5603106666666666
2007-12-06,2.6873823066666667
2007-12-07,2.5636732866666665
2007-12-08,2.49347122
2007-12-09,2.61682628
2007-12-10,2.7452547666666667
2007-12-11,2.6533431533333336
2007-12-12,2.4409671533333337
2007-12-13,2.4800797333333335
2007-12-14,2.3333633133333334
2007-12-15,2.2157306066666664
2007-12-16,2.410349613333333
2007-12-17,2.5098123733333333
2007-12-18,2.5298701066666665
2007-12-19,2.4949460533333334
2007-12-20,2.48904672
2007-12-21,2.415777
2007-12-22,2.3089990666666664
2007-12-23,2.3785522066666664
2007-12-24,2.4794308066666666
2007-12-25,2.33772882
2007-12-26,2.2839858933333335
2007-12-27,2.1726064800000002
2007-12-28,2.04836652
2007-12-29,2.2326027
2007-12-30,2.28339596
2007-12-31,2.10623898
2008-01-01,2.0090179666666668
2008-01-02,2.2400358600000003
2008-01-03,2.4736494600000003
2008-01-04,2.6594194666666664
2008-01-05,2.6385948200000002
2008-01-06,2.3676974333333334
2008-01-07,2.291891
2008-01-08,2.37277086
2008-01-09,2.38409758
2008-01-10,2.3761924733333335
2008-01-11,2.36462978
2008-01-12,2.18234038
2008-01-13,1.9677816266666666
2008-01-14,2.0019387666666666
2008-01-15,2.155734386666667
2008-01-16,1.9969243333333333
2008-01-17,1.8159327866666668
2008-01-18,1.9162804466666665
2008-01-19,2.0061272933333334
2008-01-20,2.0254771066666666
2008-01-21,2.0088999800000003
2008-01-22,2.01739502
2008-01-23,1.9987531266666665
2008-01-24,1.9994610466666665
2008-01-25,2.02341234
2008-01-26,1.9877803666666665
2008-01-27,2.0284857666666665
2008-01-28,2.002410713333333
2008-01-29,1.949670673333333
2008-01-30,1.915867493333333
2008-01-31,1.92589636
2008-02-01,2.0274238866666665
2008-02-02,2.0111417266666667
2008-02-03,1.988252313333333
2008-02-04,1.95881464
2008-02-05,1.8964586866666666
2008-02-06,1.8433646866666666
2008-02-07,1.95757578
2008-02-08,2.0389275866666665
2008-02-09,2.016982066666667
2008-02-10,2.023471333333333
2008-02-11,2.035328993333333
2008-02-12,2.0012308466666666
2008-02-13,1.987721373333333
2008-02-14,1.9635341066666665
2008-02-15,1.8729793399999999
2008-02-16,1.7808317533333333
2008-02-17,1.6876812799999998
2008-02-18,1.6141755866666667
2008-02-19,1.6492176266666665
2008-02-20,1.68237188
2008-02-21,1.61246478
2008-02-22,1.5189603466666668
2008-02-23,1.4094097266666668
2008-02-24,1.4051622066666667
2008-02-25,1.50733866
2008-02-26,1.5233258533333334
2008-02-27,1.5615535333333332
2008-02-28,1.6270361333333334
2008-02-29,1.6877402733333333
2008-03-01,1.7338730599999999
2008-03-02,1.6996569266666668
2008-03-03,1.672461
2008-03-04,1.6759416066666668
2008-03-05,1.6060935
2008-03-06,1.61441156
2008-03-07,1.7021346466666667
2008-03-08,1.7111606266666666
2008-03-09,1.6796581866666667
2008-03-10,1.6542910533333333
2008-03-11,1.6693933466666666
2008-03-12,1.6828438266666668
2008-03-13,1.6893330933333335
2008-03-14,1.6726969733333332
2008-03-15,1.62255264
2008-03-16,1.6442621866666665
2008-03-17,1.6325815066666667
2008-03-18,1.5983063800000001
2008-03-19,1.63122466
2008-03-20,1.6811920133333336
2008-03-21,1.67741644
2008-03-22,1.6332304333333332
2008-03-23,1.6479787666666665
2008-03-24,1.7187707666666665
2008-03-25,1.8180565466666667
2008-03-26,1.9320316666666664
2008-03-27,2.01474032
2008-03-28,2.1926052200000004
2008-03-29,2.419375593333333
2008-03-30,2.479902753333333
2008-03-31,2.2965514733333334
2008-04-01,2.177797893333333
2008-04-02,2.3593793733333333
2008-04-03,2.3966631599999997
2008-04-04,2.338672713333333
2008-04-05,2.4289325133333333
2008-04-06,2.4371325866666664
2008-04-07,2.3315935133333334
2008-04-08,2.3835076466666663
2008-04-09,2.460022
2008-04-10,2.279384413333333
2008-04-11,2.10004468
2008-04-12,2.152135793333333
2008-04-13,2.4210274066666666
2008-04-14,2.9007022
2008-04-15,3.5673268666666664
2008-04-16,3.7325082
2008-04-17,3.4977147333333334
2008-04-18,3.9171573333333334
2008-04-19,5.0675273333333335
2008-04-20,6.347682666666667
2008-04-21,7.331101533333334
2008-04-22,8.9799652
2008-04-23,11.7320042
2008-04-24,13.212736866666667
2008-04-25,12.718372733333332
2008-04-26,12.247605933333332
2008-04-27,13.101239466666668
2008-04-28,15.537664133333331
2008-04-29,18.828902199999998
2008-04-30,21.199254333333332
2008-05-01,19.7279606
2008-05-02,16.236735133333333
2008-05-03,14.718246733333332
2008-05-04,15.055688600000002
2008-05-05,17.842533666666665
2008-05-06,22.553151333333332
2008-05-07,29.063065666666663
2008-05-08,30.795109933333332
2008-05-09,27.77229153333333
2008-05-10,25.816662533333332
2008-05-11,25.459752866666665
2008-05-12,28.119172333333335
2008-05-13,28.0672582
2008-05-14,28.378743
2008-05-15,31.91539333333333
2008-05-16,36.69385333333333
2008-05-17,43.578375333333334
2008-05-18,50.97613933333333
2008-05-19,58.438795999999996
2008-05-20,68.562052
2008-05-21,75.70614466666666
2008-05-22,66.155124
2008-05-23,48.952667999999996
2008-05-24,40.044674666666666
2008-05-25,36.82363866666667
2008-05-26,36.528672
2008-05-27,39.92078866666667
2008-05-28,46.050196
2008-05-29,51.147220000000004
2008-05-30,55.15876666666667
2008-05-31,58.533185333333336
2008-06-01,62.633221999999996
2008-06-02,66.880742
2008-06-03,67.057722
2008-06-04,59.960824
2008-06-05,50.580884
2008-06-06,45.342276
2008-06-07,47.44243866666667
2008-06-08,48.92317133333333
2008-06-09,46.734518666666666
2008-06-10,49.42461466666666
2008-06-11,49.684185333333325
2008-06-12,43.18312
2008-06-13,40.32194333333333
2008-06-14,44.04442266666666
2008-06-15,50.81685733333333
2008-06-16,57.63648666666666
2008-06-17,62.102282
2008-06-18,64.92216333333333
2008-06-19,65.05194866666666
2008-06-20,62.47983933333333
2008-06-21,61.040402
2008-06-22,59.37679
2008-06-23,57.235332
2008-06-24,55.80769333333333
2008-06-25,54.675021333333326
2008-06-26,52.59255666666667
2008-06-27,50.02044733333333
2008-06-28,48.58101
2008-06-29,48.27424466666667
2008-06-30,48.28604333333333
2008-07-01,46.510344
2008-07-02,42.43390466666666
2008-07-03,39.11258
2008-07-04,37.95631066666667
2008-07-05,37.11860533333333
2008-07-06,35.850248666666666
2008-07-07,34.02735466666666
2008-07-08,31.762010666666665
2008-07-09,29.768036
2008-07-10,27.892637933333333
2008-07-11,25.83908
2008-07-12,24.397282933333333
2008-07-13,23.224495466666667
2008-07-14,21.8287132
2008-07-15,20.856503066666665
2008-07-16,20.093129333333334
2008-07-17,19.395238199999998
2008-07-18,18.447805266666666
2008-07-19,17.116915666666667
2008-07-20,16.00312153333333
2008-07-21,15.925840266666667
2008-07-22,16.6644368
2008-07-23,18.334538066666667
2008-07-24,17.7298564
2008-07-25,14.445697533333332
2008-07-26,13.022778333333333
2008-07-27,13.651647266666666
2008-07-28,13.445760533333333
2008-07-29,11.3337992
2008-07-30,9.784044333333332
2008-07-31,8.532205799999998
2008-08-01,8.065568533333334
2008-08-02,8.047870533333333
2008-08-03,7.764702533333334
2008-08-04,7.5629453333333325
2008-08-05,8.060259133333334
2008-08-06,9.004152466666666
2008-08-07,10.336221933333333
2008-08-08,11.084847333333334
2008-08-09,10.285487666666667
2008-08-10,9.4843582
2008-08-11,8.740452266666667
2008-08-12,7.942862399999999
2008-08-13,7.371806933333333
2008-08-14,7.0137174
2008-08-15,6.853845466666667
2008-08-16,6.715801066666667
2008-08-17,6.4349928
2008-08-18,6.1358966
2008-08-19,5.894613866666667
2008-08-20,5.830901066666667
2008-08-21,5.822052066666667
2008-08-22,5.6261942000000005
2008-08-23,5.344206066666666
2008-08-24,5.1005636
2008-08-25,4.944231266666667
2008-08-26,4.8297842
2008-08-27,4.771970733333333
2008-08-28,4.621537733333333
2008-08-29,4.3519382
2008-08-30,4.2599086
2008-08-31,4.494112133333334
2008-09-01,4.6734518666666665
2008-09-02,4.616818266666667
2008-09-03,4.492342333333333
2008-09-04,4.2534193333333326
2008-09-05,4.051662133333333
2008-09-06,3.924826466666666
2008-09-07,3.783242466666666
2008-09-08,3.6687954
2008-09-09,3.760235066666666
2008-09-10,3.9891292000000003
2008-09-11,4.1997354
2008-09-12,4.033964133333333
2008-09-13,3.5602476666666667
2008-09-14,3.3301736666666666
2008-09-15,3.2157266
2008-09-16,3.1443446666666666
2008-09-17,3.087711066666667
2008-09-18,2.990372066666666
2008-09-19,2.8894934666666665
2008-09-20,2.927839133333333
2008-09-21,3.055854666666667
2008-09-22,3.019868733333333
2008-09-23,2.8718544599999998
2008-09-24,2.8082596466666665
2008-09-25,2.7608290066666665
2008-09-26,2.7119825266666666
2008-09-27,2.73646476
2008-09-28,2.7549296733333333
2008-09-29,2.6943435200000003
2008-09-30,2.641308513333333
2008-10-01,2.60585352
2008-10-02,2.7591182
2008-10-03,2.9585156666666665
2008-10-04,3.0818117333333332
2008-10-05,3.1726614666666664
2008-10-06,3.061754
2008-10-07,2.946127066666667
2008-10-08,2.9301988666666667
2008-10-09,2.9449472
2008-10-10,2.9449472
2008-10-11,3.0806318666666663
2008-10-12,3.1331359333333335
2008-10-13,3.016329133333333
2008-10-14,2.9880123333333333
2008-10-15,2.9868324666666664
2008-10-16,2.974443866666667
2008-10-17,2.9449472
2008-10-18,2.9313787333333337
2008-10-19,2.9166304000000003
2008-10-20,2.9166304000000003
2008-10-21,2.7673772666666667
2008-10-22,2.5250916466666666
2008-10-23,2.4964208866666664
2008-10-24,2.570693493333333
2008-10-25,2.57435108
2008-10-26,2.566858926666667
2008-10-27,2.5832590733333336
2008-10-28,2.61983494
2008-10-29,2.7600031
2008-10-30,2.8489650466666667
2008-10-31,2.7777011
2008-11-01,2.7521569866666664
2008-11-02,2.7716247866666666
2008-11-03,2.8352196000000003
2008-11-04,2.9968613333333334
2008-11-05,2.8719724466666663
2008-11-06,2.51028432
2008-11-07,2.7039594333333334
2008-11-08,2.9484868
2008-11-09,2.8369304066666667
2008-11-10,2.8023603133333332
2008-11-11,2.7418331533333333
2008-11-12,2.689978013333333
2008-11-13,2.6766455199999997
2008-11-14,2.416071966666667
2008-11-15,2.2999730866666668
2008-11-16,2.519074326666667
2008-11-17,2.5594257666666667
2008-11-18,2.50585982
2008-11-19,2.41790076
2008-11-20,2.32746398
2008-11-21,2.24357546
2008-11-22,2.20640966
2008-11-23,2.205465766666667
2008-11-24,2.1084807266666665
2008-11-25,2.0845884266666665
2008-11-26,2.29826228
2008-11-27,2.48674598
2008-11-28,2.4288145266666663
2008-11-29,2.3797910666666664
2008-11-30,2.39259262
2008-12-01,2.3561937333333334
2008-12-02,2.39507034
2008-12-03,2.4166029066666668
2008-12-04,2.2636331933333333
2008-12-05,2.21083416
2008-12-06,2.25454822
2008-12-07,2.20994926
2008-12-08,2.1600998933333333
2008-12-09,1.9817040533333332
2008-12-10,1.90890628
2008-12-11,2.01155468
2008-12-12,2.1860569599999997
2008-12-13,2.16074882
2008-12-14,1.8640123533333333
2008-12-15,1.8946888866666665
2008-12-16,2.1104275066666665
2008-12-17,2.1917793133333334
2008-12-18,2.1917793133333334
2008-12-19,2.1196304666666665
2008-12-20,2.0256540866666666
2008-12-21,2.08730212
2008-12-22,2.106062
2008-12-23,1.93332952
2008-12-24,2.0403434266666665
2008-12-25,2.10039864
2008-12-26,1.869321753333333
2008-12-27,1.9468389933333332
2008-12-28,2.1468853866666664
2008-12-29,2.16765104
2008-12-30,2.0768603
2008-12-31,2.0726717733333335
2009-01-01,2.2267033666666665
2009-01-02,2.243811433333333
2009-01-03,2.1752021866666666
2009-01-04,2.0220554933333332
2009-01-05,2.0606961266666666
2009-01-06,2.17791588
2009-01-07,2.1419299466666666
2009-01-08,2.135499673333333
2009-01-09,2.04252618
2009-01-10,1.9562779266666663
2009-01-11,2.0684832466666667
2009-01-12,2.106828913333333
2009-01-13,2.023825293333333
2009-01-14,2.0320253666666668
2009-01-15,1.99775024
2009-01-16,1.8522136866666665
2009-01-17,1.7538128066666665
2009-01-18,1.7367637333333332
2009-01-19,1.8110953333333333
2009-01-20,1.8310940733333332
2009-01-21,1.9537412133333332
2009-01-22,2.2597396333333335
2009-01-23,2.5560041533333333
2009-01-24,2.5800734333333333
2009-01-25,2.3319474733333334
2009-01-26,2.06677244
2009-01-27,1.787498
2009-01-28,1.8697347066666665
2009-01-29,2.016923073333333
2009-01-30,1.8494999933333334
2009-01-31,1.8987594266666665
2009-02-01,1.9178732666666667
2009-02-02,1.914628633333333
2009-02-03,1.9684305533333335
2009-02-04,1.9362791866666669
2009-02-05,1.9930897666666667
2009-02-06,1.9886062733333334
2009-02-07,1.92589636
2009-02-08,1.9007652000000002
2009-02-09,1.8192954066666667
2009-02-10,1.67263798
2009-02-11,1.60892518
2009-02-12,1.5591348066666668
2009-02-13,1.4551885533333333
2009-02-14,1.4285235666666667
2009-02-15,1.4435668666666668
2009-02-16,1.4379625
2009-02-17,1.402271533333333
2009-02-18,1.3617431133333333
2009-02-19,1.3255801999999999
2009-02-20,1.3397975933333335
2009-02-21,1.4205004733333333
2009-02-22,1.4999644933333334
2009-02-23,1.4731225266666668
2009-02-24,1.41743282
2009-02-25,1.4143651666666666
2009-02-26,1.4389063933333333
2009-02-27,1.4110615400000002
2009-02-28,1.35354304
2009-03-01,1.3643978133333334
2009-03-02,1.4074039533333333
2009-03-03,1.4576072800000002
2009-03-04,1.4617368133333333
2009-03-05,1.4686980266666667
2009-03-06,1.5167186
2009-03-07,1.4564274133333335
2009-03-08,1.3620380800000003
2009-03-09,1.4149551
2009-03-10,1.38292172
2009-03-11,1.333072353333333
2009-03-12,1.44167908
2009-03-13,1.4412071333333334
2009-03-14,1.3828627266666667
2009-03-15,1.45017412
2009-03-16,1.5840299933333333
2009-03-17,1.7612459666666667
2009-03-18,1.96253122
2009-03-19,2.2189752400000002
2009-03-20,2.482085506666667
2009-03-21,2.7440748999999998
2009-03-22,3.0387466
2009-03-23,3.0357969333333332
2009-03-24,2.8883136
2009-03-25,2.7960480266666665
2009-03-26,2.5980664
2009-03-27,2.4308203
2009-03-28,2.4038013533333333
2009-03-29,2.489990613333333
2009-03-30,2.2875254933333333
2009-03-31,2.2441064
2009-04-01,2.2747829333333334
2009-04-02,2.2843988466666665
2009-04-03,2.4427959466666667
2009-04-04,2.2040499266666664
2009-04-05,2.0958561533333335
2009-04-06,2.4045092733333333
2009-04-07,3.203927933333333
2009-04-08,4.131303133333334
2009-04-09,4.789668733333333
2009-04-10,5.583129066666667
2009-04-11,5.833850733333333
2009-04-12,5.3023207999999995
2009-04-13,5.518826333333333
2009-04-14,6.5164036
2009-04-15,8.451974866666665
2009-04-16,9.366961466666668
2009-04-17,8.0738276
2009-04-18,7.616629266666666
2009-04-19,9.993470666666667
2009-04-20,14.822075
2009-04-21,20.452398733333332
2009-04-22,24.830294
2009-04-23,27.827155333333334
2009-04-24,28.90673333333333
2009-04-25,27.177048799999998
2009-04-26,23.957192666666668
2009-04-27,20.5013632
2009-04-28,18.895564666666665
2009-04-29,22.29830013333333
2009-04-30,28.989324
2009-05-01,32.269353333333335
2009-05-02,30.936104
2009-05-03,28.0265528
2009-05-04,25.254456066666666
2009-05-05,24.714077133333333
2009-05-06,30.198687333333336
2009-05-07,38.49315
2009-05-08,43.289308
2009-05-09,42.68167666666667
2009-05-10,42.687576
2009-05-11,46.22127666666666
2009-05-12,48.138560000000005
2009-05-13,48.40992933333333
2009-05-14,49.519003999999995
2009-05-15,51.218011999999995
2009-05-16,53.731128000000005
2009-05-17,57.129144
2009-05-18,60.39147533333334
2009-05-19,59.571468
2009-05-20,56.509714
2009-05-21,56.474318000000004
2009-05-22,52.846227999999996
2009-05-23,50.99973666666667
2009-05-24,53.53055066666667
2009-05-25,49.43641333333333
2009-05-26,43.27161
2009-05-27,40.92367533333333
2009-05-28,41.72598466666667
2009-05-29,43.165422
2009-05-30,45.10040333333333
2009-05-31,46.17998133333333
2009-06-01,43.01203933333333
2009-06-02,40.88827933333334
2009-06-03,41.08295733333333
2009-06-04,41.307132
2009-06-05,40.29244666666666
2009-06-06,35.785356
2009-06-07,30.824016666666665
2009-06-08,27.63837666666667
2009-06-09,26.453200600000002
2009-06-10,26.047916400000002
2009-06-11,25.1187714
2009-06-12,23.0357168
2009-06-13,23.14072493333333
2009-06-14,24.72115633333333
2009-06-15,25.440285066666664
2009-06-16,26.477387866666664
2009-06-17,28.254857
2009-06-18,29.856526000000002
2009-06-19,31.927192
2009-06-20,32.20446066666667
2009-06-21,30.310774666666664
2009-06-22,31.23697
2009-06-23,31.61452733333333
2009-06-24,31.531936666666667
2009-06-25,33.51411266666667
2009-06-26,33.18964933333333
2009-06-27,31.172077333333334
2009-06-28,29.333845066666665
2009-06-29,26.7965418
2009-06-30,24.916424266666667
2009-07-01,23.75189586666667
2009-07-02,23.856314066666666
2009-07-03,23.452799666666664
2009-07-04,21.41458
2009-07-05,19.3492234
2009-07-06,17.157031133333334
2009-07-07,15.666859533333332
2009-07-08,14.619137933333333
2009-07-09,13.6663956
2009-07-10,12.925439333333332
2009-07-11,12.831639933333333
2009-07-12,12.946676933333334
2009-07-13,12.161475666666668
2009-07-14,10.9798392
2009-07-15,10.001139799999999
2009-07-16,9.229507
2009-07-17,8.6755596
2009-07-18,8.233699533333334
2009-07-19,7.974128866666667
2009-07-20,7.805407933333332
2009-07-21,7.4579372
2009-07-22,6.948234800000001
2009-07-23,6.587785533333334
2009-07-24,6.457410266666667
2009-07-25,6.645009066666667
2009-07-26,6.9216878
2009-07-27,6.626721133333334
2009-07-28,5.8916642
2009-07-29,5.6562808
2009-07-30,6.050356266666667
2009-07-31,6.503425066666666
2009-08-01,6.495166
2009-08-02,5.985463599999999
2009-08-03,5.5164666
2009-08-04,5.240967733333333
2009-08-05,5.2633852
2009-08-06,5.433286
2009-08-07,5.2775436000000004
2009-08-08,4.781409666666667
2009-08-09,4.340729466666667
2009-08-10,3.9714312
2009-08-11,3.5637872666666666
2009-08-12,3.2587917333333336
2009-08-13,3.3219146
2009-08-14,3.7124504666666667
2009-08-15,4.006237266666667
2009-08-16,3.9395748000000004
2009-08-17,3.8375163333333333
2009-08-18,3.768494133333333
2009-08-19,3.6416584666666663
2009-08-20,3.5407798666666666
2009-08-21,3.4841462666666665
2009-08-22,3.441081133333333
2009-08-23,3.4670381999999997
2009-08-24,3.5384201333333336
2009-08-25,3.5000744666666663
2009-08-26,3.3991958666666666
2009-08-27,3.3289937999999997
2009-08-28,3.2440434000000002
2009-08-29,3.1726614666666664
2009-08-30,3.1160278666666668
2009-08-31,3.0458258
2009-09-01,2.9880123333333333
2009-09-02,2.946127066666667
2009-09-03,2.9301988666666667
2009-09-04,2.9313787333333337
2009-09-05,2.943767333333333
2009-09-06,2.959695533333333
2009-09-07,2.9313787333333337
2009-09-08,2.9030619333333334
2009-09-09,2.874745133333333
2009-09-10,2.8260756333333332
2009-09-11,2.7552836333333333
2009-09-12,2.77132982
2009-09-13,2.843773633333333
2009-09-14,2.8464283333333333
2009-09-15,3.1030493333333333
2009-09-16,3.2216259333333332
2009-09-17,2.853507533333333
2009-09-18,2.770326933333333
2009-09-19,2.83132604
2009-09-20,2.7503871866666665
2009-09-21,2.694461506666667
2009-09-22,2.4865100066666668
2009-09-23,2.2953716066666665
2009-09-24,2.3137775266666667
2009-09-25,2.3051645
2009-09-26,2.3399705666666666
2009-09-27,2.431941173333333
2009-09-28,2.5278643333333335
2009-09-29,2.7074990333333333
2009-09-30,2.8142179733333332
2009-10-01,2.78938178
2009-10-02,2.699357953333333
2009-10-03,2.6502165066666667
2009-10-04,2.780945733333333
2009-10-05,2.9166304000000003
2009-10-06,2.858285993333333
2009-10-07,2.759590146666666
2009-10-08,2.706319166666667
2009-10-09,2.671100146666667
2009-10-10,2.61788816
2009-10-11,2.55806892
2009-10-12,2.59258002
2009-10-13,2.8231259666666673
2009-10-14,3.2865186000000004
2009-10-15,3.4198435333333332
2009-10-16,3.1331359333333335
2009-10-17,3.0027606666666666
2009-10-18,2.9868324666666664
2009-10-19,3.0694231333333337
2009-10-20,3.1703017333333334
2009-10-21,3.1183876
2009-10-22,2.962055266666667
2009-10-23,2.8272554999999997
2009-10-24,2.835514566666667
2009-10-25,2.7918005066666667
2009-10-26,2.690037006666667
2009-10-27,2.75540162
2009-10-28,2.7022486266666665
2009-10-29,2.5524645533333334
2009-10-30,2.6220176933333335
2009-10-31,2.7231322666666666
2009-11-01,2.686792373333333
2009-11-02,2.67009726
2009-11-03,2.6255572933333333
2009-11-04,2.5538214
2009-11-05,2.5624344266666665
2009-11-06,2.668976386666667
2009-11-07,2.70142272
2009-11-08,2.6851405600000002
2009-11-09,2.61859608
2009-11-10,2.60620748
2009-11-11,2.714224273333333
2009-11-12,2.8201763
2009-11-13,2.9142706666666665
2009-11-14,2.8511478
2009-11-15,2.459255086666667
2009-11-16,2.1599229133333333
2009-11-17,2.2140198
2009-11-18,2.28959026
2009-11-19,2.2498877466666665
2009-11-20,2.21154208
2009-11-21,2.2441064
2009-11-22,2.30799618
2009-11-23,2.0716688866666666
2009-11-24,1.9317367
2009-11-25,2.2623353400000004
2009-11-26,2.40303444
2009-11-27,2.3438641266666664
2009-11-28,2.32764096
2009-11-29,2.2435164666666667
2009-11-30,2.1385083333333332
2009-12-01,2.0966230666666665
2009-12-02,1.94908074
2009-12-03,1.8886125733333332
2009-12-04,2.13331692
2009-12-05,2.44533266
2009-12-06,2.575707926666667
2009-12-07,2.5819022266666667
2009-12-08,2.49081652
2009-12-09,2.366281593333333
2009-12-10,2.3613851466666667
2009-12-11,2.48533014
2009-12-12,2.61771118
2009-12-13,2.58550082
2009-12-14,2.5280413133333335
2009-12-15,2.5265074866666666
2009-12-16,2.57824464
2009-12-17,2.5444414600000003
2009-12-18,2.3918847
2009-12-19,2.34445406
2009-12-20,2.4100546466666666
2009-12-21,2.4530017933333332
2009-12-22,2.48143658
2009-12-23,2.40108766
2009-12-24,2.3223905533333333
2009-12-25,2.3135415533333332
2009-12-26,2.203401
2009-12-27,2.19702972
2009-12-28,2.3282308933333336
2009-12-29,2.3788471733333334
2009-12-30,2.27525488
2009-12-31,2.1812785
2010-01-01,2.23932794
2010-01-02,2.2839269
2010-01-03,2.21437376
2010-01-04,2.1951419333333333
2010-01-05,2.2891773066666663
2010-01-06,2.3019788599999997
2010-01-07,2.178741786666667
2010-01-08,2.09473528
2010-01-09,2.1612797599999998
2010-01-10,2.18995052
2010-01-11,2.156619286666667
2010-01-12,2.1668841266666665
2010-01-13,2.2077665066666667
2010-01-14,2.1838742066666668
2010-01-15,2.1295413466666666
2010-01-16,2.1605128466666663
2010-01-17,2.1946699866666664
2010-01-18,2.1822223933333333
2010-01-19,2.16375748
2010-01-20,2.1318420866666665
2010-01-21,2.109483613333333
2010-01-22,2.119217513333333
2010-01-23,2.10623898
2010-01-24,1.9769255933333332
2010-01-25,1.8332768266666666
2010-01-26,1.8865478066666668
2010-01-27,1.93987778
2010-01-28,1.8810614266666665
2010-01-29,1.8102104333333333
2010-01-30,1.7732806066666666
2010-01-31,1.7951671333333332
2010-02-01,1.72891762
2010-02-02,1.6740538200000001
2010-02-03,1.7558775733333334
2010-02-04,1.7787079933333334
2010-02-05,1.7614819400000001
2010-02-06,1.76395966
2010-02-07,1.7234902333333333
2010-02-08,1.6819589266666668
2010-02-09,1.672461
2010-02-10,1.6922237666666666
2010-02-11,1.67263798
2010-02-12,1.65936448
2010-02-13,1.64715286
2010-02-14,1.63387936
2010-02-15,1.64609098
2010-02-16,1.65529394
2010-02-17,1.6522262866666668
2010-02-18,1.6618422
2010-02-19,1.6706912
2010-02-20,1.6639069666666666
2010-02-21,1.67281496
2010-02-22,1.6877992666666666
2010-02-23,1.69299068
2010-02-24,1.6869143666666666
2010-02-25,1.66255012
2010-02-26,1.6496305800000002
2010-02-27,1.6452060800000001
2010-02-28,1.6574177
2010-03-01,1.6028488666666665
2010-03-02,1.5562441333333332
2010-03-03,1.5721723333333333
2010-03-04,1.543855533333333
2010-03-05,1.4884018
2010-03-06,1.4305883333333334
2010-03-07,1.46875702
2010-03-08,1.4814995800000001
2010-03-09,1.4246889999999999
2010-03-10,1.417196846666667
2010-03-11,1.4091737533333335
2010-03-12,1.4069909999999999
2010-03-13,1.41584
2010-03-14,1.41584
2010-03-15,1.4565454000000002
2010-03-16,1.5048609400000001
2010-03-17,1.5459203
2010-03-18,1.6522262866666668
2010-03-19,1.6335843933333336
2010-03-20,1.53477056
2010-03-21,1.5578369533333334
2010-03-22,1.6385398333333334
2010-03-23,1.699008
2010-03-24,1.6026718866666665
2010-03-25,1.6092201466666667
2010-03-26,1.66909838
2010-03-27,1.5593117866666664
2010-03-28,1.55282252
2010-03-29,1.6662667000000002
2010-03-30,1.8608857066666664
2010-03-31,1.97438888
2010-04-01,1.8210062133333331
2010-04-02,1.7196556666666665
2010-04-03,1.7752273866666666
2010-04-04,1.7743424866666666
2010-04-05,1.74254508
2010-04-06,1.68343376
2010-04-07,1.7063821666666668
2010-04-08,1.9312647533333334
2010-04-09,2.3279359266666666
2010-04-10,2.8980475
2010-04-11,3.853444533333333
2010-04-12,5.1536576
2010-04-13,5.9836938
2010-04-14,7.405433133333333
2010-04-15,10.122666066666666
2010-04-16,13.859893733333335
2010-04-17,16.923417533333332
2010-04-18,19.074904399999998
2010-04-19,22.805052866666667
2010-04-20,26.551719466666665
2010-04-21,30.157392
2010-04-22,27.817126466666664
2010-04-23,19.830609
2010-04-24,15.189013533333332
2010-04-25,13.439861200000001
2010-04-26,12.902431933333334
2010-04-27,13.626870066666667
2010-04-28,14.295854466666666
2010-04-29,12.891813133333335
2010-04-30,10.891939133333333
2010-05-01,9.782274533333334
2010-05-02,8.969346400000001
2010-05-03,8.275584799999999
2010-05-04,8.6684804
2010-05-05,10.129155333333333
2010-05-06,10.500813333333333
2010-05-07,10.412913266666667
2010-05-08,10.904327733333334
2010-05-09,12.663508933333333
2010-05-10,13.798540666666666
2010-05-11,12.9248494
2010-05-12,12.6434512
2010-05-13,11.936711066666666
2010-05-14,10.901967999999998
2010-05-15,9.37994
2010-05-16,8.888525533333333
2010-05-17,10.9851486
2010-05-18,12.324297266666667
2010-05-19,10.790470599999999
2010-05-20,10.878370666666667
2010-05-21,14.808506533333334
2010-05-22,18.2395588
2010-05-23,22.549611733333332
2010-05-24,23.372568733333335
2010-05-25,20.571565266666667
2010-05-26,24.794898
2010-05-27,32.94187733333333
2010-05-28,43.22441533333333
2010-05-29,49.54260133333333
2010-05-30,48.07366733333333
2010-05-31,46.292068666666665
2010-06-01,45.08270533333334
2010-06-02,41.301232666666664
2010-06-03,38.92970066666667
2010-06-04,45.31867866666666
2010-06-05,55.49502866666666
2010-06-06,62.16717466666666
2010-06-07,63.24085333333333
2010-06-08,59.931327333333336
2010-06-09,57.677782
2010-06-10,52.551261333333336
2010-06-11,44.21550333333334
2010-06-12,37.87961933333333
2010-06-13,32.705904
2010-06-14,26.859664666666664
2010-06-15,23.131286
2010-06-16,22.183853066666668
2010-06-17,22.908881133333335
2010-06-18,23.804399933333332
2010-06-19,24.2869654
2010-06-20,24.01854573333333
2010-06-21,23.070522866666664
2010-06-22,21.209873133333332
2010-06-23,19.617643066666666
2010-06-24,18.867247866666663
2010-06-25,18.3758334
2010-06-26,17.971139133333335
2010-06-27,17.080929733333335
2010-06-28,15.913451666666667
2010-06-29,15.167186000000001
2010-06-30,14.344818933333334
2010-07-01,13.6876332
2010-07-02,13.191499266666668
2010-07-03,12.316628133333333
2010-07-04,11.0683292
2010-07-05,10.014708266666666
2010-07-06,9.0950022
2010-07-07,8.296232466666668
2010-07-08,8.011294666666666
2010-07-09,7.6225286
2010-07-10,7.027285866666666
2010-07-11,7.194237
2010-07-12,7.2190142
2010-07-13,6.719340666666667
2010-07-14,6.2686316
2010-07-15,5.853908466666667
2010-07-16,5.623834466666666
2010-07-17,5.4279766
2010-07-18,5.105283066666666
2010-07-19,4.8173956
2010-07-20,4.9324326
2010-07-21,5.547143133333333
2010-07-22,5.6084962
2010-07-23,4.938921866666667
2010-07-24,4.657523666666666
2010-07-25,4.658703533333333
2010-07-26,4.616818266666667
2010-07-27,4.614458533333333
2010-07-28,4.6439552
2010-07-29,4.657523666666666
2010-07-30,4.780819733333333
2010-07-31,5.061628
2010-08-01,5.292881866666667
2010-08-02,5.691086866666667
2010-08-03,5.951247466666666
2010-08-04,5.901103133333333
2010-08-05,5.730612399999999
2010-08-06,5.193773066666666
2010-08-07,4.871669466666667
2010-08-08,4.7878989333333335
2010-08-09,4.756042533333333
2010-08-10,5.246867066666667
2010-08-11,5.761878866666667
2010-08-12,5.763058733333334
2010-08-13,5.449804133333334
2010-08-14,4.867539933333333
2010-08-15,4.7094378
2010-08-16,5.194952933333333
2010-08-17,5.307040266666666
2010-08-18,5.0120736
2010-08-19,6.1382563333333335
2010-08-20,6.738218533333334
2010-08-21,5.734152000000001
2010-08-22,5.203801933333334
2010-08-23,4.862820466666666
2010-08-24,4.632746466666667
2010-08-25,4.5182994
2010-08-26,4.338369733333333
2010-08-27,4.041633266666667
2010-08-28,3.7572854
2010-08-29,3.529571133333333
2010-08-30,3.3991958666666666
2010-08-31,3.3561307333333334
2010-09-01,3.3142454666666663
2010-09-02,3.2304749333333334
2010-09-03,3.0629338666666666
2010-09-04,2.9178102666666668
2010-09-05,2.85167874
2010-09-06,2.7982897733333334
2010-09-07,2.833744766666667
2010-09-08,2.942587466666667
2010-09-09,2.92017
2010-09-10,2.7543397400000003
2010-09-11,2.4857430933333333
2010-09-12,2.2783815266666667
2010-09-13,2.3117127600000003
2010-09-14,2.38445154
2010-09-15,2.4045682666666663
2010-09-16,2.3778442866666665
2010-09-17,2.34126842
2010-09-18,2.29065214
2010-09-19,2.2488258666666665
2010-09-20,2.1488321666666668
2010-09-21,1.89421694
2010-09-22,1.7854332333333331
2010-09-23,1.84660932
2010-09-24,1.79705492
2010-09-25,1.7202456000000002
2010-09-26,1.6658537466666667
2010-09-27,1.6139986066666667
2010-09-28,1.5570110466666665
2010-09-29,1.5170135666666666
2010-09-30,1.4912924733333333
2010-10-01,1.4809686399999997
2010-10-02,1.48910972
2010-10-03,1.5508757400000002
2010-10-04,1.60839424
2010-10-05,1.6206058600000002
2010-10-06,1.68272584
2010-10-07,1.7900937066666665
2010-10-08,1.8382322666666664
2010-10-09,1.8047240533333333
2010-10-10,1.8204752733333331
2010-10-11,1.9907890266666666
2010-10-12,2.08464742
2010-10-13,1.9884882866666667
2010-10-14,1.9138027266666666
2010-10-15,1.88058948
2010-10-16,1.8649562466666663
2010-10-17,1.8602957733333332
2010-10-18,1.8768139066666665
2010-10-19,1.8997033200000002
2010-10-20,1.9316187133333331
2010-10-21,1.97297304
2010-10-22,2.0245922066666666
2010-10-23,2.16322654
2010-10-24,2.663254033333333
2010-10-25,3.235784333333333
2010-10-26,3.208057466666667
2010-10-27,2.86725298
2010-10-28,2.828435366666666
2010-10-29,3.026358
2010-10-30,3.1555534
2010-10-31,3.1726614666666664
2010-11-01,3.0210486000000003
2010-11-02,2.942587466666667
2010-11-03,3.0151492666666666
2010-11-04,3.043466066666667
2010-11-05,3.1667621333333336
2010-11-06,3.4747073333333334
2010-11-07,3.6133416666666665
2010-11-08,3.5396
2010-11-09,3.4039153333333334
2010-11-10,3.2157266
2010-11-11,3.0357969333333332
2010-11-12,2.9290190000000003
2010-11-13,3.0004009333333332
2010-11-14,3.1113084
2010-11-15,3.1862299333333333
2010-11-16,3.1986185333333332
2010-11-17,3.1602728666666664
2010-11-18,3.113668133333333
2010-11-19,3.1838702
2010-11-20,3.255252133333333
2010-11-21,3.0947902666666667
2010-11-22,2.853035586666667
2010-11-23,2.8906733333333334
2010-11-24,2.837579333333333
2010-11-25,2.6344652866666665
2010-11-26,2.7246071
2010-11-27,3.0918406
2010-11-28,3.1638124666666667
2010-11-29,3.0015808000000006
2010-11-30,3.0694231333333337
2010-12-01,3.061754
2010-12-02,2.9868324666666664
2010-12-03,2.974443866666667
2010-12-04,2.9585156666666665
2010-12-05,2.878284733333333
2010-12-06,2.8428887333333335
2010-12-07,2.70903286
2010-12-08,2.6502755
2010-12-09,2.8588169333333333
2010-12-10,2.874745133333333
2010-12-11,2.76230384
2010-12-12,2.671041153333333
2010-12-13,2.741538186666667
2010-12-14,2.803245213333333
2010-12-15,2.743779933333333
2010-12-16,2.5348255466666667
2010-12-17,2.526625473333333
2010-12-18,2.6857894866666663
2010-12-19,2.741538186666667
2010-12-20,2.701481713333333
2010-12-21,2.539545013333333
2010-12-22,2.5565350933333333
2010-12-23,2.4993705533333332
2010-12-24,2.3148984
2010-12-25,2.3595563533333332
2010-12-26,2.5347665533333332
2010-12-27,2.65098342
2010-12-28,2.6554669133333335
2010-12-29,2.6864974066666663
2010-12-30,2.6080952666666666
2010-12-31,2.3387317066666666
2011-01-01,2.1257067800000002
2011-01-02,2.14747532
2011-01-03,2.357491586666667
2011-01-04,2.4905805466666666
2011-01-05,2.55152066
2011-01-06,2.5906332400000003
2011-01-07,2.6021959333333333
2011-01-08,2.60921614
2011-01-09,2.5444414600000003
2011-01-10,2.381029926666667
2011-01-11,2.1657632533333335
2011-01-12,2.1363845733333333
2011-01-13,2.28622764
2011-01-14,2.3359000266666667
2011-01-15,2.3580815200000003
2011-01-16,2.3825637533333333
2011-01-17,2.3763694533333335
2011-01-18,2.29649248
2011-01-19,2.1782108466666665
2011-01-20,2.157799153333333
2011-01-21,2.210716173333333
2011-01-22,2.181160513333333
2011-01-23,2.1727244666666667
2011-01-24,2.18623394
2011-01-25,2.13420182
2011-01-26,2.089720846666667
2011-01-27,2.06394076
2011-01-28,2.1012835400000003
2011-01-29,2.1417529666666666
2011-01-30,2.1235830200000003
2011-01-31,2.0396945
2011-02-01,1.8980515066666666
2011-02-02,1.7849022933333334
2011-02-03,1.8779937733333334
2011-02-04,2.105236093333333
2011-02-05,2.158743046666667
2011-02-06,2.08199272
2011-02-07,2.07650634
2011-02-08,2.059929213333333
2011-02-09,1.9609973933333331
2011-02-10,1.915867493333333
2011-02-11,1.9765716333333334
2011-02-12,2.0281318066666665
2011-02-13,2.0540888733333333
2011-02-14,2.0831725866666666
2011-02-15,2.09048776
2011-02-16,2.0782171466666663
2011-02-17,2.0529090066666664
2011-02-18,2.05155216
2011-02-19,2.11951248
2011-02-20,2.12234416
2011-02-21,2.03403114
2011-02-22,2.0145043466666666
2011-02-23,2.05172914
2011-02-24,2.00659924
2011-02-25,1.9474289266666664
2011-02-26,1.9176372933333334
2011-02-27,1.8879636466666663
2011-02-28,1.8961637199999999
2011-03-01,1.9362791866666669
2011-03-02,1.9415295933333334
2011-03-03,1.93120576
2011-03-04,1.8959277466666666
2011-03-05,1.86572316
2011-03-06,1.8989953999999998
2011-03-07,1.9119739333333332
2011-03-08,1.8578770466666665
2011-03-09,1.7825425599999998
2011-03-10,1.7824245733333333
2011-03-11,1.8546914066666664
2011-03-12,1.963475113333333
2011-03-13,1.99686534
2011-03-14,2.0065402466666664
2011-03-15,2.0821697
2011-03-16,2.2596216466666665
2011-03-17,2.485566113333333
2011-03-18,2.53311474
2011-03-19,2.50833754
2011-03-20,2.501140353333333
2011-03-21,2.530931986666667
2011-03-22,2.4900496066666666
2011-03-23,2.3793781133333334
2011-03-24,2.327522973333333
2011-03-25,2.3481116466666667
2011-03-26,2.4215583466666666
2011-03-27,2.4696969066666665
2011-03-28,2.3656326666666665
2011-03-29,2.29790832
2011-03-30,2.40657404
2011-03-31,2.692455733333333
2011-04-01,3.0930204666666667
2011-04-02,3.7325082
2011-04-03,4.002107733333333
2011-04-04,3.7661344
2011-04-05,3.9832298666666666
2011-04-06,4.2056347333333335
2011-04-07,4.2994341333333335
2011-04-08,4.715927066666667
2011-04-09,5.0675273333333335
2011-04-10,4.907065466666666
2011-04-11,4.849841933333333
2011-04-12,5.0120736
2011-04-13,5.2970114
2011-04-14,5.471041733333333
2011-04-15,5.377832266666666
2011-04-16,6.223796666666666
2011-04-17,8.001855733333334
2011-04-18,9.764576533333333
2011-04-19,9.844217533333333
2011-04-20,9.3587024
2011-04-21,9.685525466666666
2011-04-22,9.248974800000001
2011-04-23,8.521587
2011-04-24,8.103324266666666
2011-04-25,7.9853376
2011-04-26,7.564715133333333
2011-04-27,6.944695199999999
2011-04-28,7.1340638
2011-04-29,7.3287417999999995
2011-04-30,6.971832133333333
2011-05-01,6.552979466666667
2011-05-02,6.312286666666666
2011-05-03,6.995429466666667
2011-05-04,8.867877866666666
2011-05-05,11.7125364
2011-05-06,15.781896533333333
2011-05-07,22.095363066666664
2011-05-08,28.673709666666667
2011-05-09,29.301398733333333
2011-05-10,25.778316866666668
2011-05-11,22.077665066666665
2011-05-12,18.817103533333334
2011-05-13,19.9261782
2011-05-14,23.28761833333333
2011-05-15,28.779897666666667
2011-05-16,34.08044866666667
2011-05-17,32.94187733333333
2011-05-18,28.343346999999998
2011-05-19,23.630369599999998
2011-05-20,20.0943092
2011-05-21,18.197673533333333
2011-05-22,18.26846553333333
2011-05-23,19.715571999999998
2011-05-24,20.43647053333333
2011-05-25,22.1897524
2011-05-26,25.7435108
2011-05-27,32.378491
2011-05-28,43.076932
2011-05-29,53.341772
2011-05-30,50.032245999999994
2011-05-31,41.89706533333333
2011-06-01,44.362986666666664
2011-06-02,49.43641333333333
2011-06-03,53.200188
2011-06-04,57.34152
2011-06-05,64.137552
2011-06-06,70.25516066666667
2011-06-07,72.243236
2011-06-08,70.95128199999999
2011-06-09,69.83040866666666
2011-06-10,68.95730733333333
2011-06-11,68.809824
2011-06-12,68.67413933333334
2011-06-13,68.119602
2011-06-14,67.54146733333333
2011-06-15,68.07240733333335
2011-06-16,70.57372466666666
2011-06-17,70.72710733333334
2011-06-18,67.181608
2011-06-19,63.105168666666664
2011-06-20,56.66309666666667
2011-06-21,53.47155733333333
2011-06-22,57.093748
2011-06-23,62.597826
2011-06-24,66.64476866666666
2011-06-25,66.86304399999999
2011-06-26,64.21424333333333
2011-06-27,60.94011333333333
2011-06-28,60.14370333333333
2011-06-29,62.237966666666665
2011-06-30,62.898692000000004
2011-07-01,59.707152666666666
2011-07-02,57.06425133333334
2011-07-03,56.23834466666667
2011-07-04,54.415450666666665
2011-07-05,53.235583999999996
2011-07-06,54.8638
2011-07-07,56.09086133333333
2011-07-08,55.63661266666667
2011-07-09,54.42724933333333
2011-07-10,51.18851533333333
2011-07-11,47.643015999999996
2011-07-12,45.466162
2011-07-13,42.988442
2011-07-14,39.01229133333333
2011-07-15,35.195422666666666
2011-07-16,31.909494
2011-07-17,30.582144
2011-07-18,30.717828666666666
2011-07-19,29.63058153333333
2011-07-20,27.365827466666662
2011-07-21,25.114641866666663
2011-07-22,22.67231786666667
2011-07-23,20.705480133333335
2011-07-24,19.483728199999998
2011-07-25,19.017680866666666
2011-07-26,18.591159066666666
2011-07-27,17.610689866666664
2011-07-28,16.364750666666666
2011-07-29,15.281633066666666
2011-07-30,14.511180133333333
2011-07-31,14.105305999999999
2011-08-01,13.813289
2011-08-02,13.863433333333333
2011-08-03,14.429769333333333
2011-08-04,14.032744200000002
2011-08-05,12.764977466666666
2011-08-06,11.743212933333332
2011-08-07,10.875421000000001
2011-08-08,9.988751200000001
2011-08-09,8.942209466666666
2011-08-10,7.689781
2011-08-11,6.761225933333333
2011-08-12,6.474518333333333
2011-08-13,6.3034376666666665
2011-08-14,6.256832933333333
2011-08-15,6.204918800000001
2011-08-16,5.980744133333332
2011-08-17,5.846829266666666
2011-08-18,5.848009133333332
2011-08-19,5.873966200000001
2011-08-20,5.958916599999999
2011-08-21,5.826771533333333
2011-08-22,5.445084666666666
2011-08-23,5.225039533333334
2011-08-24,5.183154266666667
2011-08-25,5.2079314666666665
2011-08-26,5.375472533333333
2011-08-27,5.778397000000001
2011-08-28,6.0474065999999995
2011-08-29,5.989593133333333
2011-08-30,5.8527286
2011-08-31,5.638582799999999
2011-09-01,5.455113533333333
2011-09-02,5.2704644
2011-09-03,5.0462897333333325
2011-09-04,4.8173956
2011-09-05,4.715337133333334
2011-09-06,4.7819996
2011-09-07,4.843352666666667
2011-09-08,4.827424466666667
2011-09-09,4.733625066666667
2011-09-10,4.547796066666667
2011-09-11,4.433349
2011-09-12,4.334830133333333
2011-09-13,4.248699866666667
2011-09-14,4.3684563333333335
2011-09-15,4.652804199999999
2011-09-16,4.8805184666666666
2011-09-17,5.322968466666667
2011-09-18,5.433875933333333
2011-09-19,4.841582866666666
2011-09-20,4.0953172
2011-09-21,3.6528672000000006
2011-09-22,3.6664356666666666
2011-09-23,3.626910133333333
2011-09-24,3.513642933333333
2011-09-25,3.3868072666666666
2011-09-26,3.2587917333333336
2011-09-27,3.1455245333333335
2011-09-28,3.0186888666666665
2011-09-29,2.9313787333333337
2011-09-30,2.9030619333333334
2011-10-01,2.874745133333333
2011-10-02,2.8599968
2011-10-03,2.927839133333333
2011-10-04,3.2458132
2011-10-05,3.7690840666666667
2011-10-06,4.0493024
2011-10-07,3.8457754000000004
2011-10-08,3.529571133333333
2011-10-09,3.3991958666666666
2011-10-10,3.3561307333333334
2011-10-11,3.3685193333333334
2011-10-12,3.3573106
2011-10-13,3.299497133333333
2011-10-14,3.2983172666666665
2011-10-15,3.3266340666666667
2011-10-16,3.3685193333333334
2011-10-17,3.398016
2011-10-18,3.3166052
2011-10-19,3.3909368
2011-10-20,3.486506
2011-10-21,3.3301736666666666
2011-10-22,3.161452733333333
2011-10-23,3.017509
2011-10-24,3.0139694
2011-10-25,3.3160152666666662
2011-10-26,3.3927066
2011-10-27,2.991020993333333
2011-10-28,2.7555196066666667
2011-10-29,2.73717268
2011-10-30,2.7487943666666665
2011-10-31,2.72850066
2011-11-01,2.76478156
2011-11-02,2.5661510066666664
2011-11-03,2.4215583466666666
2011-11-04,2.712808433333333
2011-11-05,2.7322762333333332
2011-11-06,2.4663342866666667
2011-11-07,2.3019198666666667
2011-11-08,2.1759691
2011-11-09,2.09738998
2011-11-10,2.20216214
2011-11-11,2.4145971333333334
2011-11-12,2.5196052666666664
2011-11-13,2.5275693666666665
2011-11-14,2.4998425
2011-11-15,2.4478693733333334
2011-11-16,2.34622386
2011-11-17,2.3089990666666664
2011-11-18,2.355721786666667
2011-11-19,2.3589074266666668
2011-11-20,2.34374614
2011-11-21,2.31419048
2011-11-22,2.2815671666666666
2011-11-23,2.28162616
2011-11-24,2.273544073333333
2011-11-25,2.2183853066666663
2011-11-26,2.0898388333333333
2011-11-27,2.0445909466666667
2011-11-28,2.1151469733333332
2011-11-29,2.0950302466666666
2011-11-30,2.0428211466666664
2011-12-01,1.95633692
2011-12-02,1.9473109400000002
2011-12-03,2.0319663733333333
2011-12-04,1.9176372933333334
2011-12-05,1.648686686666667
2011-12-06,1.5642672266666668
2011-12-07,1.6449111133333334
2011-12-08,1.6931086666666666
2011-12-09,1.6840826866666667
2011-12-10,1.6651458266666666
2011-12-11,1.6730509333333334
2011-12-12,1.7716877866666667
2011-12-13,1.79687794
2011-12-14,1.65246226
2011-12-15,1.53654036
2011-12-16,1.5072206733333333
2011-12-17,1.5858587866666667
2011-12-18,1.6672695866666665
2011-12-19,1.69422954
2011-12-20,1.6980051133333334
2011-12-21,1.5804903933333334
2011-12-22,1.3730698333333333
2011-12-23,1.2959655466666666
2011-12-24,1.3656956666666666
2011-12-25,1.4646864800000001
2011-12-26,1.5299921
2011-12-27,1.5446224466666667
2011-12-28,1.6003711466666666
2011-12-29,1.5711694466666666
2011-12-30,1.4725915866666666
2011-12-31,1.40451328
2012-01-01,1.3689992933333333
2012-01-02,1.4534777466666666
2012-01-03,1.51176316
2012-01-04,1.5192553133333335
2012-01-05,1.5164236333333332
2012-01-06,1.50680772
2012-01-07,1.4830334066666664
2012-01-08,1.4057521399999997
2012-01-09,1.35973734
2012-01-10,1.40628308
2012-01-11,1.25779686
2012-01-12,1.1218172266666668
2012-01-13,1.2690055933333335
2012-01-14,1.3947203866666669
2012-01-15,1.4407351866666664
2012-01-16,1.4161349666666665
2012-01-17,1.3964311933333333
2012-01-18,1.4771340733333334
2012-01-19,1.53760224
2012-01-20,1.53760224
2012-01-21,1.5498138600000002
2012-01-22,1.56308736
2012-01-23,1.5712284399999998
2012-01-24,1.6153554533333334
2012-01-25,1.6998339066666668
2012-01-26,1.7282686933333335
2012-01-27,1.6626091133333334
2012-01-28,1.70237062
2012-01-29,1.8427747533333332
2012-01-30,1.86997068
2012-01-31,1.84342368
2012-02-01,1.801361433333333
2012-02-02,1.68237188
2012-02-03,1.5945897999999998
2012-02-04,1.6237325066666666
2012-02-05,1.6880942333333333
2012-02-06,1.7077390133333334
2012-02-07,1.69776914
2012-02-08,1.6879172533333333
2012-02-09,1.6847316133333334
2012-02-10,1.6998929
2012-02-11,1.7552286466666667
2012-02-12,1.8226580266666665
2012-02-13,1.8326868933333333
2012-02-14,1.8057269399999998
2012-02-15,1.8100924466666664
2012-02-16,1.8414769
2012-02-17,1.8547503999999997
2012-02-18,1.8547503999999997
2012-02-19,1.8547503999999997
2012-02-20,1.845252473333333
2012-02-21,1.8118622466666665
2012-02-22,1.7732216133333332
2012-02-23,1.79917868
2012-02-24,1.84342368
2012-02-25,1.8420668333333332
2012-02-26,1.8392351533333333
2012-02-27,1.8350466266666665
2012-02-28,1.7778230933333334
2012-02-29,1.743253
2012-03-01,1.7467336066666668
2012-03-02,1.7515120666666666
2012-03-03,1.8287343399999998
2012-03-04,1.8733332999999999
2012-03-05,1.82006232
2012-03-06,1.7778230933333334
2012-03-07,1.7543437466666667
2012-03-08,1.7187117733333332
2012-03-09,1.74608468
2012-03-10,1.8201213133333332
2012-03-11,1.8893794866666667
2012-03-12,1.9587556466666667
2012-03-13,2.1015195133333333
2012-03-14,2.251657546666667
2012-03-15,2.4517629333333333
2012-03-16,2.740830266666667
2012-03-17,2.9697244
2012-03-18,2.8560442466666665
2012-03-19,2.5453853533333333
2012-03-20,2.5374802466666666
2012-03-21,2.8113273000000003
2012-03-22,3.1915393333333335
2012-03-23,3.669385333333333
2012-03-24,4.2899952
2012-03-25,5.118851533333333
2012-03-26,5.947117933333334
2012-03-27,6.476288133333334
2012-03-28,7.035544933333333
2012-03-29,7.798918666666666
2012-03-30,8.4968098
2012-03-31,9.227147266666668
2012-04-01,9.8471672
2012-04-02,8.9658068
2012-04-03,7.367677399999999
2012-04-04,7.098077866666666
2012-04-05,7.1169557333333335
2012-04-06,6.5960446
2012-04-07,6.150644933333333
2012-04-08,6.193120133333334
2012-04-09,6.72524
2012-04-10,7.825465666666666
2012-04-11,9.4914374
2012-04-12,9.565769
2012-04-13,8.0667484
2012-04-14,7.2437914
2012-04-15,6.7376286
2012-04-16,6.1836812
2012-04-17,5.958916599999999
2012-04-18,5.989593133333333
2012-04-19,5.920570933333333
2012-04-20,5.848009133333332
2012-04-21,6.348862533333333
2012-04-22,7.736975666666666
2012-04-23,9.315047333333334
2012-04-24,10.4188126
2012-04-25,10.762743733333332
2012-04-26,11.436447600000001
2012-04-27,10.8081686
2012-04-28,8.472622533333334
2012-04-29,7.345849866666666
2012-04-30,7.023746266666667
2012-05-01,6.709311800000001
2012-05-02,6.426733733333333
2012-05-03,7.0261059999999995
2012-05-04,8.459643999999999
2012-05-05,9.724461066666665
2012-05-06,9.920318933333332
2012-05-07,9.263723133333334
2012-05-08,8.521587
2012-05-09,8.279714333333333
2012-05-10,9.031879333333334
2012-05-11,10.4612878
2012-05-12,11.3762744
2012-05-13,11.770349866666669
2012-05-14,12.481219533333332
2012-05-15,13.825087666666667
2012-05-16,14.385524333333334
2012-05-17,14.084658333333335
2012-05-18,13.425702800000002
2012-05-19,12.208670333333332
2012-05-20,12.172094466666666
2012-05-21,13.592653933333333
2012-05-22,15.358914333333333
2012-05-23,14.892277066666665
2012-05-24,12.273563000000001
2012-05-25,10.4135032
2012-05-26,10.2082064
2012-05-27,10.3586394
2012-05-28,9.961024333333333
2012-05-29,10.122076133333334
2012-05-30,10.817607533333332
2012-05-31,11.658852466666666
2012-06-01,12.869395666666668
2012-06-02,13.1035992
2012-06-03,12.477679933333333
2012-06-04,12.374441600000003
2012-06-05,12.225188466666665
2012-06-06,11.642334333333332
2012-06-07,10.723808133333334
2012-06-08,10.086680133333333
2012-06-09,9.722101333333333
2012-06-10,8.970526266666665
2012-06-11,8.0844464
2012-06-12,7.5133909333333335
2012-06-13,7.101027533333333
2012-06-14,6.732909133333333
2012-06-15,6.337653800000001
2012-06-16,6.007881066666666
2012-06-17,5.822052066666667
2012-06-18,5.653331133333334
2012-06-19,5.360134266666666
2012-06-20,4.963699066666666
2012-06-21,4.5944008
2012-06-22,4.308873066666667
2012-06-23,4.177317933333334
2012-06-24,4.094727266666667
2012-06-25,3.9395748000000004
2012-06-26,3.9324955999999998
2012-06-27,4.115964866666666
2012-06-28,4.1377923999999995
2012-06-29,3.940754666666667
2012-06-30,3.6735148666666664
2012-07-01,3.4434408666666663
2012-07-02,3.3154253333333332
2012-07-03,3.3378428
2012-07-04,3.4534697333333333
2012-07-05,3.415124066666667
2012-07-06,3.884121066666667
2012-07-07,4.3112328
2012-07-08,4.364916733333334
2012-07-09,4.181447466666667
2012-07-10,3.682363866666666
2012-07-11,3.6528672000000006
2012-07-12,3.6121618000000004
2012-07-13,3.5272114
2012-07-14,3.550808733333333
2012-07-15,3.5431396
2012-07-16,3.4275126666666664
2012-07-17,3.3573106
2012-07-18,3.2316548
2012-07-19,3.0753224666666665
2012-07-20,2.9608754000000004
2012-07-21,2.8894934666666665
2012-07-22,2.8030092399999997
2012-07-23,2.71257246
2012-07-24,2.6666756466666666
2012-07-25,2.5866806866666665
2012-07-26,2.41560002
2012-07-27,2.4284605666666668
2012-07-28,2.5830231
2012-07-29,2.55629912
2012-07-30,2.4760681866666667
2012-07-31,2.8481981333333333
2012-08-01,3.434001933333333
2012-08-02,3.4876858666666664
2012-08-03,3.083404553333333
2012-08-04,2.7003018466666666
2012-08-05,2.6492726133333333
2012-08-06,2.8877236666666666
2012-08-07,3.141984933333333
2012-08-08,3.0900708
2012-08-09,2.819763346666667
2012-08-10,2.547509113333333
2012-08-11,2.39312356
2012-08-12,2.3121257133333333
2012-08-13,2.5413148133333334
2012-08-14,2.8788746666666665
2012-08-15,2.8850689666666667
2012-08-16,2.782420566666666
2012-08-17,2.788614866666667
2012-08-18,2.69345862
2012-08-19,2.5278643333333335
2012-08-20,2.4288735200000002
2012-08-21,2.337787813333333
2012-08-22,2.27206924
2012-08-23,2.29843926
2012-08-24,2.342389293333333
2012-08-25,2.3167861866666666
2012-08-26,2.33755184
2012-08-27,2.4041553133333333
2012-08-28,2.4692839533333335
2012-08-29,2.5181304333333334
2012-08-30,2.4909345066666666
2012-08-31,2.28091824
2012-09-01,2.0388096
2012-09-02,1.917814273333333
2012-09-03,1.8388222
2012-09-04,1.7810677266666666
2012-09-05,1.6928726933333333
2012-09-06,1.5904602666666667
2012-09-07,1.5405519066666666
2012-09-08,1.5118221533333331
2012-09-09,1.5000824799999999
2012-09-10,1.5734111933333335
2012-09-11,1.9568088666666668
2012-09-12,2.2467611
2012-09-13,1.9049537266666665
2012-09-14,1.5485749999999998
2012-09-15,1.4472834466666666
2012-09-16,1.4031564333333335
2012-09-17,1.4084658333333333
2012-09-18,1.3574955933333335
2012-09-19,1.2221648866666666
2012-09-20,1.1114344
2012-09-21,1.0339761533333334
2012-09-22,1.00860902
2012-09-23,1.0782211533333335
2012-09-24,1.1610477933333334
2012-09-25,1.2505996733333333
2012-09-26,1.35177324
2012-09-27,1.4394373333333332
2012-09-28,1.5788975733333332
2012-09-29,1.681899933333333
2012-09-30,1.7079159933333334
2012-10-01,1.62715412
2012-10-02,1.4171378533333332
2012-10-03,1.3152563666666666
2012-10-04,1.3384407466666666
2012-10-05,1.3837476266666666
2012-10-06,1.4304113533333336
2012-10-07,1.47583622
2012-10-08,1.496601873333333
2012-10-09,1.4978407333333335
2012-10-10,1.4817945466666667
2012-10-11,1.4787858866666665
2012-10-12,1.5495188933333335
2012-10-13,1.6082762533333332
2012-10-14,1.5759479066666666
2012-10-15,1.4670462133333333
2012-10-16,1.4704088333333332
2012-10-17,1.4963658999999998
2012-10-18,1.43813948
2012-10-19,1.4659843333333331
2012-10-20,1.4947730799999999
2012-10-21,1.5144768533333333
2012-10-22,1.5561261466666665
2012-10-23,1.57636086
2012-10-24,1.5712284399999998
2012-10-25,1.5542973533333333
2012-10-26,1.5072796666666666
2012-10-27,1.5069847
2012-10-28,1.54538936
2012-10-29,1.5644442066666666
2012-10-30,1.5699895799999999
2012-10-31,1.5839120066666668
2012-11-01,1.58609476
2012-11-02,1.5596067533333333
2012-11-03,1.5214380666666667
2012-11-04,1.5062177866666666
2012-11-05,1.4863370333333332
2012-11-06,1.370120166666667
2012-11-07,1.27018546
2012-11-08,1.30239582
2012-11-09,1.3774943333333332
2012-11-10,1.4226242333333332
2012-11-11,1.4978407333333335
2012-11-12,1.7045533733333331
2012-11-13,1.8735102799999999
2012-11-14,1.9380489866666666
2012-11-15,1.9739169333333333
2012-11-16,2.035859933333333
2012-11-17,2.1435227666666665
2012-11-18,2.199389453333333
2012-11-19,2.1481242466666663
2012-11-20,1.9939746666666665
2012-11-21,1.8693217533333335
2012-11-22,1.79510814
2012-11-23,1.7410702466666665
2012-11-24,1.6698652933333333
2012-11-25,1.6170072666666666
2012-11-26,1.5747090466666667
2012-11-27,1.5631463533333332
2012-11-28,1.6391297666666667
2012-11-29,1.6753516733333331
2012-11-30,1.7057332399999998
2012-12-01,1.7065591466666667
2012-12-02,1.7122814999999998
2012-12-03,1.7304514466666667
2012-12-04,1.7012497466666667
2012-12-05,1.7960520333333332
2012-12-06,1.8355775666666665
2012-12-07,1.7608920066666667
2012-12-08,1.6435542666666667
2012-12-09,1.3831576933333334
2012-12-10,1.3746626533333333
2012-12-11,1.55459232
2012-12-12,1.6102230333333332
2012-12-13,1.63812688
2012-12-14,1.6637889799999999
2012-12-15,1.6840236933333335
2012-12-16,1.6026718866666665
2012-12-17,1.6488046733333332
2012-12-18,1.6435542666666667
2012-12-19,1.3397385999999998
2012-12-20,1.1890696266666667
2012-12-21,1.2657609600000002
2012-12-22,1.32681906
2012-12-23,1.4433898866666668
2012-12-24,1.4477553933333331
2012-12-25,1.3429832333333334
2012-12-26,1.3643978133333332
2012-12-27,1.4157810066666665
2012-12-28,1.32894282
2012-12-29,1.31620026
2012-12-30,1.4177867800000001
2012-12-31,1.38168286
2013-01-01,1.2459981933333333
2013-01-02,1.13585764
2013-01-03,1.06028718
2013-01-04,1.0999896933333335
2013-01-05,1.1614017533333334
2013-01-06,1.2258224733333332
2013-01-07,1.3052275
2013-01-08,1.3192679133333334
2013-01-09,1.26682284
2013-01-10,1.2402758399999998
2013-01-11,1.2443463799999999
2013-01-12,1.26505304
2013-01-13,1.26646888
2013-01-14,1.1972107066666664
2013-01-15,1.192727213333333
2013-01-16,1.2541982666666665
2013-01-17,1.2750229133333333
2013-01-18,1.29124608
2013-01-19,1.2858186933333335
2013-01-20,1.2744919733333333
2013-01-21,1.2685926399999998
2013-01-22,1.2645221
2013-01-23,1.24788598
2013-01-24,1.2115460866666667
2013-01-25,1.2095403133333333
2013-01-26,1.2780315733333334
2013-01-27,1.3021598466666664
2013-01-28,1.28522876
2013-01-29,1.2805092933333333
2013-01-30,1.3105369
2013-01-31,1.3524221666666667
2013-02-01,1.31248368
2013-02-02,1.2906561466666666
2013-02-03,1.29319286
2013-02-04,1.29213098
2013-02-05,1.3311845666666666
2013-02-06,1.3388536999999998
2013-02-07,1.3140175066666666
2013-02-08,1.32735
2013-02-09,1.3192679133333334
2013-02-10,1.3075282400000001
2013-02-11,1.2655249866666665
2013-02-12,1.21284394
2013-02-13,1.2898892333333334
2013-02-14,1.31443046
2013-02-15,1.2589767266666667
2013-02-16,1.2543162533333334
2013-02-17,1.26133646
2013-02-18,1.2345534866666668
2013-02-19,1.21284394
2013-02-20,1.2356153666666667
2013-02-21,1.21337488
2013-02-22,1.1549124866666667
2013-02-23,1.17054572
2013-02-24,1.1890106333333332
2013-02-25,1.18948258
2013-02-26,1.2258814666666666
2013-02-27,1.23585134
2013-02-28,1.2307779133333334
2013-03-01,1.2177403866666667
2013-03-02,1.19850856
2013-03-03,1.17674002
2013-03-04,1.17231552
2013-03-05,1.2008093
2013-03-06,1.2209260266666666
2013-03-07,1.20505682
2013-03-08,1.20063232
2013-03-09,1.2142007866666666
2013-03-10,1.2316628133333334
2013-03-11,1.2644631066666665
2013-03-12,1.262988273333333
2013-03-13,1.2641091466666665
2013-03-14,1.3311845666666666
2013-03-15,1.4107665733333332
2013-03-16,1.4708807799999999
2013-03-17,1.3884670933333334
2013-03-18,1.30628938
2013-03-19,1.2897122533333334
2013-03-20,1.3671705
2013-03-21,1.33602202
2013-03-22,1.2388010066666666
2013-03-23,1.2527234333333332
2013-03-24,1.2083014533333334
2013-03-25,1.29000722
2013-03-26,1.4038643533333335
2013-03-27,1.4134212733333333
2013-03-28,1.4463985466666667
2013-03-29,1.5224409533333334
2013-03-30,1.612523773333333
2013-03-31,1.8980515066666666
2013-04-01,2.11827362
2013-04-02,2.1926642133333334
2013-04-03,2.3511203066666666
2013-04-04,2.6579446333333334
2013-04-05,3.009249933333333
2013-04-06,3.415714
2013-04-07,3.6133416666666665
2013-04-08,3.5667369333333334
2013-04-09,3.21360284
2013-04-10,2.69593634
2013-04-11,2.5812532999999998
2013-04-12,2.5252686266666666
2013-04-13,2.710743666666666
2013-04-14,2.8932100466666664
2013-04-15,2.7179998466666664
2013-04-16,2.8446585333333334
2013-04-17,2.8422988
2013-04-18,2.4045092733333333
2013-04-19,2.3406784866666666
2013-04-20,2.5033821
2013-04-21,2.8125071666666663
2013-04-22,3.2505326666666665
2013-04-23,3.2351943999999997
2013-04-24,3.410994533333333
2013-04-25,4.3643268
2013-04-26,6.109939533333333
2013-04-27,8.216001533333333
2013-04-28,10.327962866666667
2013-04-29,13.0469656
2013-04-30,14.1106154
2013-05-01,11.852940533333333
2013-05-02,9.345723866666667
2013-05-03,9.042498133333334
2013-05-04,10.111457333333334
2013-05-05,11.153869533333333
2013-05-06,11.7036874
2013-05-07,11.6328954
2013-05-08,11.086027199999998
2013-05-09,10.433560933333334
2013-05-10,9.729180533333333
2013-05-11,9.994650533333333
2013-05-12,12.6045156
2013-05-13,18.276134666666668
2013-05-14,24.53532733333333
2013-05-15,27.788809666666666
2013-05-16,30.228184
2013-05-17,33.08346133333333
2013-05-18,31.41395
2013-05-19,24.504060866666666
2013-05-20,18.55517313333333
2013-05-21,15.7795368
2013-05-22,15.681607866666667
2013-05-23,19.006472133333332
2013-05-24,24.431499066666664
2013-05-25,28.658961333333334
2013-05-26,31.372654666666666
2013-05-27,32.711803333333336
2013-05-28,29.986311333333333
2013-05-29,24.375455400000003
2013-05-30,19.680765933333333
2013-05-31,17.4077528
2013-06-01,18.07083786666667
2013-06-02,21.580351266666668
2013-06-03,25.788935666666664
2013-06-04,29.514364666666665
2013-06-05,33.059864
2013-06-06,34.829664
2013-06-07,33.879871333333334
2013-06-08,33.797280666666666
2013-06-09,35.236718
2013-06-10,35.407798666666665
2013-06-11,33.755985333333335
2013-06-12,30.924305333333333
2013-06-13,28.25544693333333
2013-06-14,26.713361199999998
2013-06-15,24.765401333333333
2013-06-16,22.4481432
2013-06-17,21.33375913333333
2013-06-18,19.8447674
2013-06-19,17.992966666666664
2013-06-20,16.094561199999998
2013-06-21,14.510590200000001
2013-06-22,13.426292733333334
2013-06-23,12.494198066666668
2013-06-24,11.055350666666667
2013-06-25,9.848937000000001
2013-06-26,9.5055958
2013-06-27,9.237176133333334
2013-06-28,9.0896928
2013-06-29,9.0489874
2013-06-30,8.706236133333332
2013-07-01,7.866171066666666
2013-07-02,7.183618199999999
2013-07-03,6.874493133333334
2013-07-04,6.628490933333333
2013-07-05,6.338833666666666
2013-07-06,5.979564266666666
2013-07-07,5.902283
2013-07-08,5.675158666666667
2013-07-09,5.2309388666666665
2013-07-10,4.919454066666666
2013-07-11,4.6486746666666665
2013-07-12,4.503551066666667
2013-07-13,4.5961706
2013-07-14,4.6882002
2013-07-15,4.9967353333333335
2013-07-16,5.3937604666666665
2013-07-17,5.327098
2013-07-18,5.4014296
2013-07-19,5.198492533333333
2013-07-20,4.595580666666666
2013-07-21,4.185576999999999
2013-07-22,3.8150988666666663
2013-07-23,3.6664356666666666
2013-07-24,3.667615533333333
2013-07-25,3.6121618000000004
2013-07-26,3.5950537333333332
2013-07-27,5.3341772
2013-07-28,7.613089666666667
2013-07-29,7.039084533333333
2013-07-30,5.456883333333334
2013-07-31,4.941871533333333
2013-08-01,5.0899448
2013-08-02,4.887007733333333
2013-08-03,4.4740544
2013-08-04,4.528328266666667
2013-08-05,4.9536702
2013-08-06,5.8810454000000005
2013-08-07,6.252703400000001
2013-08-08,5.787246
2013-08-09,5.263975133333333
2013-08-10,4.8209352
2013-08-11,4.535407466666666
2013-08-12,4.390283866666667
2013-08-13,4.3200818
2013-08-14,4.384384533333333
2013-08-15,4.3938234666666665
2013-08-16,4.1130152
2013-08-17,3.8953298000000003
2013-08-18,3.8375163333333333
2013-08-19,3.7142202666666666
2013-08-20,3.569096666666667
2013-08-21,3.5667369333333334
2013-08-22,3.569096666666667
2013-08-23,3.526031533333333
2013-08-24,3.457009333333333
2013-08-25,3.343742133333333
2013-08-26,3.2440434000000002
2013-08-27,3.0776822
2013-08-28,2.9449472
2013-08-29,2.9856526
2013-08-30,3.043466066666667
2013-08-31,3.1260567333333333
2013-09-01,3.2540722666666664
2013-09-02,3.2045178666666665
2013-09-03,3.0322573333333334
2013-09-04,2.959695533333333
2013-09-05,2.8825322533333337
2013-09-06,2.7753413666666664
2013-09-07,2.6810110266666665
2013-09-08,2.5367723266666666
2013-09-09,2.482970406666667
2013-09-10,2.56125456
2013-09-11,2.6617792000000002
2013-09-12,4.245455233333334
2013-09-13,5.9713052
2013-09-14,5.5713304
2013-09-15,5.148938133333333
2013-09-16,5.036260866666667
2013-09-17,4.7041284
2013-09-18,6.962983133333332
2013-09-19,8.239008933333333
2013-09-20,6.418474666666666
2013-09-21,6.367150466666666
2013-09-22,8.913892666666667
2013-09-23,10.3303226
2013-09-24,9.1162398
2013-09-25,8.548723933333333
2013-09-26,8.146389399999999
2013-09-27,7.782990466666667
2013-09-28,7.3694472
2013-09-29,6.934666333333333
2013-09-30,6.355941733333332
2013-10-01,5.719403666666667
2013-10-02,5.271644266666667
2013-10-03,5.072246799999999
2013-10-04,4.8209352
2013-10-05,4.576112866666667
2013-10-06,4.597350466666667
2013-10-07,4.795568066666667
2013-10-08,4.803827133333333
2013-10-09,4.768431133333333
2013-10-10,5.018562866666667
2013-10-11,5.305270466666667
2013-10-12,5.218550266666667
2013-10-13,5.120621333333333
2013-10-14,5.238608
2013-10-15,5.048649466666666
2013-10-16,4.692919666666667
2013-10-17,4.598530333333333
2013-10-18,4.482313466666667
2013-10-19,4.3436791333333336
2013-10-20,4.363146933333334
2013-10-21,4.209174333333333
2013-10-22,4.092367533333333
2013-10-23,4.0776192
2013-10-24,4.0776192
2013-10-25,4.0776192
2013-10-26,4.0776192
2013-10-27,4.145461533333333
2013-10-28,4.110655466666667
2013-10-29,4.0740796
2013-10-30,4.067590333333333
2013-10-31,3.964352
2013-11-01,3.706551133333333
2013-11-02,3.5484489999999997
2013-11-03,3.694752466666666
2013-11-04,3.6687954
2013-11-05,3.1360856
2013-11-06,2.8086726
2013-11-07,3.2334245999999998
2013-11-08,3.3732387999999998
2013-11-09,3.2169064666666665
2013-11-10,3.129596333333333
2013-11-11,3.1012795333333334
2013-11-12,3.0593942666666667
2013-11-13,3.1927192000000004
2013-11-14,3.2204460666666663
2013-11-15,3.2888783333333333
2013-11-16,3.3225045333333334
2013-11-17,3.2629212666666665
2013-11-18,3.5360604
2013-11-19,3.8280773999999997
2013-11-20,3.9814600666666666
2013-11-21,3.8398760666666667
2013-11-22,3.6847236
2013-11-23,3.569096666666667
2013-11-24,3.4039153333333334
2013-11-25,3.0257680666666666
2013-11-26,2.75876424
2013-11-27,2.865896133333333
2013-11-28,2.9880123333333333
2013-11-29,2.8918532
2013-11-30,2.830500133333333
2013-12-01,3.049955333333333
2013-12-02,3.229295066666667
2013-12-03,2.966420773333333
2013-12-04,2.5865627
2013-12-05,2.48196752
2013-12-06,2.503795053333333
2013-12-07,2.575884906666667
2013-12-08,2.5535854266666664
2013-12-09,2.34533896
2013-12-10,2.3830357
2013-12-11,2.4442117866666666
2013-12-12,2.4009696733333334
2013-12-13,2.4830883933333334
2013-12-14,2.5421407200000004
2013-12-15,2.582905113333333
2013-12-16,2.60797728
2013-12-17,2.6201889
2013-12-18,2.6633130266666667
2013-12-19,2.69575936
2013-12-20,2.6781203533333335
2013-12-21,2.64266536
2013-12-22,2.601900966666667
2013-12-23,2.5429076333333334
2013-12-24,2.40020276
2013-12-25,2.26074252
2013-12-26,2.3115357800000003
2013-12-27,2.4213813666666666
2013-12-28,2.4656853599999997
2013-12-29,2.4562464266666666
2013-12-30,2.421322373333333
2013-12-31,2.4208504266666666
2014-01-01,2.3494095
2014-01-02,2.265344
2014-01-03,2.32233156
2014-01-04,2.27844052
2014-01-05,2.054855786666667
2014-01-06,1.9802882133333333
2014-01-07,2.1509559266666667
2014-01-08,2.28516576
2014-01-09,2.2539582866666668
2014-01-10,2.2213939666666667
2014-01-11,2.2187982600000002
2014-01-12,2.1872368266666666
2014-01-13,2.1794497066666665
2014-01-14,2.128420473333333
2014-01-15,2.0228813999999997
2014-01-16,1.9827659333333332
2014-01-17,1.98429976
2014-01-18,1.9938566800000002
2014-01-19,2.0107877666666663
2014-01-20,1.9994610466666665
2014-01-21,1.95669088
2014-01-22,2.004180513333333
2014-01-23,1.96217726
2014-01-24,1.8984054666666665
2014-01-25,1.95191242
2014-01-26,1.9665427666666666
2014-01-27,1.9123868866666667
2014-01-28,1.82342494
2014-01-29,1.8440136133333331
2014-01-30,1.8512107999999998
2014-01-31,1.8062578800000002
2014-02-01,1.7771151733333335
2014-02-02,1.8077327133333332
2014-02-03,1.888612573333333
2014-02-04,1.869852693333333
2014-02-05,1.8530395933333332
2014-02-06,1.8509158333333333
2014-02-07,1.8093845266666666
2014-02-08,1.7686791266666668
2014-02-09,1.7097447866666666
2014-02-10,1.6428463466666667
2014-02-11,1.6622551533333334
2014-02-12,1.6636119999999999
2014-02-13,1.6092201466666667
2014-02-14,1.5600787
2014-02-15,1.5643852133333331
2014-02-16,1.6054445733333333
2014-02-17,1.6233195533333333
2014-02-18,1.6368290266666667
2014-02-19,1.6243814333333333
2014-02-20,1.6181281399999998
2014-02-21,1.6334074133333332
2014-02-22,1.6465629266666666
2014-02-23,1.6426103733333335
2014-02-24,1.64892266
2014-02-25,1.70290156
2014-02-26,1.7593581800000002
2014-02-27,1.7739885266666666
2014-02-28,1.78767498
2014-03-01,1.7792389333333334
2014-03-02,1.73935944
2014-03-03,1.6918108133333334
2014-03-04,1.6878582599999998
2014-03-05,1.6767675133333333
2014-03-06,1.7178858666666665
2014-03-07,1.7620718733333334
2014-03-08,1.6518723266666668
2014-03-09,1.6226116333333334
2014-03-10,1.7189477466666665
2014-03-11,1.72573198
2014-03-12,1.6580076333333331
2014-03-13,1.7230182866666668
2014-03-14,1.78714404
2014-03-15,1.7715108066666667
2014-03-16,1.7817756466666665
2014-03-17,1.8036621733333333
2014-03-18,1.7564085133333334
2014-03-19,1.7167649933333333
2014-03-20,1.7899757200000002
2014-03-21,1.8939809666666667
2014-03-22,1.8501489199999999
2014-03-23,1.7921584733333333
2014-03-24,1.8783477333333332
2014-03-25,2.0218785133333332
2014-03-26,2.1523717666666666
2014-03-27,2.1926052200000004
2014-03-28,2.0674803600000002
2014-03-29,2.0093129333333333
2014-03-30,2.0987468266666665
2014-03-31,2.1615747266666667
2014-04-01,2.1802756133333334
2014-04-02,2.1178606666666666
2014-04-03,1.9812911
2014-04-04,1.9702593466666665
2014-04-05,2.1564423066666665
2014-04-06,2.3584944733333333
2014-04-07,2.6093341266666665
2014-04-08,3.2148416999999996
2014-04-09,4.513579933333333
2014-04-10,6.380718933333333
2014-04-11,8.958137666666667
2014-04-12,11.074228533333333
2014-04-13,10.963321066666666
2014-04-14,9.635381133333333
2014-04-15,9.211809
2014-04-16,9.548071
2014-04-17,10.936184133333335
2014-04-18,13.764914466666667
2014-04-19,17.821886000000003
2014-04-20,24.322951333333332
2014-04-21,31.042292
2014-04-22,33.15425333333334
2014-04-23,31.207473333333336
2014-04-24,30.682432666666667
2014-04-25,33.478716666666664
2014-04-26,33.49641466666667
2014-04-27,28.500859199999997
2014-04-28,23.21210686666667
2014-04-29,19.582837
2014-04-30,17.417191733333333
2014-05-01,16.596004533333332
2014-05-02,17.50037233333333
2014-05-03,20.989828
2014-05-04,26.154694333333335
2014-05-05,30.239982666666666
2014-05-06,32.393239333333334
2014-05-07,31.502440000000004
2014-05-08,27.222473666666662
2014-05-09,23.1507538
2014-05-10,21.541415666666666
2014-05-11,20.782171466666664
2014-05-12,19.088472866666667
2014-05-13,17.3015648
2014-05-14,15.765968333333333
2014-05-15,14.7849092
2014-05-16,15.3477056
2014-05-17,18.8235928
2014-05-18,23.93536513333333
2014-05-19,29.125008666666663
2014-05-20,35.808953333333335
2014-05-21,38.96509666666667
2014-05-22,38.906103333333334
2014-05-23,40.18625866666667
2014-05-24,42.268723333333334
2014-05-25,40.634608
2014-05-26,38.58753933333333
2014-05-27,44.82313466666667
2014-05-28,54.857900666666666
2014-05-29,62.89279266666666
2014-05-30,65.96634533333334
2014-05-31,67.48247400000001
2014-06-01,71.38783266666667
2014-06-02,73.51159266666666
2014-06-03,71.553014
2014-06-04,70.225664
2014-06-05,69.54724066666667
2014-06-06,68.40277
2014-06-07,67.41758133333333
2014-06-08,61.671630666666665
2014-06-09,52.94651666666667
2014-06-10,49.147346
2014-06-11,49.926058000000005
2014-06-12,51.796146666666665
2014-06-13,53.60724200000001
2014-06-14,51.542475333333336
2014-06-15,45.95580666666667
2014-06-16,43.076932
2014-06-17,42.73477066666666
2014-06-18,41.696488
2014-06-19,39.79100333333333
2014-06-20,39.914889333333335
2014-06-21,38.71732466666666
2014-06-22,37.095008
2014-06-23,36.2809
2014-06-24,35.396
2014-06-25,35.803053999999996
2014-06-26,35.83845
2014-06-27,33.767784
2014-06-28,31.86229933333333
2014-06-29,31.714816
2014-06-30,31.172077333333334
2014-07-01,29.415255866666666
2014-07-02,27.224243466666664
2014-07-03,25.637912733333334
2014-07-04,25.112282133333334
2014-07-05,24.551845466666666
2014-07-06,23.095300066666667
2014-07-07,21.703057400000002
2014-07-08,20.455938333333332
2014-07-09,19.0890628
2014-07-10,18.2926528
2014-07-11,18.034851933333332
2014-07-12,17.727496666666667
2014-07-13,16.7617758
2014-07-14,14.997875133333332
2014-07-15,13.8610736
2014-07-16,13.520682066666666
2014-07-17,12.8027332
2014-07-18,11.422879133333334
2014-07-19,10.449489133333332
2014-07-20,9.99937
2014-07-21,9.4224152
2014-07-22,8.660811266666666
2014-07-23,8.342247266666666
2014-07-24,8.119252466666666
2014-07-25,7.7127884
2014-07-26,7.352339133333333
2014-07-27,8.090345733333333
2014-07-28,9.425364866666667
2014-07-29,9.6383308
2014-07-30,8.897964466666666
2014-07-31,8.449615133333333
2014-08-01,8.4012406
2014-08-02,7.847883133333333
2014-08-03,7.404253266666667
2014-08-04,7.473275466666666
2014-08-05,7.952891266666666
2014-08-06,7.935193266666666
2014-08-07,7.120495333333333
2014-08-08,6.578936533333334
2014-08-09,6.247983933333334
2014-08-10,6.1854510000000005
2014-08-11,6.1075798
2014-08-12,5.879865533333334
2014-08-13,5.654511
2014-08-14,5.426796733333333
2014-08-15,5.065757533333334
2014-08-16,4.5820122
2014-08-17,4.238671
2014-08-18,4.078799066666667
2014-08-19,4.1307132
2014-08-20,4.232771666666666
2014-08-21,4.179677666666667
2014-08-22,4.3501684
2014-08-23,5.565431066666666
2014-08-24,6.0008018666666665
2014-08-25,5.202622066666667
2014-08-26,5.271054333333333
2014-08-27,5.8067138
2014-08-28,6.184271133333333
2014-08-29,5.945938066666667
2014-08-30,5.430336333333334
2014-08-31,5.0757864
2014-09-01,4.8173956
2014-09-02,4.5796524666666665
2014-09-03,4.295304600000001
2014-09-04,4.271117333333334
2014-09-05,4.2669878
2014-09-06,4.039273533333334
2014-09-07,3.8953298000000003
2014-09-08,4.692329733333334
2014-09-09,8.3339882
2014-09-10,9.602344866666666
2014-09-11,7.121085266666667
2014-09-12,6.1158388666666665
2014-09-13,5.545963266666667
2014-09-14,5.145988466666666
2014-09-15,4.807366733333333
2014-09-16,4.4935222
2014-09-17,4.292944866666667
2014-09-18,4.151360866666667
2014-09-19,3.9962084
2014-09-20,4.219793133333334
2014-09-21,5.3324074
2014-09-22,6.050946199999999
2014-09-23,5.484020266666666
2014-09-24,4.7678412
2014-09-25,4.366686533333334
2014-09-26,4.124223933333334
2014-09-27,4.034554066666667
2014-09-28,4.4834933333333336
2014-09-29,5.348925533333333
2014-09-30,5.600237133333334
2014-10-01,5.707015066666667
2014-10-02,5.936499133333334
2014-10-03,5.765418466666667
2014-10-04,5.664539866666666
2014-10-05,5.5807693333333335
2014-10-06,5.467502133333333
2014-10-07,5.327098
2014-10-08,5.252176466666667
2014-10-09,5.497588733333334
2014-10-10,5.843289666666667
2014-10-11,5.919391066666667
2014-10-12,5.9034628666666675
2014-10-13,5.741821133333333
2014-10-14,5.550092799999999
2014-10-15,5.550092799999999
2014-10-16,5.482250466666667
2014-10-17,5.2999610666666666
2014-10-18,5.127700533333333
2014-10-19,5.028001799999999
2014-10-20,4.915914466666667
2014-10-21,5.181384466666667
2014-10-22,5.522955866666667
2014-10-23,5.303500666666667
2014-10-24,4.961339333333334
2014-10-25,4.7324452
2014-10-26,4.6032497999999995
2014-10-27,4.450457066666667
2014-10-28,4.223922666666667
2014-10-29,4.119504466666666
2014-10-30,4.0664104666666665
2014-10-31,3.9791003333333332
2014-11-01,3.9779204666666668
2014-11-02,4.128353466666667
2014-11-03,4.004467466666666
2014-11-04,3.7502061999999996
2014-11-05,3.930135866666667
2014-11-06,4.009776866666667
2014-11-07,3.8817613333333334
2014-11-08,3.7277887333333335
2014-11-09,3.597413466666666
2014-11-10,3.4186636666666668
2014-11-11,3.5413698
2014-11-12,3.6068523999999997
2014-11-13,3.612751733333333
2014-11-14,3.9484238
2014-11-15,3.7348679333333332
2014-11-16,3.237554133333333
2014-11-17,3.110128533333333
2014-11-18,3.4180737333333333
2014-11-19,3.6245504
2014-11-20,3.5431396
2014-11-21,3.3868072666666666
2014-11-22,3.4487502666666665
2014-11-23,3.433412
2014-11-24,3.1885896666666667
2014-11-25,3.1962588000000003
2014-11-26,3.2440434000000002
2014-11-27,3.2133668666666666
2014-11-28,3.1602728666666664
2014-11-29,3.1000996666666665
2014-11-30,3.1962588000000003
2014-12-01,3.0812218
2014-12-02,2.995681466666667
2014-12-03,3.1838702
2014-12-04,3.2009782666666666
2014-12-05,3.0493653999999997
2014-12-06,2.9980412
2014-12-07,2.876219966666667
2014-12-08,2.5024382066666666
2014-12-09,2.3663405866666665
2014-12-10,2.478132953333333
2014-12-11,2.63505522
2014-12-12,2.804543066666666
2014-12-13,2.9301988666666667
2014-12-14,2.78619614
2014-12-15,2.37347878
2014-12-16,2.4095827
2014-12-17,2.73664174
2014-12-18,2.458842133333333
2014-12-19,2.22534652
2014-12-20,2.4745933533333333
2014-12-21,2.5666819466666664
2014-12-22,2.2316588066666667
2014-12-23,1.9710852533333334
2014-12-24,2.3356050600000002
2014-12-25,2.70567024
2014-12-26,2.69062694
2014-12-27,2.5458573
2014-12-28,2.489282693333333
2014-12-29,2.5856188066666665
2014-12-30,2.38409758
2014-12-31,2.2047578466666664
2015-01-01,2.2109521466666666
2015-01-02,2.212132013333333
2015-01-03,2.2163795333333334
2015-01-04,2.2573799
2015-01-05,2.2795024
2015-01-06,2.272718166666667
2015-01-07,2.265344
2015-01-08,2.2314228333333332
2015-01-09,2.19862254
2015-01-10,2.2125449666666666
2015-01-11,2.2079434866666667
2015-01-12,2.180865546666667
2015-01-13,2.1487141800000003
2015-01-14,2.08588628
2015-01-15,1.9683715600000002
2015-01-16,2.020344686666667
2015-01-17,2.0724947933333335
2015-01-18,2.0293116733333334
2015-01-19,2.0992777666666664
2015-01-20,2.0336181866666667
2015-01-21,1.7217204333333334
2015-01-22,1.5348885466666669
2015-01-23,1.6990669933333333
2015-01-24,1.9313237466666664
2015-01-25,1.9831198933333332
2015-01-26,1.8982284866666665
2015-01-27,1.94925772
2015-01-28,1.97315002
2015-01-29,1.9564549066666668
2015-01-30,1.9691384733333333
2015-01-31,1.8856039133333333
2015-02-01,1.8261386333333334
2015-02-02,1.8946888866666667
2015-02-03,1.9281381066666665
2015-02-04,1.89333204
2015-02-05,1.7826015533333333
2015-02-06,1.7496832733333332
2015-02-07,1.8887895533333332
2015-02-08,1.9093782266666668
2015-02-09,1.8749261199999998
2015-02-10,1.9789313666666668
2015-02-11,1.8998213066666665
2015-02-12,1.8075557333333332
2015-02-13,1.9158085
2015-02-14,2.020167706666667
2015-02-15,2.08995682
2015-02-16,1.9268992466666666
2015-02-17,1.7689151
2015-02-18,1.9309107933333334
2015-02-19,2.062111966666667
2015-02-20,2.08942588
2015-02-21,2.06164002
2015-02-22,1.9689025000000002
2015-02-23,1.9127408466666667
2015-02-24,1.8965766733333334
2015-02-25,1.88554492
2015-02-26,1.9215308533333335
2015-02-27,1.8153428533333333
2015-02-28,1.7967599533333332
2015-03-01,2.0074251466666664
2015-03-02,1.94978866
2015-03-03,1.7780000733333334
2015-03-04,1.62786204
2015-03-05,1.6538781
2015-03-06,1.8277904466666666
2015-03-07,1.8279084333333333
2015-03-08,1.8196493666666667
2015-03-09,1.81634574
2015-03-10,1.84112294
2015-03-11,1.963652093333333
2015-03-12,2.108067773333333
2015-03-13,2.071786873333333
2015-03-14,2.07615238
2015-03-15,2.3563117200000003
2015-03-16,2.7986437333333334
2015-03-17,3.4245629999999996
2015-03-18,4.080568866666667
2015-03-19,4.510040333333333
2015-03-20,4.889367466666667
2015-03-21,5.261025466666667
2015-03-22,5.544193466666666
2015-03-23,5.745950666666666
2015-03-24,5.628553933333333
2015-03-25,5.084045466666667
2015-03-26,4.8634104
2015-03-27,5.447444399999999
2015-03-28,6.595454666666666
2015-03-29,7.877969733333333
2015-03-30,8.886165799999999
2015-03-31,9.888462533333334
2015-04-01,10.109687533333334
2015-04-02,9.0896928
2015-04-03,8.110403466666666
2015-04-04,7.991826866666667
2015-04-05,8.4277876
2015-04-06,8.964626933333333
2015-04-07,9.232456666666666
2015-04-08,9.026569933333333
2015-04-09,8.807704666666668
2015-04-10,8.873187266666667
2015-04-11,9.1799526
2015-04-12,9.387609133333333
2015-04-13,9.888462533333334
2015-04-14,10.991637866666665
2015-04-15,11.201654133333333
2015-04-16,10.517331466666665
2015-04-17,9.7339
2015-04-18,8.904453733333332
2015-04-19,8.4985796
2015-04-20,8.505068866666667
2015-04-21,8.594738733333333
2015-04-22,8.4171688
2015-04-23,8.0773672
2015-04-24,7.683291733333333
2015-04-25,7.460886866666667
2015-04-26,7.367087466666667
2015-04-27,7.221963866666666
2015-04-28,7.572384266666667
2015-04-29,8.514507799999999
2015-04-30,10.215875533333334
2015-05-01,12.539033000000002
2015-05-02,14.3849344
2015-05-03,15.3370868
2015-05-04,15.127660466666667
2015-05-05,16.185410933333333
2015-05-06,17.923354533333335
2015-05-07,16.989490066666665
2015-05-08,15.942358399999998
2015-05-09,15.2503666
2015-05-10,13.8469152
2015-05-11,12.813352
2015-05-12,12.2965704
2015-05-13,12.499507466666666
2015-05-14,13.224535533333333
2015-05-15,13.387357133333333
2015-05-16,13.127786466666665
2015-05-17,12.8098124
2015-05-18,13.738367466666666
2015-05-19,14.764851466666668
2015-05-20,14.035693866666668
2015-05-21,14.011506599999999
2015-05-22,15.258035733333335
2015-05-23,15.622614533333333
2015-05-24,15.758889133333332
2015-05-25,16.397786933333332
2015-05-26,16.4202044
2015-05-27,17.512760933333333
2015-05-28,19.418245600000002
2015-05-29,20.140324
2015-05-30,21.754381600000002
2015-05-31,26.591245
2015-06-01,31.903594666666667
2015-06-02,36.705652
2015-06-03,39.903090666666664
2015-06-04,41.442816666666666
2015-06-05,41.525407333333334
2015-06-06,39.54323133333333
2015-06-07,38.917902000000005
2015-06-08,40.988568
2015-06-09,44.793637999999994
2015-06-10,51.483482
2015-06-11,62.049187999999994
2015-06-12,62.951786
2015-06-13,55.436035333333336
2015-06-14,50.80505866666667
2015-06-15,49.076553999999994
2015-06-16,52.981912666666666
2015-06-17,54.969988
2015-06-18,52.049817999999995
2015-06-19,48.75209066666667
2015-06-20,46.21537733333333
2015-06-21,43.24801266666666
2015-06-22,40.133164666666666
2015-06-23,37.425370666666666
2015-06-24,35.16002666666666
2015-06-25,32.487628666666666
2015-06-26,29.915519333333332
2015-06-27,27.93334333333333
2015-06-28,26.086851999999997
2015-06-29,24.455686333333333
2015-06-30,23.088220866666664
2015-07-01,21.615157333333332
2015-07-02,20.318483866666664
2015-07-03,19.338014666666666
2015-07-04,18.3227394
2015-07-05,17.653165066666666
2015-07-06,17.575293866666666
2015-07-07,18.8696076
2015-07-08,19.870724466666665
2015-07-09,19.111480266666664
2015-07-10,17.105706933333334
2015-07-11,15.047429533333334
2015-07-12,14.141881866666667
2015-07-13,13.602682799999998
2015-07-14,14.3141424
2015-07-15,14.100586533333333
2015-07-16,12.334326133333334
2015-07-17,11.568592666666667
2015-07-18,11.076588266666667
2015-07-19,10.6736638
2015-07-20,11.042372133333332
2015-07-21,11.481282533333333
2015-07-22,10.627649
2015-07-23,9.9303478
2015-07-24,10.353919933333334
2015-07-25,10.3073152
2015-07-26,9.178772733333334
2015-07-27,8.165267266666666
2015-07-28,7.316353199999999
2015-07-29,7.186567866666667
2015-07-30,7.279777333333333
2015-07-31,7.4650164
2015-08-01,7.9340134
2015-08-02,8.413039266666667
2015-08-03,8.584709866666666
2015-08-04,7.923984533333333
2015-08-05,7.076250333333333
2015-08-06,6.7688950666666665
2015-08-07,6.929356933333334
2015-08-08,6.7287796
2015-08-09,6.109939533333333
2015-08-10,5.863937333333333
2015-08-11,6.008471
2015-08-12,5.781936599999999
2015-08-13,5.105283066666666
2015-08-14,4.790258666666666
2015-08-15,4.617998133333333
2015-08-16,4.504730933333334
2015-08-17,4.432169133333334
2015-08-18,4.281736133333333
2015-08-19,3.9849996666666665
2015-08-20,3.7277887333333335
2015-08-21,3.5702765333333333
2015-08-22,3.5384201333333336
2015-08-23,3.5543483333333334
2015-08-24,3.5396
2015-08-25,3.553168466666667
2015-08-26,4.002107733333333
2015-08-27,5.111772333333334
2015-08-28,5.302910733333333
2015-08-29,4.526558466666667
2015-08-30,4.207994466666666
2015-08-31,4.161389733333333
2015-09-01,4.2994341333333335
2015-09-02,4.5802424
2015-09-03,5.055728666666667
2015-09-04,6.058615333333333
2015-09-05,6.701052733333333
2015-09-06,6.2721712
2015-09-07,5.809663466666667
2015-09-08,5.406739000000001
2015-09-09,4.907065466666666
2015-09-10,4.551335666666667
2015-09-11,4.294124733333333
2015-09-12,4.095907133333333
2015-09-13,3.924826466666666
2015-09-14,4.2581388
2015-09-15,5.1619166666666665
2015-09-16,5.3784222
2015-09-17,4.8651802
2015-09-18,4.4811336
2015-09-19,4.236311266666667
2015-09-20,4.1218642
2015-09-21,3.8740921999999998
2015-09-22,3.585024866666666
2015-09-23,3.4298724000000003
2015-09-24,3.246403133333333
2015-09-25,3.0888909333333334
2015-09-26,3.016329133333333
2015-09-27,2.9608754000000004
2015-09-28,2.9166304000000003
2015-09-29,2.9166304000000003
2015-09-30,2.943767333333333
2015-10-01,2.9189901333333332
2015-10-02,2.8599968
2015-10-03,2.8871337333333336
2015-10-04,2.9030619333333334
2015-10-05,3.0511351999999996
2015-10-06,3.255252133333333
2015-10-07,3.1219272
2015-10-08,2.8445405466666664
2015-10-09,2.63363938
2015-10-10,2.55152066
2015-10-11,2.5852058533333335
2015-10-12,2.5488069666666666
2015-10-13,2.458547166666667
2015-10-14,2.4245670066666665
2015-10-15,2.404391286666667
2015-10-16,2.3670485066666664
2015-10-17,2.3919436933333333
2015-10-18,2.51028432
2015-10-19,2.8010034666666663
2015-10-20,2.80619488
2015-10-21,2.7010097666666666
2015-10-22,3.0549697666666664
2015-10-23,3.2452232666666667
2015-10-24,3.0493653999999997
2015-10-25,2.9166304000000003
2015-10-26,2.9709042666666665
2015-10-27,2.9213498666666666
2015-10-28,2.8440686
2015-10-29,2.8883136
2015-10-30,2.8069028
2015-10-31,2.6777073999999996
2015-11-01,2.62125078
2015-11-02,2.6011930466666664
2015-11-03,2.67115914
2015-11-04,2.776934186666667
2015-11-05,2.7828925133333335
2015-11-06,2.56426322
2015-11-07,2.4166619000000003
2015-11-08,2.5868576666666665
2015-11-09,2.733515093333333
2015-11-10,2.9136807333333334
2015-11-11,2.7325712
2015-11-12,2.4654493866666667
2015-11-13,2.5652661066666664
2015-11-14,2.6552899333333335
2015-11-15,2.9502566
2015-11-16,3.1443446666666666
2015-11-17,2.96830856
2015-11-18,2.8470182666666664
2015-11-19,2.9154505333333334
2015-11-20,2.5908102200000003
2015-11-21,2.29136006
2015-11-22,2.51453184
2015-11-23,2.6452610666666665
2015-11-24,2.6836657266666664
2015-11-25,2.8644213
2015-11-26,2.84690028
2015-11-27,2.7126904466666666
2015-11-28,2.5718143666666666
2015-11-29,2.3881091266666665
2015-11-30,2.29259892
2015-12-01,2.182989306666667
2015-12-02,2.2770836733333333
2015-12-03,2.3688773
2015-12-04,2.4268677466666664
2015-12-05,2.21384282
2015-12-06,2.08765608
2015-12-07,2.350176413333333
2015-12-08,2.368287366666667
2015-12-09,2.33224244
2015-12-10,2.3845695266666667
2015-12-11,2.4166619
2015-12-12,2.2786174999999997
2015-12-13,2.03013758
2015-12-14,1.9921458733333333
2015-12-15,1.9230646800000002
2015-12-16,1.7821296066666665
2015-12-17,1.83722938
2015-12-18,1.93474536
2015-12-19,2.0719638533333335
2015-12-20,2.136266586666667
2015-12-21,2.129836313333333
2015-12-22,2.07349768
2015-12-23,1.7828375266666665
2015-12-24,1.7096268
2015-12-25,1.83634448
2015-12-26,1.5621434666666667
2015-12-27,1.4246889999999999
2015-12-28,1.7256729866666667
2015-12-29,1.8732743066666666
2015-12-30,1.7765842333333335
2015-12-31,1.6114029
2016-01-01,1.5170725600000001
2016-01-02,1.6541730666666667
2016-01-03,1.8110953333333333
2016-01-04,1.8514467733333333
2016-01-05,1.8822412933333332
2016-01-06,1.91103004
2016-01-07,1.8398250866666668
2016-01-08,1.7826605466666665
2016-01-09,1.74997824
2016-01-10,1.567924813333333
2016-01-11,1.4334200133333335
2016-01-12,1.5014393266666666
2016-01-13,1.6253253266666665
2016-01-14,1.7015447133333337
2016-01-15,1.7307464133333335
2016-01-16,1.7214254666666668
2016-01-17,1.6974741733333332
2016-01-18,1.6758826133333333
2016-01-19,1.6768265066666668
2016-01-20,1.6066834333333333
2016-01-21,1.4971328133333335
2016-01-22,1.5406109
2016-01-23,1.6722250266666665
2016-01-24,1.6693933466666666
2016-01-25,1.5048609400000001
2016-01-26,1.39619522
2016-01-27,1.5072206733333333
2016-01-28,1.6417254733333333
2016-01-29,1.6743487866666664
2016-01-30,1.6618422
2016-01-31,1.6408405733333333
2016-02-01,1.60839424
2016-02-02,1.55547722
2016-02-03,1.4070499933333334
2016-02-04,1.4805556866666667
2016-02-05,1.5959466466666665
2016-02-06,1.5747680400000001
2016-02-07,1.6095741066666667
2016-02-08,1.58007744
2016-02-09,1.5895753666666668
2016-02-10,1.6256792866666665
2016-02-11,1.6631990466666666
2016-02-12,1.6816639599999998
2016-02-13,1.68237188
2016-02-14,1.6708091866666666
2016-02-15,1.6678595199999997
2016-02-16,1.6610752866666667
2016-02-17,1.6686264333333334
2016-02-18,1.69706122
2016-02-19,1.7211894933333334
2016-02-20,1.7316313133333334
2016-02-21,1.74643864
2016-02-22,1.774991413333333
2016-02-23,1.7365867533333332
2016-02-24,1.701013773333333
2016-02-25,1.7298025199999998
2016-02-26,1.7400083666666666
2016-02-27,1.7604790533333332
2016-02-28,1.7811267199999998
2016-02-29,1.86660806
2016-03-01,1.9703773333333334
2016-03-02,1.9143336666666666
2016-03-03,1.8880816333333332
2016-03-04,2.0007589
2016-03-05,2.2095953
2016-03-06,2.314249473333333
2016-03-07,2.1606308333333333
2016-03-08,2.010905753333333
2016-03-09,2.0235303266666667
2016-03-10,2.22534652
2016-03-11,2.48975464
2016-03-12,2.57700578
2016-03-13,2.60231392
2016-03-14,2.5686287266666668
2016-03-15,2.3831536866666667
2016-03-16,2.4325311066666666
2016-03-17,2.4517629333333333
2016-03-18,2.2202141
2016-03-19,2.108244753333333
2016-03-20,2.2546662066666667
2016-03-21,2.48055168
2016-03-22,2.4672191866666666
2016-03-23,2.3540699733333335
2016-03-24,2.3494684933333336
2016-03-25,2.3131286
2016-03-26,2.1494221000000002
2016-03-27,2.1663531866666665
2016-03-28,2.3551908466666664
2016-03-29,2.33241942
2016-03-30,2.19136636
2016-03-31,2.08464742
2016-04-01,2.095679173333333
2016-04-02,2.256907953333333
2016-04-03,2.5149447933333335
2016-04-04,2.9027669666666664
2016-04-05,3.061754
2016-04-06,3.271770266666667
2016-04-07,4.179677666666667
2016-04-08,5.722943266666667
2016-04-09,6.996019400000001
2016-04-10,7.739925333333333
2016-04-11,8.8631584
2016-04-12,10.615850333333333
2016-04-13,12.823380866666668
2016-04-14,13.296507400000001
2016-04-15,11.391022733333331
2016-04-16,9.214758666666667
2016-04-17,7.804818
2016-04-18,6.968882466666667
2016-04-19,6.45977
2016-04-20,6.642649333333334
2016-04-21,7.575333933333333
2016-04-22,9.204729799999999
2016-04-23,10.5887134
2016-04-24,10.444179733333334
2016-04-25,10.152752666666666
2016-04-26,9.975182733333334
2016-04-27,9.253104333333333
2016-04-28,8.871417466666665
2016-04-29,8.474982266666666
2016-04-30,8.0649786
2016-05-01,7.613089666666667
2016-05-02,7.6066004000000005
2016-05-03,8.591199133333333
2016-05-04,11.1638984
2016-05-05,15.647981666666666
2016-05-06,19.002932533333333
2016-05-07,17.969369333333333
2016-05-08,15.624974266666667
2016-05-09,16.3671104
2016-05-10,16.1547344
2016-05-11,13.190909333333332
2016-05-12,11.9744668
2016-05-13,13.691172799999999
2016-05-14,19.056616466666664
2016-05-15,24.0639706
2016-05-16,23.77962273333333
2016-05-17,20.367448333333332
2016-05-18,18.812974
2016-05-19,19.8252996
2016-05-20,22.371451866666664
2016-05-21,27.125134666666668
2016-05-22,30.151492666666666
2016-05-23,29.1185194
2016-05-24,27.767572066666663
2016-05-25,27.625988066666665
2016-05-26,25.991872733333334
2016-05-27,23.264610933333334
2016-05-28,22.211579933333336
2016-05-29,22.990881866666665
2016-05-30,24.422650066666666
2016-05-31,27.343410000000002
2016-06-01,31.903594666666667
2016-06-02,36.162913333333336
2016-06-03,40.26295
2016-06-04,46.138686
2016-06-05,51.61326733333333
2016-06-06,52.55716066666667
2016-06-07,51.68405933333333
2016-06-08,50.722468
2016-06-09,50.787360666666665
2016-06-10,51.68405933333333
2016-06-11,51.265206666666664
2016-06-12,48.25654666666666
2016-06-13,42.864556
2016-06-14,38.85300933333333
2016-06-15,37.242491333333334
2016-06-16,36.416584666666665
2016-06-17,35.272113999999995
2016-06-18,34.015556000000004
2016-06-19,33.402025333333334
2016-06-20,34.5111
2016-06-21,34.853261333333336
2016-06-22,32.90648133333333
2016-06-23,29.8848428
2016-06-24,26.56174833333333
2016-06-25,23.99022893333333
2016-06-26,21.900095133333334
2016-06-27,19.458951
2016-06-28,17.830145066666667
2016-06-29,17.290356066666664
2016-06-30,17.650805333333334
2016-07-01,18.47553213333333
2016-07-02,18.709735666666663
2016-07-03,17.122815
2016-07-04,15.031501333333333
2016-07-05,13.586754599999999
2016-07-06,12.155576333333334
2016-07-07,11.1214232
2016-07-08,10.169860733333332
2016-07-09,9.332745333333333
2016-07-10,8.729833466666667
2016-07-11,8.211282066666667
2016-07-12,7.451447933333333
2016-07-13,6.750017199999999
2016-07-14,6.457410266666667
2016-07-15,6.265092
2016-07-16,5.884585
2016-07-17,5.5819492
2016-07-18,5.764828533333334
2016-07-19,6.127637533333334
2016-07-20,6.554159333333334
2016-07-21,6.9783214
2016-07-22,6.561238533333333
2016-07-23,5.707015066666666
2016-07-24,5.133599866666667
2016-07-25,4.777870066666666
2016-07-26,4.479953733333333
2016-07-27,4.2103542
2016-07-28,4.009776866666667
2016-07-29,3.8274874666666663
2016-07-30,3.8044800666666663
2016-07-31,4.341909333333333
2016-08-01,4.854561400000001
2016-08-02,4.763121733333333
2016-08-03,4.764891533333333
2016-08-04,5.768368133333333
2016-08-05,6.614922466666667
2016-08-06,6.106989866666667
2016-08-07,5.445084666666666
2016-08-08,5.1164918
2016-08-09,4.915914466666667
2016-08-10,4.747193533333333
2016-08-11,4.4404282
2016-08-12,4.0563816
2016-08-13,3.784422333333333
2016-08-14,3.5997732
2016-08-15,3.4434408666666663
2016-08-16,3.4782469333333332
2016-08-17,3.6776444
2016-08-18,3.6847236
2016-08-19,3.5148227999999997
2016-08-20,3.331353533333333
2016-08-21,3.255252133333333
2016-08-22,3.393296533333333
2016-08-23,3.8640633333333327
2016-08-24,4.057561466666667
2016-08-25,3.9189271333333333
2016-08-26,3.8976895333333332
2016-08-27,3.7401773333333335
2016-08-28,3.6540470666666667
2016-08-29,3.583845
2016-08-30,3.4174838
2016-08-31,3.2983172666666665
2016-09-01,3.4080448666666663
2016-09-02,3.6333994
2016-09-03,3.9560929333333337
2016-09-04,4.094727266666667
2016-09-05,3.763184733333333
2016-09-06,3.4422610000000002
2016-09-07,3.3030367333333337
2016-09-08,3.2133668666666666
2016-09-09,3.2688205999999997
2016-09-10,3.353771
2016-09-11,3.4387214
2016-09-12,3.5372402666666667
2016-09-13,3.5555282
2016-09-14,3.4298724000000003
2016-09-15,3.3006770000000003
2016-09-16,3.202158133333333
2016-09-17,3.1160278666666668
2016-09-18,3.0458258
2016-09-19,2.974443866666667
2016-09-20,2.972084133333333
2016-09-21,2.9608754000000004
2016-09-22,2.9301988666666667
2016-09-23,2.972084133333333
2016-09-24,2.9608754000000004
2016-09-25,2.8894934666666665
2016-09-26,2.8599968
2016-09-27,2.8220050933333334
2016-09-28,2.76035706
2016-09-29,2.7653714933333333
2016-09-30,2.7989387000000003
2016-10-01,2.8060768933333335
2016-10-02,2.7791759333333332
2016-10-03,2.6992399666666667
2016-10-04,2.6204838666666666
2016-10-05,2.62355152
2016-10-06,2.6453790533333335
2016-10-07,2.60620748
2016-10-08,2.578303633333333
2016-10-09,2.5917541133333333
2016-10-10,2.6812470000000004
2016-10-11,2.8897884333333335
2016-10-12,3.016329133333333
2016-10-13,2.974443866666667
2016-10-14,2.9178102666666668
2016-10-15,2.813687033333333
2016-10-16,2.6620151733333333
2016-10-17,2.50798358
2016-10-18,2.3954242999999997
2016-10-19,2.3413864066666665
2016-10-20,2.2932478466666666
2016-10-21,2.27224622
2016-10-22,2.2753138733333333
2016-10-23,2.28605066
2016-10-24,2.3780212666666665
2016-10-25,2.466275293333333
2016-10-26,2.4339469466666666
2016-10-27,2.38338966
2016-10-28,2.3769003933333335
2016-10-29,2.4100546466666666
2016-10-30,2.4109395466666665
2016-10-31,2.3583764866666668
2016-11-01,2.3645117933333335
2016-11-02,2.416071966666667
2016-11-03,2.5777137
2016-11-04,2.7325712
2016-11-05,2.7583512866666666
2016-11-06,2.7497382600000004
2016-11-07,2.6529302
2016-11-08,2.5814892733333332
2016-11-09,2.5345305799999998
2016-11-10,2.4594320666666665
2016-11-11,2.3817378466666663
2016-11-12,2.3077602066666665
2016-11-13,2.2073535533333337
2016-11-14,2.1852900466666667
2016-11-15,2.3022738266666667
2016-11-16,2.42303318
2016-11-17,2.210539193333333
2016-11-18,1.9903170799999998
2016-11-19,2.2829830066666665
2016-11-20,2.6529302
2016-11-21,2.7911515799999997
2016-11-22,2.5512846866666665
2016-11-23,2.2873485133333333
2016-11-24,2.0944993066666666
2016-11-25,1.9681355866666665
2016-11-26,2.177089973333333
2016-11-27,2.2151406733333334
2016-11-28,2.0137964266666666
2016-11-29,1.9162804466666665
2016-11-30,1.9448332200000003
2016-12-01,2.03420812
2016-12-02,2.05810042
2016-12-03,1.9409986533333334
2016-12-04,1.9286690466666665
2016-12-05,1.9447152333333333
2016-12-06,1.8303271600000002
2016-12-07,1.6965892733333334
2016-12-08,1.8297372266666665
2016-12-09,2.0861812466666665
2016-12-10,2.0794560066666663
2016-12-11,2.104705153333333
2016-12-12,2.0476586
2016-12-13,2.0087230000000003
2016-12-14,2.06110908
2016-12-15,2.1608668066666668
2016-12-16,2.0737926466666665
2016-12-17,1.7469105866666663
2016-12-18,1.53388566
2016-12-19,1.6709861666666666
2016-12-20,1.9710852533333334
2016-12-21,2.0671853933333333
2016-12-22,2.1730194333333333
2016-12-23,2.21455074
2016-12-24,2.1367385333333333
2016-12-25,2.0411693333333334
2016-12-26,1.8098564733333333
2016-12-27,1.8803535066666666
2016-12-28,2.0560946466666663
2016-12-29,1.90996816
2016-12-30,1.95191242
2016-12-31,2.0129115266666666
2017-01-01,1.9932667466666665
2017-01-02,1.9964523866666666
2017-01-03,1.9880753333333334
2017-01-04,1.9197610533333334
2017-01-05,1.7827195400000002
2017-01-06,1.5473951333333333
2017-01-07,1.60945612
2017-01-08,1.8905003599999999
2017-01-09,1.8125701666666665
2017-01-10,1.74378394
2017-01-11,1.8195903733333332
2017-01-12,1.8545144266666667
2017-01-13,1.8943349266666667
2017-01-14,1.9474879200000002
2017-01-15,1.9394058333333335
2017-01-16,1.9466620133333332
2017-01-17,1.9293769666666665
2017-01-18,1.8417718666666667
2017-01-19,1.8516237533333333
2017-01-20,1.8835391466666664
2017-01-21,1.8907363333333331
2017-01-22,1.88289022
2017-01-23,1.7935743133333333
2017-01-24,1.71794486
2017-01-25,1.6816049666666668
2017-01-26,1.4679311133333333
2017-01-27,1.4243940333333336
2017-01-28,1.650102526666667
2017-01-29,1.7345219866666666
2017-01-30,1.7696820133333333
2017-01-31,1.7807727599999998
2017-02-01,1.78555122
2017-02-02,1.7702719466666668
2017-02-03,1.7584732799999998
2017-02-04,1.7584732799999998
2017-02-05,1.7611869733333334
2017-02-06,1.7532818666666665
2017-02-07,1.7129894199999998
2017-02-08,1.6589515266666668
2017-02-09,1.6365930533333335
2017-02-10,1.7100987466666666
2017-02-11,1.81121332
2017-02-12,1.8404740133333333
2017-02-13,1.7850792733333332
2017-02-14,1.6782423466666667
2017-02-15,1.6378319133333334
2017-02-16,1.7076210266666667
2017-02-17,1.7673222800000001
2017-02-18,1.7598301266666667
2017-02-19,1.7504501866666666
2017-02-20,1.7400083666666666
2017-02-21,1.7577653599999998
2017-02-22,1.7673222800000001
2017-02-23,1.6947014866666665
2017-02-24,1.6430233266666667
2017-02-25,1.6866193999999999
2017-02-26,1.72944856
2017-02-27,1.71865278
2017-02-28,1.5750630066666667
2017-03-01,1.4879298533333332
2017-03-02,1.5764788466666666
2017-03-03,1.6649688466666666
2017-03-04,1.6936986
2017-03-05,1.6088661866666667
2017-03-06,1.4828564266666666
2017-03-07,1.49264932
2017-03-08,1.5613765533333333
2017-03-09,1.5877465733333331
2017-03-10,1.6382448666666667
2017-03-11,1.7113965999999998
2017-03-12,1.8017743866666667
2017-03-13,1.8966946599999999
2017-03-14,2.0322023466666663
2017-03-15,2.2609195000000004
2017-03-16,2.57789068
2017-03-17,2.999811
2017-03-18,3.5413698
2017-03-19,4.190296466666667
2017-03-20,4.776100266666667
2017-03-21,5.269874466666667
2017-03-22,5.7536198
2017-03-23,6.0562556
2017-03-24,6.171882533333334
2017-03-25,6.214947666666666
2017-03-26,6.3111068
2017-03-27,6.535281466666667
2017-03-28,6.669196333333333
2017-03-29,6.790132666666666
2017-03-30,7.100437599999999
2017-03-31,6.978911333333333
2017-04-01,6.7222903333333335
2017-04-02,7.189517533333333
2017-04-03,7.332281399999999
2017-04-04,6.6155124
2017-04-05,6.2544732
2017-04-06,6.912838799999999
2017-04-07,8.237829066666666
2017-04-08,9.384659466666667
2017-04-09,9.566948866666666
2017-04-10,9.574028066666665
2017-04-11,10.193458066666667
2017-04-12,12.353204
2017-04-13,16.321685533333333
2017-04-14,20.079560866666668
2017-04-15,22.5083164
2017-04-16,23.820328133333334
2017-04-17,25.1948728
2017-04-18,28.101474333333332
2017-04-19,28.901423933333334
2017-04-20,25.537034133333332
2017-04-21,22.160845666666663
2017-04-22,20.671264
2017-04-23,21.946699866666666
2017-04-24,22.803873
2017-04-25,20.6818828
2017-04-26,18.512108
2017-04-27,16.963533
2017-04-28,15.016163066666666
2017-04-29,13.5318908
2017-04-30,12.749639199999999
2017-05-01,12.572659199999999
2017-05-02,12.586227666666666
2017-05-03,13.4557894
2017-05-04,16.908669200000002
2017-05-05,22.976133533333336
2017-05-06,28.366944333333333
2017-05-07,32.334246
2017-05-08,34.546496
2017-05-09,34.68218066666667
2017-05-10,34.55829466666667
2017-05-11,36.84133666666667
2017-05-12,42.62858266666667
2017-05-13,47.77280133333333
2017-05-14,48.75209066666667
2017-05-15,46.62243133333333
2017-05-16,43.147724000000004
2017-05-17,38.0507
2017-05-18,32.546622
2017-05-19,27.237811933333333
2017-05-20,23.748356266666665
2017-05-21,23.04338593333333
2017-05-22,23.084681266666667
2017-05-23,22.717742733333335
2017-05-24,25.3630038
2017-05-25,30.762073666666666
2017-05-26,35.460892666666666
2017-05-27,35.47859066666666
2017-05-28,33.95656266666666
2017-05-29,36.44608133333333
2017-05-30,41.224541333333335
2017-05-31,44.852631333333335
2017-06-01,46.811209999999996
2017-06-02,49.63109133333333
2017-06-03,53.56004733333333
2017-06-04,59.052326666666666
2017-06-05,64.87496866666666
2017-06-06,69.71242199999999
2017-06-07,70.56782533333333
2017-06-08,70.31415399999999
2017-06-09,70.82739600000001
2017-06-10,71.02797333333334
2017-06-11,70.30825466666667
2017-06-12,66.07253333333334
2017-06-13,58.828151999999996
2017-06-14,52.976013333333334
2017-06-15,53.200188
2017-06-16,56.120358
2017-06-17,60.91061666666667
2017-06-18,64.79827733333333
2017-06-19,64.48561266666667
2017-06-20,62.456242
2017-06-21,60.52126066666667
2017-06-22,55.913881333333336
2017-06-23,50.226924
2017-06-24,45.1299
2017-06-25,40.98266866666666
2017-06-26,37.86782066666667
2017-06-27,35.431396
2017-06-28,33.053964666666666
2017-06-29,30.210486
2017-06-30,27.716247866666667
2017-07-01,25.959426399999998
2017-07-02,24.383714466666664
2017-07-03,22.7189226
2017-07-04,21.953779066666666
2017-07-05,21.6251862
2017-07-06,21.11253413333333
2017-07-07,20.2518214
2017-07-08,19.385209333333332
2017-07-09,18.7280236
2017-07-10,18.476122066666665
2017-07-11,19.020040599999998
2017-07-12,19.418835533333333
2017-07-13,18.56225233333333
2017-07-14,17.473235399999997
2017-07-15,16.1388062
2017-07-16,14.741254133333333
2017-07-17,14.179047666666667
2017-07-18,14.1796376
2017-07-19,14.1530906
2017-07-20,13.348421533333335
2017-07-21,12.687106266666667
2017-07-22,12.291261
2017-07-23,11.893056
2017-07-24,12.205130733333332
2017-07-25,12.530773933333334
2017-07-26,11.715486066666665
2017-07-27,10.668944333333334
2017-07-28,11.318460933333334
2017-07-29,12.680617
2017-07-30,12.041129266666665
2017-07-31,10.1657312
2017-08-01,9.037188733333332
2017-08-02,8.566421933333332
2017-08-03,8.402420466666667
2017-08-04,8.3215996
2017-08-05,8.274404933333333
2017-08-06,8.0048054
2017-08-07,8.129871266666667
2017-08-08,8.477931933333332
2017-08-09,8.768769066666666
2017-08-10,8.977605466666667
2017-08-11,8.595328666666667
2017-08-12,7.899797266666666
2017-08-13,7.5605856
2017-08-14,7.424900933333333
2017-08-15,7.155301399999999
2017-08-16,6.873313266666667
2017-08-17,6.5075546
2017-08-18,6.137076466666667
2017-08-19,5.8527286
2017-08-20,5.6521512666666665
2017-08-21,5.5105672666666665
2017-08-22,5.3011409333333335
2017-08-23,5.0451098666666665
2017-08-24,4.872849333333334
2017-08-25,4.610329
2017-08-26,4.3076932
2017-08-27,4.151360866666667
2017-08-28,3.982639933333333
2017-08-29,3.8386962
2017-08-30,3.7808827333333332
2017-08-31,3.7797028666666663
2017-09-01,3.7130404
2017-09-02,3.5702765333333333
2017-09-03,3.4705777999999996
2017-09-04,3.3856274
2017-09-05,3.3006770000000003
2017-09-06,3.202158133333333
2017-09-07,3.0888909333333334
2017-09-08,3.0298976
2017-09-09,3.0570345333333333
2017-09-10,3.167942
2017-09-11,3.3785481999999996
2017-09-12,3.4434408666666663
2017-09-13,3.2747199333333334
2017-09-14,3.510693266666667
2017-09-15,3.7301484666666664
2017-09-16,3.5272114
2017-09-17,3.5372402666666667
2017-09-18,3.4605489333333335
2017-09-19,3.2316548
2017-09-20,3.0888909333333334
2017-09-21,3.016329133333333
2017-09-22,3.0287177333333335
2017-09-23,3.0989197999999996
2017-09-24,3.0888909333333334
2017-09-25,3.0027606666666666
2017-09-26,2.9868324666666664
2017-09-27,3.1508339333333333
2017-09-28,3.299497133333333
2017-09-29,3.3390226666666667
2017-09-30,3.6286799333333337
2017-10-01,3.906538533333333
2017-10-02,3.8953298000000003
2017-10-03,3.8103794
2017-10-04,3.7661344
2017-10-05,3.7118605333333328
2017-10-06,3.6528672000000006
2017-10-07,3.6935726
2017-10-08,3.7242491333333327
2017-10-09,3.5873846
2017-10-10,3.5224919333333333
2017-10-11,3.5419597333333335
2017-10-12,3.415124066666667
2017-10-13,3.327813933333333
2017-10-14,3.1909493999999996
2017-10-15,3.0582144
2017-10-16,3.003940533333333
2017-10-17,2.9449472
2017-10-18,2.9313787333333337
2017-10-19,2.875925
2017-10-20,2.8995223333333335
2017-10-21,2.8864258133333336
2017-10-22,2.8381692666666667
2017-10-23,2.8272554999999997
2017-10-24,2.7296805266666664
2017-10-25,2.6767635066666666
2017-10-26,2.6086262066666666
2017-10-27,2.57735974
2017-10-28,2.6089801666666665
2017-10-29,2.6165903066666667
2017-10-30,2.7113336
2017-10-31,2.803953133333333
2017-11-01,2.76478156
2017-11-02,2.692101773333333
2017-11-03,2.671808066666667
2017-11-04,2.702897553333333
2017-11-05,2.6959953333333337
2017-11-06,2.6724569933333338
2017-11-07,2.58408498
2017-11-08,2.4423829933333336
2017-11-09,2.3823277800000002
2017-11-10,2.4173108266666667
2017-11-11,2.3486425866666667
2017-11-12,2.30941202
2017-11-13,2.3703521333333333
2017-11-14,2.3169631666666666
2017-11-15,2.2544892266666667
2017-11-16,2.5520516
2017-11-17,2.79062064
2017-11-18,2.479548793333333
2017-11-19,2.33825976
2017-11-20,2.5135879466666666
2017-11-21,2.5374212533333336
2017-11-22,2.524501713333333
2017-11-23,2.620955813333333
2017-11-24,2.645025093333333
2017-11-25,2.6784743133333335
2017-11-26,2.7483814133333335
2017-11-27,2.7792349266666663
2017-11-28,2.66673464
2017-11-29,2.49400216
2017-11-30,2.5331737333333333
2017-12-01,2.728441666666667
2017-12-02,2.6742857866666667
2017-12-03,2.50320512
2017-12-04,2.318673973333333
2017-12-05,2.09774394
2017-12-06,1.9996380266666665
2017-12-07,1.97810546
2017-12-08,2.014622333333333
2017-12-09,1.95775276
2017-12-10,1.9203509866666666
2017-12-11,1.9343324066666667
2017-12-12,1.95014262
2017-12-13,2.0087819933333333
2017-12-14,2.004180513333333
2017-12-15,1.8287343399999998
2017-12-16,1.7819526266666665
2017-12-17,1.7696820133333333
2017-12-18,1.7194786866666665
2017-12-19,1.7440789066666664
2017-12-20,1.84360066
2017-12-21,1.83953012
2017-12-22,1.8072607666666667
2017-12-23,1.8348106533333333
2017-12-24,1.822599033333333
2017-12-25,1.89527882
2017-12-26,1.8664900733333332
2017-12-27,1.8533345600000002
2017-12-28,1.846668313333333
2017-12-29,1.8307991066666665
2017-12-30,1.8754570599999998
2017-12-31,1.7923944466666668
2018-01-01,1.7704489266666668
2018-01-02,1.7396544066666666
2018-01-03,1.65724072
2018-01-04,1.6452060800000001
2018-01-05,1.6381858733333334
2018-01-06,1.6654407933333333
2018-01-07,1.6142935733333335
2018-01-08,1.6965892733333332
2018-01-09,1.823660913333333
2018-01-10,1.7951671333333332
2018-01-11,1.7734575866666669
2018-01-12,1.8425977733333332
2018-01-13,1.80218734
2018-01-14,1.7086829066666667
2018-01-15,1.6506924600000001
2018-01-16,1.5627334
2018-01-17,1.5876285866666666
2018-01-18,1.7132253933333332
2018-01-19,1.729507553333333
2018-01-20,1.6981230999999999
2018-01-21,1.6889201399999998
2018-01-22,1.7204815733333332
2018-01-23,1.7079159933333334
2018-01-24,1.6906899400000002
2018-01-25,1.7447278333333334
2018-01-26,1.6816049666666668
2018-01-27,1.62237566
2018-01-28,1.6906899400000002
2018-01-29,1.7487983733333332
2018-01-30,1.7633697266666666
2018-01-31,1.7349349399999998
2018-02-01,1.7270888266666666
2018-02-02,1.7343450066666666
2018-02-03,1.7412472266666665
2018-02-04,1.7607150266666667
2018-02-05,1.7686791266666668
2018-02-06,1.6880352399999998
2018-02-07,1.64909964
2018-02-08,1.7245521133333332
2018-02-09,1.77882598
2018-02-10,1.6666206600000002
2018-02-11,1.6522262866666668
2018-02-12,1.8061398933333332
2018-02-13,1.7948721666666667
2018-02-14,1.7589452266666668
2018-02-15,1.7091548533333334
2018-02-16,1.6746437533333332
2018-02-17,1.6494536
2018-02-18,1.7090368666666667
2018-02-19,1.6820179199999998
2018-02-20,1.5350065333333331
2018-02-21,1.6647918666666666
2018-02-22,1.7105116999999999
2018-02-23,1.6148245133333334
2018-02-24,1.6093381333333332
2018-02-25,1.5653881
2018-02-26,1.5704025333333334
2018-02-27,1.6053265866666668
2018-02-28,1.5732342133333332
2018-03-01,1.56857374
2018-03-02,1.59211208
2018-03-03,1.60290786
2018-03-04,1.59317396
2018-03-05,1.5407878799999999
2018-03-06,1.533295726666667
2018-03-07,1.55512326
2018-03-08,1.5826731466666668
2018-03-09,1.6197799533333335
2018-03-10,1.5912861733333334
2018-03-11,1.5627923933333332
2018-03-12,1.6340563399999999
2018-03-13,1.71794486
2018-03-14,1.8297372266666665
2018-03-15,1.84802516
2018-03-16,1.7210125133333334
2018-03-17,1.6744667733333332
2018-03-18,1.6606033399999998
2018-03-19,1.6091611533333332
2018-03-20,1.6416664799999998
2018-03-21,1.68378772
2018-03-22,1.8623015466666664
2018-03-23,1.9949185600000001
2018-03-24,1.91067608
2018-03-25,1.84537046
2018-03-26,1.8375243466666664
2018-03-27,1.86784692
2018-03-28,1.8971076133333333
2018-03-29,1.88784566
2018-03-30,1.97226512
2018-03-31,2.3131875933333337
2018-04-01,2.7894997666666668
2018-04-02,3.1113084
2018-04-03,2.9854166266666664
2018-04-04,2.8175215999999996
2018-04-05,2.9968613333333334
2018-04-06,3.2912380666666667
2018-04-07,5.179024733333333
2018-04-08,6.276300733333333
2018-04-09,5.071656866666666
2018-04-10,4.942461466666667
2018-04-11,5.619704933333334
2018-04-12,5.379012133333333
2018-04-13,4.307103266666667
2018-04-14,3.8929700666666665
2018-04-15,4.3147724
2018-04-16,4.6486746666666665
2018-04-17,4.110065533333333
2018-04-18,3.829257266666666
2018-04-19,4.2245126
2018-04-20,4.269347533333334
2018-04-21,3.955503
2018-04-22,4.338369733333333
2018-04-23,5.617935133333333
2018-04-24,6.508144533333334
2018-04-25,7.0738905999999995
2018-04-26,8.306851266666667
2018-04-27,10.2984662
2018-04-28,12.395679199999998
2018-04-29,13.334853066666668
2018-04-30,12.9053816
2018-05-01,11.180416533333334
2018-05-02,9.109160600000001
2018-05-03,7.590082266666666
2018-05-04,7.1783088
2018-05-05,9.024800133333333
2018-05-06,12.003963466666667
2018-05-07,14.550705666666666
2018-05-08,18.334538066666667
2018-05-09,21.004576333333333
2018-05-10,21.979736133333333
2018-05-11,21.7012876
2018-05-12,19.517944333333332
2018-05-13,19.16221453333333
2018-05-14,19.640060533333333
2018-05-15,20.206396533333333
2018-05-16,21.342608133333332
2018-05-17,22.487668733333333
2018-05-18,21.449386066666666
2018-05-19,19.763356599999998
2018-05-20,18.476712000000003
2018-05-21,17.618359
2018-05-22,17.744604733333333
2018-05-23,18.197673533333333
2018-05-24,19.630031666666664
2018-05-25,21.45233573333333
2018-05-26,20.732027133333332
2018-05-27,19.496706733333333
2018-05-28,18.941579466666667
2018-05-29,17.367637333333334
2018-05-30,17.72867653333333
2018-05-31,18.689677933333332
2018-06-01,18.160507733333333
2018-06-02,17.189477466666666
2018-06-03,16.223756599999998
2018-06-04,15.423217066666666
2018-06-05,15.591348066666667
2018-06-06,15.0291416
2018-06-07,14.158989933333332
2018-06-08,13.478206866666667
2018-06-09,12.826920466666666
2018-06-10,11.917833199999999
2018-06-11,10.782801466666667
2018-06-12,9.964563933333332
2018-06-13,9.616503266666667
2018-06-14,9.488487733333333
2018-06-15,9.1445566
2018-06-16,9.988161266666667
2018-06-17,11.513138933333332
2018-06-18,10.736196733333331
2018-06-19,8.9604974
2018-06-20,7.903336866666667
2018-06-21,7.0278758
2018-06-22,6.242674533333333
2018-06-23,5.701115733333332
2018-06-24,5.356594666666666
2018-06-25,4.9129648
2018-06-26,4.274067
2018-06-27,4.032194333333333
2018-06-28,4.173778333333333
2018-06-29,4.152540733333333
2018-06-30,3.995028533333333
2018-07-01,3.8139190000000003
2018-07-02,3.626910133333333
2018-07-03,3.5543483333333334
2018-07-04,3.4446207333333336
2018-07-05,3.3413824
2018-07-06,3.2599716
2018-07-07,3.185050066666667
2018-07-08,3.159093
2018-07-09,3.0470056666666667
2018-07-10,3.0004009333333332
2018-07-11,2.93220464
2018-07-12,2.8422988
2018-07-13,2.8464283333333333
2018-07-14,2.8723854
2018-07-15,2.9844727333333334
2018-07-16,3.003940533333333
2018-07-17,2.881175406666667
2018-07-18,2.81592878
2018-07-19,2.8000005800000003
2018-07-20,2.703251513333333
2018-07-21,2.578716586666667
2018-07-22,2.4691069733333335
2018-07-23,2.341563386666667
2018-07-24,2.2617454066666665
2018-07-25,2.2183853066666663
2018-07-26,2.1481832400000003
2018-07-27,2.086299233333333
2018-07-28,2.1295413466666666
2018-07-29,2.1498940466666663
2018-07-30,2.0670674066666668
2018-07-31,1.95580598
2018-08-01,1.8663130933333332
2018-08-02,1.81970836
2018-08-03,1.7863181333333333
2018-08-04,1.81032842
2018-08-05,1.8141039933333334
2018-08-06,1.7739295333333336
2018-08-07,1.72927158
2018-08-08,1.6942885333333333
2018-08-09,1.65847958
2018-08-10,1.6357081533333335
2018-08-11,1.6389527866666667
2018-08-12,1.7826015533333335
2018-08-13,2.0828186266666666
2018-08-14,2.14287384
2018-08-15,1.9918509066666665
2018-08-16,2.0315534200000003
2018-08-17,2.1040562266666667
2018-08-18,2.1865879
2018-08-19,2.30799618
2018-08-20,2.292834893333333
2018-08-21,2.19791462
2018-08-22,2.0909007133333333
2018-08-23,2.00713018
2018-08-24,1.9904350666666666
2018-08-25,2.018043946666667
2018-08-26,2.0524960533333334
2018-08-27,2.07650634
2018-08-28,2.106062
2018-08-29,2.09933676
2018-08-30,2.04429598
2018-08-31,1.9821170066666662
2018-09-01,1.89527882
2018-09-02,1.8255487
2018-09-03,1.8054909666666665
2018-09-04,1.8279674266666666
2018-09-05,1.8794096133333333
2018-09-06,1.87970458
2018-09-07,1.8345156866666665
2018-09-08,1.8026592866666666
2018-09-09,1.7722187266666667
2018-09-10,1.7077980066666667
2018-09-11,1.63653406
2018-09-12,1.5797824733333332
2018-09-13,1.53140794
2018-09-14,1.5052149000000001
2018-09-15,1.49264932
2018-09-16,1.4892277066666664
2018-09-17,1.4245710133333331
2018-09-18,1.2529004133333332
2018-09-19,1.1876537866666665
2018-09-20,1.2343765066666665
2018-09-21,1.2429895333333332
2018-09-22,1.25000974
2018-09-23,1.2707164
2018-09-24,1.29655548
2018-09-25,1.2986202466666665
2018-09-26,1.3007440066666667
2018-09-27,1.2472960466666667
2018-09-28,1.0653606066666665
2018-09-29,0.9334515133333333
2018-09-30,0.92312768
2018-10-01,0.9529783066666666
2018-10-02,1.1333209266666666
2018-10-03,1.6617832066666667
2018-10-04,1.9447742266666666
2018-10-05,1.8315070266666666
2018-10-06,1.7892678
2018-10-07,1.7341090333333333
2018-10-08,1.7360558133333335
2018-10-09,1.884837
2018-10-10,2.12623772
2018-10-11,2.3022148333333337
2018-10-12,2.4001437666666665
2018-10-13,2.50674472
2018-10-14,2.5641452333333334
2018-10-15,2.509517406666667
2018-10-16,2.50019646
2018-10-17,2.419021633333333
2018-10-18,2.4187266666666667
2018-10-19,2.5659150333333334
2018-10-20,2.66584974
2018-10-21,2.6567057733333335
2018-10-22,2.665023833333333
2018-10-23,2.7850752666666665
2018-10-24,2.9154505333333334
2018-10-25,2.881175406666667
2018-10-26,2.7725096866666665
2018-10-27,2.6998888933333336
2018-10-28,2.666085713333333
2018-10-29,2.712100513333333
2018-10-30,2.774574453333333
2018-10-31,2.6615432266666663
2018-11-01,2.5163606333333335
2018-11-02,2.6349372333333334
2018-11-03,2.6705692066666664
2018-11-04,2.5949987466666666
2018-11-05,2.51824842
2018-11-06,2.2732491066666665
2018-11-07,2.0609321
2018-11-08,2.084706413333333
2018-11-09,2.2291810866666664
2018-11-10,2.3569016533333333
2018-11-11,2.4328260733333336
2018-11-12,2.2812722
2018-11-13,2.2245796066666665
2018-11-14,2.294781673333333
2018-11-15,2.280446293333333
2018-11-16,2.2066456333333333
2018-11-17,2.2117780533333335
2018-11-18,2.1124922733333333
2018-11-19,1.9394648266666668
2018-11-20,1.9440073133333333
2018-11-21,1.9248934733333332
2018-11-22,1.9667787399999999
2018-11-23,2.0290757
2018-11-24,1.86590014
2018-11-25,1.6553529333333332
2018-11-26,1.88678378
2018-11-27,2.2171464466666664
2018-11-28,2.1821044066666664
2018-11-29,2.1147930133333332
2018-11-30,2.0994547466666664
2018-12-01,2.00482944
2018-12-02,2.0100208533333332
2018-12-03,1.9582837
2018-12-04,1.72272332
2018-12-05,1.9184632
2018-12-06,2.093201453333333
2018-12-07,1.7903296800000001
2018-12-08,1.5740601200000002
2018-12-09,1.5283992800000001
2018-12-10,1.7849022933333334
2018-12-11,1.9481368466666666
2018-12-12,1.7674402666666664
2018-12-13,1.59122718
2018-12-14,1.6577126666666668
2018-12-15,1.798529753333333
2018-12-16,1.7433119933333334
2018-12-17,1.8333948133333333
2018-12-18,1.9750968
2018-12-19,1.9155135333333335
2018-12-20,1.8312710533333334
2018-12-21,1.8831261933333334
2018-12-22,1.8044290866666666
2018-12-23,1.8584079866666665
2018-12-24,1.9999329933333332
2018-12-25,1.9345093866666667
2018-12-26,1.8765779333333334
2018-12-27,1.7463796466666668
2018-12-28,1.6349412399999999
2018-12-29,1.5636183
2018-12-30,1.6574176999999999
2018-12-31,1.7349349399999998
2019-01-01,1.5246826999999998
2019-01-02,1.4105895933333332
2019-01-03,1.55370742
2019-01-04,1.7308644
2019-01-05,1.8219501066666666
2019-01-06,1.8442495866666666
2019-01-07,1.8371703866666669
2019-01-08,1.86413034
2019-01-09,1.8841880733333332
2019-01-10,1.894275933333333
2019-01-11,1.8673749733333331
2019-01-12,1.6897460466666665
2019-01-13,1.4179637600000001
2019-01-14,1.4663972866666668
2019-01-15,1.8287343399999998
2019-01-16,1.9633571266666667
2019-01-17,1.90288896
2019-01-18,1.8499719399999999
2019-01-19,1.8290882999999998
2019-01-20,1.84041502
2019-01-21,1.76873812
2019-01-22,1.5806673733333332
2019-01-23,1.67670852
2019-01-24,1.9523843666666665
2019-01-25,1.871091553333333
2019-01-26,1.7879109533333333
2019-01-27,1.7844303466666664
2019-01-28,1.53246982
2019-01-29,1.3026317933333333
2019-01-30,1.4179637600000001
2019-01-31,1.5254496133333335
2019-02-01,1.5786616
2019-02-02,1.6900410133333332
2019-02-03,1.7563495199999999
2019-02-04,1.7155851266666664
2019-02-05,1.64573702
2019-02-06,1.5061587933333334
2019-02-07,1.3082951533333333
2019-02-08,1.358026533333333
2019-02-09,1.6742897933333334
2019-02-10,1.72626292
2019-02-11,1.52167404
2019-02-12,1.5166006133333332
2019-02-13,1.6114618933333336
2019-02-14,1.65440904
2019-02-15,1.63830386
2019-02-16,1.5088134933333333
2019-02-17,1.5122351066666668
2019-02-18,1.5909322133333335
2019-02-19,1.5728802533333333
2019-02-20,1.5729982399999998
2019-02-21,1.5893983866666666
2019-02-22,1.5253316266666666
2019-02-23,1.4238630933333336
2019-02-24,1.3458739066666665
2019-02-25,1.380856953333333
2019-02-26,1.48610106
2019-02-27,1.5564801066666665
2019-02-28,1.5936459066666666
2019-03-01,1.6423154066666665
2019-03-02,1.6534061533333333
2019-03-03,1.5873926133333336
2019-03-04,1.4809686400000002
2019-03-05,1.4725915866666666
2019-03-06,1.5431476133333335
2019-03-07,1.5013213399999998
2019-03-08,1.4377265266666666
2019-03-09,1.4106485866666665
2019-03-10,1.39884992
2019-03-11,1.39884992
2019-03-12,1.4531237866666666
2019-03-13,1.4849801866666665
2019-03-14,1.4609109066666666
2019-03-15,1.49937456
2019-03-16,1.5781896533333333
2019-03-17,1.6063884666666668
2019-03-18,1.6033798066666665
2019-03-19,1.6035567866666665
2019-03-20,1.6059755133333333
2019-03-21,1.65954146
2019-03-22,1.6932266533333333
2019-03-23,1.7219564066666664
2019-03-24,1.7323392333333334
2019-03-25,1.7023116266666667
2019-03-26,1.7380025933333334
2019-03-27,1.8764599466666665
2019-03-28,2.0549737733333333
2019-03-29,2.1192765066666666
2019-03-30,2.0626429066666665
2019-03-31,2.0263620066666665
2019-04-01,2.065120626666667
2019-04-02,2.16411144
2019-04-03,2.1982095866666667
2019-04-04,2.2562590266666667
2019-04-05,2.4910524933333336
2019-04-06,2.7930393666666666
2019-04-07,3.1213372666666666
2019-04-08,3.625140333333333
2019-04-09,4.045762799999999
2019-04-10,3.9171573333333334
2019-04-11,3.6133416666666665
2019-04-12,3.5803054000000003
2019-04-13,3.597413466666666
2019-04-14,3.717169933333333
2019-04-15,4.191476333333333
2019-04-16,4.734215
2019-04-17,5.552452533333334
2019-04-18,7.029055666666667
2019-04-19,9.041318266666666
2019-04-20,10.589893266666666
2019-04-21,10.863622333333334
2019-04-22,12.008682933333334
2019-04-23,15.088724866666666
2019-04-24,18.169356733333334
2019-04-25,21.150879800000002
2019-04-26,26.20778833333333
2019-04-27,31.08948666666667
2019-04-28,32.700004666666665
2019-04-29,31.626326000000002
2019-04-30,27.368187199999998
2019-05-01,21.713086266666664
2019-05-02,18.119802333333332
2019-05-03,17.280917133333332
2019-05-04,17.660244266666666
2019-05-05,19.225927333333335
2019-05-06,21.74317286666667
2019-05-07,22.921859666666666
2019-05-08,22.176773866666665
2019-05-09,19.980452066666665
2019-05-10,18.300911866666663
2019-05-11,19.017090933333332
2019-05-12,22.272343066666664
2019-05-13,27.257869666666664
2019-05-14,32.458132
2019-05-15,37.01241733333333
2019-05-16,41.519508
2019-05-17,40.510722
2019-05-18,33.272240000000004
2019-05-19,28.050150133333332
2019-05-20,24.728825466666667
2019-05-21,21.600409
2019-05-22,19.094962133333333
2019-05-23,17.459077
2019-05-24,16.028488666666664
2019-05-25,15.304640466666667
2019-05-26,15.305820333333335
2019-05-27,15.128250399999999
2019-05-28,14.625627199999998
2019-05-29,14.1902564
2019-05-30,15.065127533333333
2019-05-31,17.808317533333334
2019-06-01,23.776673066666664
2019-06-02,31.000996666666666
2019-06-03,35.201322
2019-06-04,37.88551866666666
2019-06-05,44.38068466666667
2019-06-06,54.315161999999994
2019-06-07,60.267589333333326
2019-06-08,64.02546466666666
2019-06-09,64.65669333333334
2019-06-10,61.482852
2019-06-11,60.73363666666666
2019-06-12,64.00186733333334
2019-06-13,72.14294733333334
2019-06-14,78.52602599999999
2019-06-15,78.49652933333333
2019-06-16,75.66484933333334
2019-06-17,71.747692
2019-06-18,68.82162266666667
2019-06-19,69.74781800000001
2019-06-20,70.668114
2019-06-21,67.64765533333333
2019-06-22,59.28240066666666
2019-06-23,48.350936
2019-06-24,42.363112666666666
2019-06-25,42.575488666666665
2019-06-26,46.728619333333334
2019-06-27,53.24148333333333
2019-06-28,60.56845533333333
2019-06-29,66.33800333333333
2019-06-30,69.58853599999999
2019-07-01,70.00148933333334
2019-07-02,65.677278
2019-07-03,60.544858
2019-07-04,55.890284
2019-07-05,51.743052666666664
2019-07-06,48.085466
2019-07-07,45.059108
2019-07-08,43.631469333333335
2019-07-09,41.54900466666667
2019-07-10,39.519634
2019-07-11,39.077184
2019-07-12,38.39876066666667
2019-07-13,36.847236
2019-07-14,36.23370533333333
2019-07-15,36.39298733333333
2019-07-16,35.56708066666666
2019-07-17,33.74418666666667
2019-07-18,30.420502266666663
2019-07-19,27.588232333333334
2019-07-20,26.323415266666668
2019-07-21,24.67337173333333
2019-07-22,23.118897399999998
2019-07-23,22.753728666666664
2019-07-24,24.136532399999997
2019-07-25,24.812006066666665
2019-07-26,23.50884333333333
2019-07-27,22.06999593333333
2019-07-28,20.472456466666667
2019-07-29,18.543374466666666
2019-07-30,18.412409266666668
2019-07-31,17.995916333333334
2019-08-01,16.226116333333334
2019-08-02,15.287532400000002
2019-08-03,14.220343
2019-08-04,14.547756
2019-08-05,14.523568733333333
2019-08-06,12.992691733333332
2019-08-07,12.294210666666666
2019-08-08,11.986265466666666
2019-08-09,12.051158133333333
2019-08-10,12.522514866666667
2019-08-11,12.198641466666666
2019-08-12,11.054760733333334
2019-08-13,9.999959933333335
2019-08-14,9.230686866666668
2019-08-15,8.742222066666667
2019-08-16,8.4171688
2019-08-17,7.9823879333333325
2019-08-18,7.471505666666666
2019-08-19,7.017257000000001
2019-08-20,6.701052733333333
2019-08-21,6.462129733333334
2019-08-22,6.273941
2019-08-23,6.1482852
2019-08-24,6.0190898
2019-08-25,6.0155502
2019-08-26,5.869836666666667
2019-08-27,5.4869699333333335
2019-08-28,5.200262333333334
2019-08-29,5.097024
2019-08-30,5.0427501333333336
2019-08-31,4.9837568
2019-09-01,4.956619866666666
2019-09-02,4.8457124
2019-09-03,4.621537733333333
2019-09-04,4.4604859333333335
2019-09-05,4.472874533333333
2019-09-06,4.529508133333334
2019-09-07,4.545436333333334
2019-09-08,4.503551066666667
2019-09-09,4.324801266666667
2019-09-10,3.9997480000000003
2019-09-11,3.809199533333333
2019-09-12,3.7808827333333332
2019-09-13,3.725429
2019-09-14,3.681184
2019-09-15,3.681184
2019-09-16,3.5997732
2019-09-17,3.4841462666666665
2019-09-18,3.4275126666666664
2019-09-19,3.343742133333333
2019-09-20,3.0812218
2019-09-21,2.7161710533333334
2019-09-22,2.5788345733333333
2019-09-23,2.6157644
2019-09-24,2.5981843866666665
2019-09-25,2.5449134066666668
2019-09-26,2.57346618
2019-09-27,2.5746460466666665
2019-09-28,2.3927696
2019-09-29,2.24711506
2019-09-30,2.2467611
2019-10-01,2.2416876733333333
2019-10-02,2.225936453333333
2019-10-03,2.2553151333333337
2019-10-04,2.3031587266666667
2019-10-05,2.3379058
2019-10-06,2.3413864066666665
2019-10-07,2.2769656866666668
2019-10-08,2.1880627333333336
2019-10-09,2.140632093333333
2019-10-10,2.130013293333333
2019-10-11,2.105767033333333
2019-10-12,2.10358428
2019-10-13,2.1260017466666663
2019-10-14,2.1421069266666666
2019-10-15,2.13951122
2019-10-16,2.13915726
2019-10-17,2.1707186933333333
2019-10-18,2.2097132866666667
2019-10-19,2.2308918933333337
2019-10-20,2.2684706466666666
2019-10-21,2.4118244466666665
2019-10-22,2.5670359066666664
2019-10-23,2.5533494533333334
2019-10-24,2.4638565666666667
2019-10-25,2.4740034200000003
2019-10-26,2.5749410133333335
2019-10-27,2.7144012533333335
2019-10-28,2.7590592066666666
2019-10-29,2.64567402
2019-10-30,2.6275040733333332
2019-10-31,2.8425937666666665
2019-11-01,3.016329133333333
2019-11-02,2.9880123333333333
2019-11-03,3.0139694
2019-11-04,3.0310774666666664
2019-11-05,3.0422862
2019-11-06,3.0186888666666665
2019-11-07,2.8038351466666662
2019-11-08,2.6965852666666668
2019-11-09,2.7725096866666665
2019-11-10,2.856162233333333
2019-11-11,2.7985847400000003
2019-11-12,2.6865564
2019-11-13,2.6974701666666667
2019-11-14,2.6819549200000004
2019-11-15,2.68531754
2019-11-16,2.644317173333333
2019-11-17,2.62602924
2019-11-18,2.640423613333333
2019-11-19,2.69345862
2019-11-20,2.8487880666666663
2019-11-21,2.943767333333333
2019-11-22,2.7561685333333332
2019-11-23,2.4754192600000002
2019-11-24,2.4308203
2019-11-25,2.54107884
2019-11-26,2.47294154
2019-11-27,2.537067293333333
2019-11-28,2.9493717
2019-11-29,2.87893366
2019-11-30,2.5162426466666665
2019-12-01,2.711923533333333
2019-12-02,2.9291369866666663
2019-12-03,2.6101600333333335
2019-12-04,2.4643285133333332
2019-12-05,2.4004977266666665
2019-12-06,2.2890593200000002
2019-12-07,2.2923629466666666
2019-12-08,2.3763694533333335
2019-12-09,2.3130106133333332
2019-12-10,2.2741340066666664
2019-12-11,2.477425033333333
2019-12-12,2.5272154066666666
2019-12-13,2.4049812200000003
2019-12-14,2.369172266666667
2019-12-15,2.2964334866666665
2019-12-16,1.9949775533333332
2019-12-17,1.83811428
2019-12-18,1.9380489866666666
2019-12-19,1.9888422466666664
2019-12-20,2.0045934666666665
2019-12-21,2.0267749600000005
2019-12-22,2.086535206666667
2019-12-23,2.1661762066666665
2019-12-24,2.21118812
2019-12-25,2.2186802733333333
2019-12-26,2.1697158066666664
2019-12-27,2.1574451933333334
2019-12-28,2.09031078
2019-12-29,1.879940553333333
2019-12-30,1.77705618
2019-12-31,1.8391171666666664
2020-01-01,1.9656578666666666
2020-01-02,2.01243958
2020-01-03,1.9964523866666666
2020-01-04,1.9826479466666667
2020-01-05,1.9627082
2020-01-06,1.9430044266666666
2020-01-07,1.9352763
2020-01-08,1.9397008
2020-01-09,1.9044227866666665
2020-01-10,1.8145169466666669
2020-01-11,1.7937512933333333
2020-01-12,1.8456654266666668
2020-01-13,1.81970836
2020-01-14,1.7795339
2020-01-15,1.77174678
2020-01-16,1.7828965200000002
2020-01-17,1.7293895666666665
2020-01-18,1.6288059333333333
2020-01-19,1.6506924600000001
2020-01-20,1.7814216866666666
2020-01-21,1.8775218266666667
2020-01-22,1.8610036933333334
2020-01-23,1.8354005866666665
2020-01-24,1.8141039933333334
2020-01-25,1.7929253866666668
2020-01-26,1.775699333333333
2020-01-27,1.7494473
2020-01-28,1.7259679533333332
2020-01-29,1.7054972666666666
2020-01-30,1.6848496
2020-01-31,1.7241981533333333
2020-02-01,1.74661562
2020-02-02,1.7299205066666667
2020-02-03,1.6516953466666668
2020-02-04,1.5412598266666666
2020-02-05,1.5979524200000002
2020-02-06,1.6983000799999999
2020-02-07,1.7295665466666668
2020-02-08,1.76466758
2020-02-09,1.7691510733333333
2020-02-10,1.7336960799999999
2020-02-11,1.77705618
2020-02-12,1.8732743066666666
2020-02-13,1.8338077666666666
2020-02-14,1.7841353799999997
2020-02-15,1.79475418
2020-02-16,1.7658474466666665
2020-02-17,1.7286226533333335
2020-02-18,1.6785373133333332
2020-02-19,1.6485097066666665
2020-02-20,1.5892214066666668
2020-02-21,1.6814279866666668
2020-02-22,1.7984117666666666
2020-02-23,1.6755876466666668
2020-02-24,1.5817882466666668
2020-02-25,1.4916464333333332
2020-02-26,1.5957106733333333
2020-02-27,1.7075620333333335
2020-02-28,1.5564801066666665
2020-02-29,1.52963814
2020-03-01,1.6019639666666665
2020-03-02,1.5561261466666665
2020-03-03,1.4714117199999999
2020-03-04,1.5006724133333333
2020-03-05,1.50769262
2020-03-06,1.601669
2020-03-07,1.7424270933333332
2020-03-08,1.8004765333333335
2020-03-09,1.80006358
2020-03-10,1.81121332
2020-03-11,1.8635404066666668
2020-03-12,1.8874917
2020-03-13,1.9074904400000001
2020-03-14,1.9096142
2020-03-15,1.8993493600000002
2020-03-16,1.9604664533333336
2020-03-17,1.976453646666667
2020-03-18,1.9981631933333333
2020-03-19,2.0233533466666667
2020-03-20,1.9253064266666666
2020-03-21,1.8956917733333334
2020-03-22,1.8987594266666665
2020-03-23,1.8794096133333333
2020-03-24,1.91633944
2020-03-25,1.9150415866666668
2020-03-26,1.93916986
2020-03-27,1.91864018
2020-03-28,1.8203572866666666
2020-03-29,1.8658411466666667
2020-03-30,1.9276071666666665
2020-03-31,1.9507325533333333
2020-04-01,2.035564966666667
2020-04-02,2.02429724
2020-04-03,1.9935617133333332
2020-04-04,2.0614040466666665
2020-04-05,2.1769719866666666
2020-04-06,2.4022675266666664
2020-04-07,2.6613662466666663
2020-04-08,2.9393428333333333
2020-04-09,3.5897443333333334
2020-04-10,4.187346799999999
2020-04-11,4.587911533333333
2020-04-12,4.5200692
2020-04-13,3.7926813999999998
2020-04-14,3.415124066666667
2020-04-15,3.3685193333333334
2020-04-16,3.1809205333333335
2020-04-17,2.972084133333333
2020-04-18,3.110128533333333
2020-04-19,3.2281152
2020-04-20,3.3502314
2020-04-21,3.7543357333333334
2020-04-22,4.551335666666667
2020-04-23,5.164866333333333
2020-04-24,5.414998066666667
2020-04-25,6.312286666666666
2020-04-26,8.0561296
2020-04-27,10.786931000000001
2020-04-28,14.283465866666667
2020-04-29,17.007778
2020-04-30,18.808844466666667
2020-05-01,21.106044866666664
2020-05-02,22.516575466666666
2020-05-03,23.1719914
2020-05-04,22.764347466666667
2020-05-05,20.742645933333332
2020-05-06,19.450102
2020-05-07,17.880879333333333
2020-05-08,16.482147400000002
2020-05-09,15.934689266666666
2020-05-10,17.170009666666665
2020-05-11,18.784067266666664
2020-05-12,18.2360192
2020-05-13,17.0396344
2020-05-14,16.291598933333333
2020-05-15,15.635003133333333
2020-05-16,15.883365066666668
2020-05-17,19.1333078
2020-05-18,24.586651533333335
2020-05-19,28.069028
2020-05-20,27.487353733333332
2020-05-21,25.1382392
2020-05-22,23.6144414
2020-05-23,21.866468933333334
2020-05-24,19.190531333333332
2020-05-25,17.886188733333334
2020-05-26,18.705606133333333
2020-05-27,22.028700599999997
2020-05-28,27.712118333333333
2020-05-29,34.540596666666666
2020-05-30,39.58452666666667
2020-05-31,40.38093666666666
2020-06-01,39.50783533333333
2020-06-02,38.41055933333333
2020-06-03,36.69975266666666
2020-06-04,35.419597333333336
2020-06-05,37.271988
2020-06-06,39.926688
2020-06-07,35.17772466666667
2020-06-08,28.374023533333332
2020-06-09,23.943624200000002
2020-06-10,19.751557933333334
2020-06-11,17.900347133333334
2020-06-12,17.945182066666664
2020-06-13,19.929127866666665
2020-06-14,21.302492666666666
2020-06-15,19.752737800000002
2020-06-16,17.8448934
2020-06-17,16.93757593333333
2020-06-18,16.019049733333333
2020-06-19,14.391423666666666
2020-06-20,12.733121066666667
2020-06-21,12.166195133333334
2020-06-22,12.035819866666666
2020-06-23,11.911343933333333
2020-06-24,11.658852466666666
2020-06-25,11.143840666666668
2020-06-26,10.4347408
2020-06-27,9.809411466666667
2020-06-28,9.229507
2020-06-29,8.512738
2020-06-30,7.6225286
2020-07-01,6.8508958
2020-07-02,6.473338466666667
2020-07-03,6.426733733333333
2020-07-04,6.5783466
2020-07-05,6.575396933333334
2020-07-06,6.237955066666667
2020-07-07,5.9093622
2020-07-08,5.6138056
2020-07-09,5.341846333333333
2020-07-10,5.170765666666667
2020-07-11,5.069887066666666
2020-07-12,5.0810958
2020-07-13,5.016793066666667
2020-07-14,4.790258666666666
2020-07-15,4.5094503999999995
2020-07-16,4.386744266666667
2020-07-17,4.432169133333334
2020-07-18,4.4174208
2020-07-19,4.200325333333334
2020-07-20,3.8829412
2020-07-21,3.7808827333333332
2020-07-22,3.725429
2020-07-23,3.681184
2020-07-24,3.8711425333333334
2020-07-25,4.226872333333334
2020-07-26,4.2534193333333326
2020-07-27,4.078799066666667
2020-07-28,4.008597
2020-07-29,3.9100781333333328
2020-07-30,3.769674
2020-07-31,3.504793933333333
2020-08-01,3.3266340666666667
2020-08-02,3.3413824
2020-08-03,3.2871085333333334
2020-08-04,3.1602728666666664
2020-08-05,3.2900582000000003
2020-08-06,3.6741048
2020-08-07,3.796810933333333
2020-08-08,3.6971122
2020-08-09,3.5714564
2020-08-10,3.4015556
2020-08-11,3.2180863333333334
2020-08-12,3.0334372
2020-08-13,2.868963786666667
2020-08-14,2.7348129466666666
2020-08-15,2.6312796466666666
2020-08-16,2.6461459666666665
2020-08-17,2.7102717199999997
2020-08-18,2.6349372333333334
2020-08-19,2.4961849133333334
2020-08-20,2.3818558333333333
2020-08-21,2.3103559133333333
2020-08-22,2.272836153333333
2020-08-23,2.2475870066666666
2020-08-24,2.253073386666667
2020-08-25,2.30109396
2020-08-26,2.3249272666666667
2020-08-27,2.2948406666666665
2020-08-28,2.3087630933333334
2020-08-29,2.36816938
2020-08-30,2.39772504
2020-08-31,2.4289915066666663
2020-09-01,2.3582585000000003
2020-09-02,2.235493373333333
2020-09-03,2.15420056
2020-09-04,2.08889494
2020-09-05,2.0606961266666666
2020-09-06,2.0254771066666666
2020-09-07,2.0767423133333334
2020-09-08,2.210539193333333
2020-09-09,2.38905302
2020-09-10,2.575707926666667
2020-09-11,2.6526942266666667
2020-09-12,2.64708986
2020-09-13,2.59240304
2020-09-14,2.5420817266666664
2020-09-15,2.4634436133333333
2020-09-16,2.3603232666666663
2020-09-17,2.320620753333333
2020-09-18,2.3096479933333334
2020-09-19,2.29525362
2020-09-20,2.2596216466666665
2020-09-21,2.12800752
2020-09-22,2.00553736
2020-09-23,1.9512045
2020-09-24,1.9195250799999999
2020-09-25,1.955511013333333
2020-09-26,1.9904350666666666
2020-09-27,1.9976912466666665
2020-09-28,1.98695446
2020-09-29,1.77829504
2020-09-30,1.5102883266666665
2020-10-01,1.4443927733333333
2020-10-02,1.4344228999999997
2020-10-03,1.43813948
2020-10-04,1.4524158666666667
2020-10-05,1.46238574
2020-10-06,1.4722376266666666
2020-10-07,1.4754232666666667
2020-10-08,1.4670462133333333
2020-10-09,1.4258688666666668
2020-10-10,1.4051622066666667
2020-10-11,1.4229781933333332
2020-10-12,1.41743282
2020-10-13,1.4211494
2020-10-14,1.4313552466666666
2020-10-15,1.4436848533333333
2020-10-16,1.4731225266666668
2020-10-17,1.4773700466666666
2020-10-18,1.4747153466666667
2020-10-19,1.5071026866666666
2020-10-20,1.53848714
2020-10-21,1.5707564933333333
2020-10-22,1.62396848
2020-10-23,1.6539370933333333
2020-10-24,1.6683904600000001
2020-10-25,1.7285046666666668
2020-10-26,1.7589452266666668
2020-10-27,1.7783540333333334
2020-10-28,1.916752393333333
2020-10-29,2.0316714066666663
2020-10-30,2.01686408
2020-10-31,1.9937386933333332
2020-11-01,1.9539181933333332
2020-11-02,1.90890628
2020-11-03,1.9068415133333332
2020-11-04,1.90200406
2020-11-05,1.9389338866666668
2020-11-06,2.153610626666667
2020-11-07,2.4633256266666668
2020-11-08,2.716643
2020-11-09,2.7122774933333336
2020-11-10,2.486156046666667
2020-11-11,2.3543059466666665
2020-11-12,2.2610374866666665
2020-11-13,2.2826290466666666
2020-11-14,2.3339532466666664
2020-11-15,2.329823713333333
2020-11-16,2.3705881066666668
2020-11-17,2.3506483599999997
2020-11-18,2.3865753
2020-11-19,2.3809709333333333
2020-11-20,2.365396693333333
2020-11-21,2.317612093333333
2020-11-22,2.2890003266666668
2020-11-23,2.436601646666667
2020-11-24,2.234785453333333
2020-11-25,1.9653629
2020-11-26,2.023471333333333
2020-11-27,1.8915032466666666
2020-11-28,1.7132843866666665
2020-11-29,1.68591148
2020-11-30,1.7231362733333333
2020-12-01,1.8589389266666665
2020-12-02,1.7263219133333332
2020-12-03,1.4778419933333333
2020-12-04,1.58007744
2020-12-05,1.74201414
2020-12-06,1.7207175466666664
2020-12-07,1.6518133333333331
2020-12-08,1.59972222
2020-12-09,1.636593053333333
2020-12-10,1.8677289333333331
2020-12-11,2.0211705933333333
2020-12-12,1.89209318
2020-12-13,1.7577063666666666
2020-12-14,1.8744541733333333
2020-12-15,2.020344686666667
2020-12-16,1.9431224133333334
2020-12-17,2.0136194466666666
2020-12-18,2.0706070066666666
2020-12-19,1.85864396
2020-12-20,1.8359315266666665
2020-12-21,1.8899104266666666
2020-12-22,1.81563782
2020-12-23,1.5254496133333333
2020-12-24,1.2561450466666666
2020-12-25,1.4170198666666665
2020-12-26,1.777646113333333
2020-12-27,1.973562973333333
2020-12-28,1.96430102
2020-12-29,1.73935944
2020-12-30,1.5282812933333334
2020-12-31,1.6683314666666667
2021-01-01,1.7194196933333334
2021-01-02,1.6433772866666667
2021-01-03,1.7513940799999999
2021-01-04,1.8548683866666666
2021-01-05,1.7352299066666668
2021-01-06,1.4944191199999999
2021-01-07,1.3949563600000001
2021-01-08,1.49884362
2021-01-09,1.4920003933333332
2021-01-10,1.2927799066666665
2021-01-11,1.1795717000000001
2021-01-12,1.3135455600000001
2021-01-13,1.5901653
2021-01-14,1.60113806
2021-01-15,1.5318208933333333
2021-01-16,1.6245584133333335
2021-01-17,1.6167122999999999
2021-01-18,1.55317648
2021-01-19,1.4920003933333337
2021-01-20,1.4734764866666668
2021-01-21,1.4743023933333335
2021-01-22,1.4449827066666667
2021-01-23,1.3524221666666667
2021-01-24,1.30274978
2021-01-25,1.3350781266666667
2021-01-26,1.4342459200000002
2021-01-27,1.5458613066666667
2021-01-28,1.4391423666666665
2021-01-29,1.3791461466666666
2021-01-30,1.27195526
2021-01-31,1.0925565333333334
2021-02-01,1.2142597800000001
2021-02-02,1.3812109133333335
2021-02-03,1.3582035133333334
2021-02-04,1.2540212866666667
2021-02-05,1.3320694666666666
2021-02-06,1.3600323066666666
2021-02-07,1.2631652533333333
2021-02-08,1.3251082533333334
2021-02-09,1.4042773066666667
2021-02-10,1.40203556
2021-02-11,1.3986139466666667
2021-02-12,1.4140112066666666
2021-02-13,1.3971981066666663
2021-02-14,1.34734874
2021-02-15,1.34557894
2021-02-16,1.3622740533333333
2021-02-17,1.3387357133333335
2021-02-18,1.29513964
2021-02-19,1.3160822733333333
2021-02-20,1.3649877466666667
2021-02-21,1.34575592
2021-02-22,1.33212846
2021-02-23,1.3406235000000002
2021-02-24,1.345048
2021-02-25,1.3355500733333334
2021-02-26,1.3143714666666666
2021-02-27,1.2347304666666667
2021-02-28,1.151490873333333
2021-03-01,1.1683039733333331
2021-03-02,1.19780064
2021-03-03,1.2235807266666667
2021-03-04,1.2651710266666667
2021-03-05,1.2568529666666668
2021-03-06,1.2575608866666665
2021-03-07,1.3235744266666667
2021-03-08,1.3309485933333334
2021-03-09,1.3212146933333333
2021-03-10,1.2950806466666667
2021-03-11,1.25089464
2021-03-12,1.2916590333333333
2021-03-13,1.3357270533333334
2021-03-14,1.34823364
2021-03-15,1.3420983333333332
2021-03-16,1.3043426
2021-03-17,1.27230922
2021-03-18,1.3195038866666666
2021-03-19,1.38079796
2021-03-20,1.4724736
2021-03-21,1.5242697466666666
2021-03-22,1.4751283
2021-03-23,1.4441568
2021-03-24,1.4590821133333334
2021-03-25,1.4468115
2021-03-26,1.3412134333333334
2021-03-27,1.3197988533333331
2021-03-28,1.472886553333333
2021-03-29,1.65016152
2021-03-30,1.6151784733333334
2021-03-31,1.5474541266666666
2021-04-01,1.7445508533333334
2021-04-02,2.08376252
2021-04-03,2.5709294666666667
2021-04-04,3.009249933333333
2021-04-05,3.822768
2021-04-06,4.6120988
2021-04-07,4.9041158000000005
2021-04-08,5.2881624
2021-04-09,5.410868533333333
2021-04-10,5.745360733333334
2021-04-11,6.5801164000000005
2021-04-12,7.0225664
2021-04-13,6.751197066666666
2021-04-14,6.4562304
2021-04-15,5.899923266666666
2021-04-16,5.3223785333333336
2021-04-17,5.134779733333333
2021-04-18,5.088764933333333
2021-04-19,5.335947
2021-04-20,5.244507333333334
2021-04-21,4.920633933333334
2021-04-22,4.715337133333334
2021-04-23,4.469924866666667
2021-04-24,4.327750933333333
2021-04-25,5.0427501333333336
2021-04-26,5.610266
2021-04-27,5.2368382
2021-04-28,4.872849333333334
2021-04-29,5.7500802
2021-04-30,8.558752799999999
2021-05-01,11.685989399999999
2021-05-02,13.4168538
2021-05-03,12.2346274
2021-05-04,9.4436528
2021-05-05,7.7711918
2021-05-06,6.714031266666667
2021-05-07,6.991889866666667
2021-05-08,7.555276200000001
2021-05-09,6.818449466666666
2021-05-10,5.9323696
2021-05-11,5.1713556
2021-05-12,4.566084
2021-05-13,4.294124733333333
2021-05-14,5.154247533333334
2021-05-15,7.246151133333334
2021-05-16,9.6436402
2021-05-17,10.4453596
2021-05-18,9.880203466666666
2021-05-19,11.9337614
2021-05-20,14.888737466666667
2021-05-21,14.8079166
2021-05-22,15.214970600000001
2021-05-23,15.7052052
2021-05-24,15.0840054
2021-05-25,16.676825400000002
2021-05-26,16.6431992
2021-05-27,16.8290282
2021-05-28,19.1917112
2021-05-29,20.1173166
2021-05-30,19.008241933333334
2021-05-31,17.686791266666663
2021-06-01,17.965829733333333
2021-06-02,19.543311466666665
2021-06-03,23.2834888
2021-06-04,27.75636333333333
2021-06-05,29.59695533333333
2021-06-06,28.90673333333333
2021-06-07,27.2177542
2021-06-08,24.78840873333333
2021-06-09,22.320127666666664
2021-06-10,20.1597918
2021-06-11,18.477301933333333
2021-06-12,17.2254634
2021-06-13,16.148245133333333
2021-06-14,15.086955066666667
2021-06-15,14.241580599999999
2021-06-16,13.741907066666668
2021-06-17,13.155513333333332
2021-06-18,12.620443799999999
2021-06-19,11.687169266666666
2021-06-20,10.1657312
2021-06-21,8.711545533333334
2021-06-22,7.615449399999999
2021-06-23,7.3871452
2021-06-24,8.995303466666666
2021-06-25,9.819440333333333
2021-06-26,8.309211
2021-06-27,7.224913533333333
2021-06-28,6.6048936000000005
2021-06-29,6.319365866666666
2021-06-30,6.228516133333333
2021-07-01,6.040917333333333
2021-07-02,5.547143133333333
2021-07-03,5.076966266666667
2021-07-04,4.761941866666667
2021-07-05,4.8339137333333335
2021-07-06,4.796157999999999
2021-07-07,4.422140266666667
2021-07-08,4.3448590000000005
2021-07-09,4.4298094
2021-07-10,4.1891166
2021-07-11,3.784422333333333
2021-07-12,3.626910133333333
2021-07-13,3.9342653999999997
2021-07-14,4.359607333333333
2021-07-15,4.1448716
2021-07-16,3.784422333333333
2021-07-17,3.6133416666666665
2021-07-18,3.3903468666666665
2021-07-19,3.1602728666666664
2021-07-20,3.167942
2021-07-21,3.3378428
2021-07-22,3.521312066666667
2021-07-23,3.610981933333333
2021-07-24,3.5419597333333335
2021-07-25,3.8221780666666665
2021-07-26,4.435118800000001
2021-07-27,4.687020333333334
2021-07-28,4.604429666666666
2021-07-29,4.4492772
2021-07-30,4.794978133333333
2021-07-31,5.375472533333333
2021-08-01,5.669849266666667
2021-08-02,5.671619066666666
2021-08-03,5.288752333333334
2021-08-04,4.852791600000001
2021-08-05,4.4245
2021-08-06,4.0439929999999995
2021-08-07,3.7413572
2021-08-08,3.598593333333333
2021-08-09,3.471757666666667
2021-08-10,3.3301736666666666
2021-08-11,3.202158133333333
2021-08-12,3.0888909333333334
2021-08-13,2.837225373333333
2021-08-14,2.6169442666666667
2021-08-15,2.652635233333333
2021-08-16,2.6744037733333332
2021-08-17,2.598538346666667
2021-08-18,2.606974393333333
2021-08-19,2.7176458866666664
2021-08-20,2.7450777866666667
2021-08-21,2.6694483333333334
2021-08-22,2.5785986
2021-08-23,2.4909345066666666
2021-08-24,2.3989639
2021-08-25,2.3448670133333334
2021-08-26,2.31861498
2021-08-27,2.274782933333333
2021-08-28,2.2444013666666667
2021-08-29,2.2410977400000003
2021-08-30,2.2713023266666665
2021-08-31,2.29118308
2021-09-01,2.3081141666666665
2021-09-02,2.3008579866666667
2021-09-03,2.2177363800000003
2021-09-04,2.1270046333333332
2021-09-05,2.0378657066666666
2021-09-06,1.9553930266666664
2021-09-07,1.9034788933333333
2021-09-08,1.9009421800000001
2021-09-09,1.9033609066666664
2021-09-10,1.8725663866666666
2021-09-11,1.84377764
2021-09-12,1.8295012533333335
2021-09-13,1.84802516
2021-09-14,1.84607838
2021-09-15,1.7974678733333331
2021-09-16,1.7348759466666666
2021-09-17,1.4936522066666666
2021-09-18,1.1457095266666666
2021-09-19,0.9940376666666667
2021-09-20,0.9965153866666666
2021-09-21,1.01869688
2021-09-22,1.0540338866666665
2021-09-23,1.0908457266666667
2021-09-24,1.1154459466666669
2021-09-25,1.1322000533333334
2021-09-26,1.13585764
2021-09-27,1.1297223333333333
2021-09-28,1.1842321733333332
2021-09-29,1.2782675466666666
2021-09-30,1.27478694
2021-10-01,1.2016942
2021-10-02,1.1751472
2021-10-03,1.1927862066666666
2021-10-04,1.2187432733333334
2021-10-05,1.2288311333333333
2021-10-06,1.2372081866666667
2021-10-07,1.2946676933333332
2021-10-08,1.6220806933333334
2021-10-09,2.0310224800000003
2021-10-10,2.1087756933333335
2021-10-11,2.1590380133333333
2021-10-12,2.29259892
2021-10-13,2.3205027666666664
2021-10-14,2.397961013333333
2021-10-15,2.4696969066666665
2021-10-16,2.5148858
2021-10-17,2.5808993399999998
2021-10-18,2.6273860866666667
2021-10-19,2.645968986666667
2021-10-20,2.6585345666666664
2021-10-21,2.9552710333333336
2021-10-22,3.1331359333333335
2021-10-23,3.070603
2021-10-24,3.114848
2021-10-25,3.1826903333333334
2021-10-26,3.256432
2021-10-27,3.1885896666666667
2021-10-28,3.1012795333333334
2021-10-29,3.0593942666666667
2021-10-30,2.9891921999999997
2021-10-31,2.9449472
2021-11-01,2.9585156666666665
2021-11-02,3.0411063333333335
2021-11-03,2.9927318
2021-11-04,2.830146173333333
2021-11-05,2.763778673333333
2021-11-06,2.7255509933333335
2021-11-07,2.7050803066666664
2021-11-08,2.6532251666666666
2021-11-09,2.7102127266666667
2021-11-10,2.757466386666666
2021-11-11,2.643078313333333
2021-11-12,2.694992446666667
2021-11-13,2.8013574266666663
2021-11-14,2.8010624600000003
2021-11-15,2.805545953333333
2021-11-16,2.706319166666667
2021-11-17,2.4171338466666668
2021-11-18,2.143109813333333
2021-11-19,2.3310625733333334
2021-11-20,2.431233253333333
2021-11-21,2.0706070066666666
2021-11-22,1.8679059133333331
2021-11-23,2.10588502
2021-11-24,2.0080740733333333
2021-11-25,1.6843776533333334
2021-11-26,1.83209696
2021-11-27,1.9083163466666664
2021-11-28,1.91828622
2021-11-29,1.9132127933333336
2021-11-30,1.88253626
2021-12-01,1.8414179066666667
2021-12-02,1.799060693333333
2021-12-03,1.77139282
2021-12-04,1.7316903066666667
2021-12-05,1.6634940133333334
2021-12-06,1.7884418933333333
2021-12-07,1.7858461866666666
2021-12-08,1.7571754266666666
2021-12-09,1.8511518066666666
2021-12-10,1.5904602666666667
2021-12-11,1.4545986199999998
2021-12-12,1.6030258466666665
2021-12-13,1.79139156
2021-12-14,1.8778757866666667
2021-12-15,1.8131601
2021-12-16,1.7854922266666666
2021-12-17,1.60219994
2021-12-18,1.3568466666666665
2021-12-19,1.4495251933333335
2021-12-20,1.63635708
2021-12-21,1.67529268
2021-12-22,1.74909334
2021-12-23,2.246466133333333
2021-12-24,2.50108136
2021-12-25,2.185761993333333
2021-12-26,1.95102752
2021-12-27,1.8313890400000001
2021-12-28,1.7565854933333334
2021-12-29,1.766909326666667
2021-12-30,1.79156854
2021-12-31,1.70909586
2022-01-01,1.5022652333333333
2022-01-02,1.4324761199999998
2022-01-03,1.6844366466666665
2022-01-04,1.89209318
2022-01-05,1.9467800000000002
2022-01-06,1.9753917666666665
2022-01-07,1.9910839933333333
2022-01-08,1.88996942
2022-01-09,1.6239094866666666
2022-01-10,1.5407878799999999
2022-01-11,1.6420794333333333
2022-01-12,1.7350529266666666
2022-01-13,1.8737462533333333
2022-01-14,1.9271942133333333
2022-01-15,1.7909196133333332
2022-01-16,1.7351709133333335
2022-01-17,1.8139270133333332
2022-01-18,1.862419533333333
2022-01-19,1.8613576533333331
2022-01-20,1.8540424800000002
2022-01-21,1.8527446266666665
2022-01-22,1.7533998533333335
2022-01-23,1.6542910533333333
2022-01-24,1.7589452266666665
2022-01-25,1.7828965200000002
2022-01-26,1.6447931266666664
2022-01-27,1.5125300733333333
2022-01-28,1.39601824
2022-01-29,1.4652174199999999
2022-01-30,1.5729982399999998
2022-01-31,1.6545270266666667
2022-02-01,1.7195966733333334
2022-02-02,1.5906372466666667
2022-02-03,1.39212468
2022-02-04,1.41707886
2022-02-05,1.5709924666666666
2022-02-06,1.6212547866666664
2022-02-07,1.5747680399999997
2022-02-08,1.5957696666666665
2022-02-09,1.6092201466666667
2022-02-10,1.5465102333333334
2022-02-11,1.4750103133333334
2022-02-12,1.4293494733333334
2022-02-13,1.4251019533333331
2022-02-14,1.46167782
2022-02-15,1.466161313333333
2022-02-16,1.4415610933333334
2022-02-17,1.4180227533333334
2022-02-18,1.3893519933333334
2022-02-19,1.3939534733333332
2022-02-20,1.4237451066666666
2022-02-21,1.4235681266666667
2022-02-22,1.4114155000000002
2022-02-23,1.4131263066666666
2022-02-24,1.3830397066666666
2022-02-25,1.3277629533333333
2022-02-26,1.31195274
2022-02-27,1.3320104733333331
2022-02-28,1.3488825666666664
2022-03-01,1.3782022533333331
2022-03-02,1.3635719066666665
2022-03-03,1.3618610999999998
2022-03-04,1.4627397
2022-03-05,1.5670989066666667
2022-03-06,1.5405519066666666
2022-03-07,1.3881131333333334
2022-03-08,1.3826267533333334
2022-03-09,1.4547166066666666
2022-03-10,1.37743534
2022-03-11,1.3368479266666666
2022-03-12,1.39743408
2022-03-13,1.472178633333333
2022-03-14,1.4321811533333333
2022-03-15,1.4100586533333332
2022-03-16,1.5597837333333333
2022-03-17,1.4971918066666665
2022-03-18,1.3773763466666666
2022-03-19,1.5109372533333332
2022-03-20,1.6424333933333333
2022-03-21,1.5257445800000002
2022-03-22,1.4122414066666666
2022-03-23,1.5048019466666667
2022-03-24,1.6695703266666666
2022-03-25,1.9489627533333334
2022-03-26,2.28587368
2022-03-27,2.6759375999999997
2022-03-28,3.2546622000000003
2022-03-29,3.6935726
2022-03-30,3.4935852
2022-03-31,3.4045052666666664
2022-04-01,3.5148227999999997
2022-04-02,3.616291333333333
2022-04-03,3.7413572
2022-04-04,3.8156888
2022-04-05,3.6805940666666666
2022-04-06,3.273540066666667
2022-04-07,3.3219146
2022-04-08,3.8617036000000002
2022-04-09,4.697639133333333
2022-04-10,5.030361533333333
2022-04-11,4.899986266666667
2022-04-12,4.5312779333333335
2022-04-13,3.9997480000000003
2022-04-14,3.822768
2022-04-15,3.7956310666666666
2022-04-16,3.8882505999999997
2022-04-17,4.3059234
2022-04-18,5.741821133333333
2022-04-19,8.987634333333334
2022-04-20,13.532480733333335
2022-04-21,18.34987633333333
2022-04-22,19.442432866666667
2022-04-23,15.822601933333333
2022-04-24,12.557320933333335
2022-04-25,11.131452066666666
2022-04-26,10.744455799999999
2022-04-27,10.720858466666664
2022-04-28,11.637614866666667
2022-04-29,12.782085533333335
2022-04-30,14.1584
2022-05-01,15.750630066666666
2022-05-02,15.6167152
2022-05-03,14.991385866666667
2022-05-04,14.886377733333333
2022-05-05,17.1688298
2022-05-06,23.075242333333332
2022-05-07,29.281340999999998
2022-05-08,33.20734733333333
2022-05-09,34.151240666666666
2022-05-10,34.49930133333333
2022-05-11,36.493276
2022-05-12,35.47859066666666
2022-05-13,33.142454666666666
2022-05-14,35.15412733333333
2022-05-15,40.23935266666667
2022-05-16,41.54900466666667
2022-05-17,41.41921933333333
2022-05-18,44.941121333333335
2022-05-19,46.46314933333333
2022-05-20,40.988568
2022-05-21,31.947839666666667
2022-05-22,25.924620333333333
2022-05-23,23.474037266666667
2022-05-24,22.8498878
2022-05-25,23.4356916
2022-05-26,27.502692
2022-05-27,33.71469
2022-05-28,35.997732
2022-05-29,33.34893133333333
2022-05-30,28.36517453333333
2022-05-31,23.743046866666663
2022-06-01,23.101789333333333
2022-06-02,25.650891266666665
2022-06-03,28.039531333333333
2022-06-04,29.549760666666668
2022-06-05,31.26056733333333
2022-06-06,33.76188466666667
2022-06-07,36.35759133333333
2022-06-08,36.552269333333335
2022-06-09,35.69096666666667
2022-06-10,35.66736933333333
2022-06-11,35.82665133333333
2022-06-12,34.458006000000005
2022-06-13,31.638124666666666
2022-06-14,27.96696953333333
2022-06-15,24.437398400000003
2022-06-16,22.980853
2022-06-17,23.8728322
2022-06-18,27.482044333333334
2022-06-19,27.503871866666668
2022-06-20,22.864636133333335
2022-06-21,20.378067133333335
2022-06-22,18.8342116
2022-06-23,18.051370066666667
2022-06-24,17.2927158
2022-06-25,16.506334666666664
2022-06-26,16.98595046666667
2022-06-27,16.37123993333333
2022-06-28,14.2698974
2022-06-29,14.012096533333333
2022-06-30,14.539496933333332
2022-07-01,13.048145466666668
2022-07-02,11.6576726
2022-07-03,11.4028214
2022-07-04,11.650003466666668
2022-07-05,12.388599999999999
2022-07-06,12.335506
2022-07-07,11.1603588
2022-07-08,9.7940732
2022-07-09,8.781157666666667
2022-07-10,8.163497466666668
2022-07-11,7.672083
2022-07-12,7.131704066666667
2022-07-13,6.772434666666666
2022-07-14,6.749427266666667
2022-07-15,6.7712548
2022-07-16,6.4385324
2022-07-17,5.996672333333334
2022-07-18,5.642122399999999
2022-07-19,5.1394991999999995
2022-07-20,4.690559933333334
2022-07-21,4.519479266666667
2022-07-22,4.3914637333333335
2022-07-23,4.522428933333333
2022-07-24,4.973138
2022-07-25,5.143628733333333
2022-07-26,4.9182742
2022-07-27,4.799107666666667
2022-07-28,4.746013666666666
2022-07-29,4.563724266666667
2022-07-30,4.4050322
2022-07-31,4.292944866666667
2022-08-01,4.4634355999999995
2022-08-02,4.5796524666666665
2022-08-03,4.281736133333333
2022-08-04,4.052842
2022-08-05,3.9236466
2022-08-06,3.8251277333333333
2022-08-07,3.725429
2022-08-08,3.6133416666666665
2022-08-09,3.607442333333333
2022-08-10,4.101806466666667
2022-08-11,4.4368886000000005
2022-08-12,4.1820374000000005
2022-08-13,3.9678915999999997
2022-08-14,3.8658331333333327
2022-08-15,4.0139064
2022-08-16,4.2994341333333335
2022-08-17,4.268167666666667
2022-08-18,4.119504466666666
2022-08-19,4.1342528
2022-08-20,4.107115866666667
2022-08-21,4.050482266666667
2022-08-22,3.9802801999999997
2022-08-23,3.9360352000000005
2022-08-24,3.9903090666666667
2022-08-25,4.3749456
2022-08-26,5.0138434
2022-08-27,5.4185376666666665
2022-08-28,5.386091333333333
2022-08-29,5.048649466666666
2022-08-30,4.692919666666667
2022-08-31,4.4085718
2022-09-01,4.1808575333333335
2022-09-02,3.9962084
2022-09-03,3.7856022
2022-09-04,3.5578879333333333
2022-09-05,3.4003757333333335
2022-09-06,3.273540066666667
2022-09-07,3.159093
2022-09-08,3.0741426
2022-09-09,2.9891921999999997
2022-09-10,2.9042418
2022-09-11,2.8355735600000003
2022-09-12,2.8334498
2022-09-13,2.968544533333333
2022-09-14,3.167942
2022-09-15,3.270000466666666
2022-09-16,2.96317614
2022-09-17,2.258146813333333
2022-09-18,1.850030933333333
2022-09-19,1.8372883733333332
2022-09-20,1.9074314466666664
2022-09-21,2.135027726666667
2022-09-22,2.4749473133333333
2022-09-23,2.551402673333333
2022-09-24,2.38268174
2022-09-25,2.28374992
2022-09-26,2.2185032933333333
2022-09-27,2.1847001133333332
2022-09-28,2.1927232066666664
2022-09-29,2.20711758
2022-09-30,2.4123553866666665
2022-10-01,2.889788433333333
2022-10-02,3.5785356
2022-10-03,3.953143266666667
2022-10-04,3.8658331333333327
2022-10-05,3.6882631999999997
2022-10-06,3.4027354666666665
2022-10-07,3.1626326000000002
2022-10-08,2.975623733333333
2022-10-09,2.8555723
2022-10-10,2.745785706666666
2022-10-11,2.6687404133333334
2022-10-12,2.625439306666667
2022-10-13,2.57293524
2022-10-14,2.4771300666666667
2022-10-15,2.4034473933333333
2022-10-16,2.3747766333333336
2022-10-17,2.33188848
2022-10-18,2.2707123933333335
2022-10-19,2.2277652466666664
2022-10-20,2.202044153333333
2022-10-21,2.20393194
2022-10-22,2.33932164
2022-10-23,2.478840873333333
2022-10-24,2.3654556866666665
2022-10-25,2.4892826933333336
2022-10-26,2.7122774933333336
2022-10-27,2.5732302066666666
2022-10-28,2.5662689933333334
2022-10-29,2.715699106666667
2022-10-30,2.6614252400000002
2022-10-31,2.60195996
2022-11-01,2.6870283466666667
2022-11-02,2.8136870333333337
2022-11-03,2.8621795533333336
2022-11-04,2.7084429266666668
2022-11-05,2.7313913333333333
2022-11-06,2.8995223333333335
2022-11-07,3.0139694
2022-11-08,3.003940533333333
2022-11-09,2.7739845200000004
2022-11-10,2.4551845466666666
2022-11-11,2.206173686666667
2022-11-12,2.1645243933333336
2022-11-13,2.28339596
2022-11-14,2.22587746
2022-11-15,1.9822939866666667
2022-11-16,2.0236483133333336
2022-11-17,2.1361486
2022-11-18,1.9343324066666667
2022-11-19,1.81262916
2022-11-20,1.8187054733333332
2022-11-21,1.8512107999999998
2022-11-22,1.8838341133333332
2022-11-23,1.9326216
2022-11-24,1.9449512066666665
2022-11-25,1.9497296666666666
2022-11-26,2.0486614866666666
2022-11-27,2.08429346
2022-11-28,2.0010538666666666
2022-11-29,2.0081330666666664
2022-11-30,2.1593919733333333
2022-12-01,2.25968064
2022-12-02,2.2881744200000003
2022-12-03,2.35578078
2022-12-04,2.4050992066666663
2022-12-05,2.4262778133333334
2022-12-06,2.4027984666666664
2022-12-07,2.27490092
2022-12-08,2.01474032
2022-12-09,1.8404740133333333
2022-12-10,1.9777514999999999
2022-12-11,2.1373284666666668
2022-12-12,2.1262967133333333
2022-12-13,2.0195777733333333
2022-12-14,1.8349876333333333
2022-12-15,1.61334968
2022-12-16,1.4704678266666669
2022-12-17,1.5624384333333332
2022-12-18,1.70927284
2022-12-19,1.7615999266666666
2022-12-20,1.8506798599999998
2022-12-21,1.8994083533333332
2022-12-22,1.9060156066666665
2022-12-23,1.95439014
2022-12-24,1.9507325533333333
2022-12-25,1.91864018
2022-12-26,1.9155725266666666
2022-12-27,1.9414706
2022-12-28,1.9476649000000001
2022-12-29,1.91333078
2022-12-30,1.9353352933333332
2022-12-31,1.9791083466666664
2023-01-01,1.9714392133333332
2023-01-02,1.9743298866666665
2023-01-03,1.9555110133333333
2023-01-04,1.872153433333333
2023-01-05,1.894275933333333
2023-01-06,1.9408806666666667
2023-01-07,1.8543964400000001
2023-01-08,1.8263746066666664
2023-01-09,1.870029673333333
2023-01-10,1.8502669066666664
2023-01-11,1.7800648399999999
2023-01-12,1.7575293866666666
2023-01-13,1.865251213333333
2023-01-14,1.9376950266666666
2023-01-15,1.9007652000000002
2023-01-16,1.8681418866666668
2023-01-17,1.8315660200000001
2023-01-18,1.7388874933333334
2023-01-19,1.6852625533333334
2023-01-20,1.729330573333333
2023-01-21,1.6916338333333332
2023-01-22,1.6580666266666666
2023-01-23,1.6335254
2023-01-24,1.61635834
2023-01-25,1.6338203666666666
2023-01-26,1.6799531533333332
2023-01-27,1.8049600266666666
2023-01-28,1.82590266
2023-01-29,1.81192124
2023-01-30,1.7759943
2023-01-31,1.6214907600000001
2023-02-01,1.5580139333333334
2023-02-02,1.64662192
2023-02-03,1.6901589999999997
2023-02-04,1.6922237666666666
2023-02-05,1.6672105933333334
2023-02-06,1.6276850600000001
2023-02-07,1.5906372466666667
2023-02-08,1.6191900200000002
2023-02-09,1.5959466466666665
2023-02-10,1.5869796600000001
2023-02-11,1.6662667000000002
2023-02-12,1.6679775066666667
2023-02-13,1.6745257666666664
2023-02-14,1.6549989733333332
2023-02-15,1.5384281466666667
2023-02-16,1.4578432533333334
2023-02-17,1.5605506466666668
2023-02-18,1.6512234000000001
2023-02-19,1.63016278
2023-02-20,1.6209598200000002
2023-02-21,1.6186000866666665
2023-02-22,1.5813752933333334
2023-02-23,1.5719953533333333
2023-02-24,1.6242044533333333
2023-02-25,1.5994272533333334
2023-02-26,1.54450446
2023-02-27,1.5027961733333335
2023-02-28,1.4594360733333331
2023-03-01,1.51158618
2023-03-02,1.5086955066666665
2023-03-03,1.46079292
2023-03-04,1.4804966933333332
2023-03-05,1.4977227466666667
2023-03-06,1.48326938
2023-03-07,1.4217983266666667
2023-03-08,1.3858123933333333
2023-03-09,1.4474604266666666
2023-03-10,1.5295201533333334
2023-03-11,1.5478080866666666
2023-03-12,1.5241517599999999
2023-03-13,1.47388944
2023-03-14,1.5171905466666666
2023-03-15,1.5769507933333333
2023-03-16,1.5122941
2023-03-17,1.4507640533333335
2023-03-18,1.4298804133333334
2023-03-19,1.51017034
2023-03-20,1.5711694466666666
2023-03-21,1.5596657466666668
2023-03-22,1.5323518333333332
2023-03-23,1.4961299266666668
2023-03-24,1.4820305200000001
2023-03-25,1.45141298
2023-03-26,1.4592001
2023-03-27,1.4290545066666667
2023-03-28,1.4334200133333335
2023-03-29,1.4867499866666665
2023-03-30,1.45937708
2023-03-31,1.4409711600000001
2023-04-01,1.4647454733333334
2023-04-02,1.5365993533333333
2023-04-03,1.5916401333333334
2023-04-04,1.55317648
2023-04-05,1.5082825533333333
2023-04-06,1.5210251133333335
2023-04-07,1.6329354666666667
2023-04-08,1.8046650599999998
2023-04-09,2.05969324
2023-04-10,2.6213687666666665
2023-04-11,3.5454993333333333
2023-04-12,5.3270979999999994
2023-04-13,7.3735767333333335
2023-04-14,7.870300599999999
2023-04-15,7.967639599999999
2023-04-16,8.695027399999999
2023-04-17,9.601754933333334
2023-04-18,10.196407733333333
2023-04-19,9.4047172
2023-04-20,8.079137000000001
2023-04-21,7.2597196
2023-04-22,6.8721334
2023-04-23,7.0243362000000005
2023-04-24,7.876789866666667
2023-04-25,8.331038533333334
2023-04-26,9.228327133333334
2023-04-27,11.856480133333333
2023-04-28,14.510000266666665
2023-04-29,18.67021013333333
2023-04-30,25.01317333333333
2023-05-01,30.623439333333334
2023-05-02,34.758872000000004
2023-05-03,39.24236533333333
2023-05-04,41.10655466666666
2023-05-05,37.077310000000004
2023-05-06,33.30173666666666
2023-05-07,31.478842666666665
2023-05-08,32.19856133333334
2023-05-09,37.248390666666666
2023-05-10,39.271862
2023-05-11,36.58766533333333
2023-05-12,36.19830933333333
2023-05-13,37.242491333333334
2023-05-14,39.944386
2023-05-15,47.51913
2023-05-16,55.371142666666664
2023-05-17,58.615776000000004
2023-05-18,59.15851466666666
2023-05-19,59.205709333333324
2023-05-20,59.15851466666666
2023-05-21,58.79865533333333
2023-05-22,58.44469533333333
2023-05-23,58.63937333333333
2023-05-24,54.65732333333333
2023-05-25,52.598456
2023-05-26,54.368256
2023-05-27,54.639625333333335
2023-05-28,54.39185333333334
2023-05-29,55.56582066666667
2023-05-30,55.71920333333333
2023-05-31,52.987812
2023-06-01,49.524903333333334
2023-06-02,43.873342
2023-06-03,39.28366066666667
2023-06-04,39.83229866666667
2023-06-05,45.855518
2023-06-06,50.651676
2023-06-07,52.21499933333333
2023-06-08,53.22378533333333
2023-06-09,50.94074333333333
2023-06-10,48.545614
2023-06-11,48.30964066666667
2023-06-12,46.351062000000006
2023-06-13,43.80255
2023-06-14,43.42499266666667
2023-06-15,45.271483999999994
2023-06-16,46.292068666666665
2023-06-17,43.04743533333333
2023-06-18,38.953298
2023-06-19,40.41043333333334
2023-06-20,43.289308
2023-06-21,45.39537000000001
2023-06-22,46.45135066666666
2023-06-23,44.935222
2023-06-24,41.572601999999996
2023-06-25,38.953298
2023-06-26,38.782217333333335
2023-06-27,39.61992266666667
2023-06-28,38.85300933333333
2023-06-29,35.749959999999994
2023-06-30,33.166052
2023-07-01,32.145467333333336
2023-07-02,31.726614666666666
2023-07-03,31.56733266666667
2023-07-04,31.307762
2023-07-05,30.051204
2023-07-06,28.162237466666667
2023-07-07,26.039657333333334
2023-07-08,24.321771466666664
2023-07-09,23.157243066666666
2023-07-10,22.2304578
2023-07-11,21.37092493333333
2023-07-12,20.638817666666665
2023-07-13,19.601124933333335
2023-07-14,18.026592866666665
2023-07-15,16.729329466666666
2023-07-16,15.816112666666667
2023-07-17,14.984896599999999
2023-07-18,14.0911476
2023-07-19,13.662266066666666
2023-07-20,13.378508133333334
2023-07-21,12.524874599999999
2023-07-22,11.447656333333333
2023-07-23,10.630598666666666
2023-07-24,10.077831133333333
2023-07-25,9.526243466666667
2023-07-26,9.177002933333334
2023-07-27,8.860208733333334
2023-07-28,8.308621066666666
2023-07-29,7.9322436
2023-07-30,7.708068933333333
2023-07-31,7.614859466666666
2023-08-01,7.565305066666666
2023-08-02,7.786530066666667
2023-08-03,7.721047466666666
2023-08-04,6.842046799999999
2023-08-05,6.1553644
2023-08-06,5.537114266666666
2023-08-07,4.8687198
2023-08-08,4.586141733333333
2023-08-09,4.588501466666667
2023-08-10,4.653984066666667
2023-08-11,4.7979278
2023-08-12,4.896446666666667
2023-08-13,4.779049933333334
2023-08-14,4.4245
2023-08-15,4.301793866666666
2023-08-16,4.387924133333334
2023-08-17,4.390283866666667
2023-08-18,4.333650266666667
2023-08-19,4.6705022000000005
2023-08-20,5.3129396
2023-08-21,5.415588
2023-08-22,5.143628733333333
2023-08-23,4.931842666666667
2023-08-24,4.786719066666667
2023-08-25,4.716517
2023-08-26,4.767251266666666
2023-08-27,5.006174266666666
2023-08-28,4.936562133333333
2023-08-29,4.5377672
2023-08-30,4.143691733333333
2023-08-31,3.8263076
2023-09-01,3.6971122
2023-09-02,3.7071410666666664
2023-09-03,3.8746821333333332
2023-09-04,3.911258
2023-09-05,3.7820625999999997
2023-09-06,3.7242491333333327
2023-09-07,3.655226933333333
2023-09-08,3.5419597333333335
2023-09-09,3.4286925333333333
2023-09-10,3.464678466666667
2023-09-11,3.5272114
2023-09-12,3.4558294666666662
2023-09-13,3.5077436
2023-09-14,3.7319182666666664
2023-09-15,3.9336754666666667
2023-09-16,3.8162787333333337
2023-09-17,3.5160026666666666
2023-09-18,3.343742133333333
2023-09-19,3.1626326000000002
2023-09-20,2.975623733333333
2023-09-21,2.9030619333333334
2023-09-22,2.8435376600000004
2023-09-23,2.7853702333333334
2023-09-24,2.6841376733333333
2023-09-25,2.209477313333333
2023-09-26,1.8959277466666664
2023-09-27,2.0181619333333334
2023-09-28,2.10800878
2023-09-29,2.17915474
2023-09-30,2.19915348
2023-10-01,2.2609784933333335
2023-10-02,2.42958144
2023-10-03,2.4666882466666666
2023-10-04,2.32870284
2023-10-05,2.2600935933333335
2023-10-06,2.1370335
2023-10-07,2.0448269199999998
2023-10-08,2.0291936866666664
2023-10-09,2.03810168
2023-10-10,2.06394076
2023-10-11,2.270889373333333
2023-10-12,2.5934059266666667
2023-10-13,2.6841376733333333
2023-10-14,2.597771433333333
2023-10-15,2.5913411600000003
2023-10-16,2.6872053266666662
2023-10-17,2.7281467
2023-10-18,2.7013637266666666
2023-10-19,2.636235086666667
2023-10-20,2.62266662
2023-10-21,2.6420754266666666
2023-10-22,2.6214867533333335
2023-10-23,2.59417284
2023-10-24,2.5703985266666667
2023-10-25,2.5378932
2023-10-26,2.575825913333333
2023-10-27,3.082696633333333
2023-10-28,3.5407798666666666
2023-10-29,3.1218682066666665
2023-10-30,2.6361760933333334
2023-10-31,2.671454106666667
2023-11-01,2.7957530599999996
2023-11-02,2.803599173333333
2023-11-03,2.8411189333333335
2023-11-04,2.8883136
2023-11-05,3.0647036666666665
2023-11-06,3.5413698
2023-11-07,3.8103794
2023-11-08,3.6168812666666668
2023-11-09,3.156143333333333
2023-11-10,2.83168
2023-11-11,2.83168
2023-11-12,2.8723854
2023-11-13,2.9030619333333334
2023-11-14,2.874745133333333
2023-11-15,2.927839133333333
2023-11-16,3.0015808000000006
2023-11-17,2.8591119000000003
2023-11-18,2.8331548333333334
2023-11-19,2.841649873333333
2023-11-20,2.5534084466666664
2023-11-21,2.3684643466666664
2023-11-22,2.4122374
2023-11-23,2.6343473
2023-11-24,2.616885273333333
2023-11-25,2.1202204
2023-11-26,1.8789376666666664
2023-11-27,2.10022166
2023-11-28,2.21632054
2023-11-29,2.189478573333333
2023-11-30,2.2507136533333334
2023-12-01,2.098569846666667
2023-12-02,1.97368096
2023-12-03,2.2428085466666667
2023-12-04,2.2796793799999997
2023-12-05,2.1622826466666667
2023-12-06,2.1494810933333333
2023-12-07,2.1829303133333333
2023-12-08,2.08323158
2023-12-09,1.963652093333333
2023-12-10,2.0779811733333333
2023-12-11,2.12800752
2023-12-12,2.1143210666666667
2023-12-13,2.1352047066666664
2023-12-14,2.0250641533333336
2023-12-15,1.8963406999999999
2023-12-16,1.9047767466666665
2023-12-17,1.9053076866666665
2023-12-18,1.8992313733333333
2023-12-19,1.9307338133333332
2023-12-20,1.9533872533333332
2023-12-21,1.9068415133333332
2023-12-22,1.9221207866666667
2023-12-23,1.9574577933333333
2023-12-24,1.74820844
2023-12-25,1.4959529466666666
2023-12-26,1.4642145333333332
2023-12-27,1.51689558
2023-12-28,1.4941241533333331
2023-12-29,1.5122941
2023-12-30,1.5853278466666667
2023-12-31,1.6052675933333334
2024-01-01,1.5473951333333333
2024-01-02,1.5013803333333333
2024-01-03,1.5137689333333333
2024-01-04,1.5364813666666668
2024-01-05,1.5101113466666665
2024-01-06,1.4948910666666668
2024-01-07,1.5007904000000003
2024-01-08,1.4641555400000001
2024-01-09,1.4392603533333332
2024-01-10,1.4663382933333333
2024-01-11,1.46999588
2024-01-12,1.462503726666667
2024-01-13,1.4816175666666667
2024-01-14,1.4858650866666665
2024-01-15,1.46964192
2024-01-16,1.4682850733333332
2024-01-17,1.5360094199999998
2024-01-18,1.5963006066666665
2024-01-19,1.6017869866666665
2024-01-20,1.6348822466666668
2024-01-21,1.6343513066666666
2024-01-22,1.6157684066666667
2024-01-23,1.6043237000000001
2024-01-24,1.5971855066666667
2024-01-25,1.5806673733333332
2024-01-26,1.5387821066666667
2024-01-27,1.495716973333333
2024-01-28,1.50946242
2024-01-29,1.55671608
2024-01-30,1.5852688533333332
2024-01-31,1.6147065266666667
2024-02-01,1.6257382800000002
2024-02-02,1.5992502733333334
2024-02-03,1.5190193399999998
2024-02-04,1.4282286
2024-02-05,1.4844492466666666
2024-02-06,1.56220246
2024-02-07,1.5245057199999998
2024-02-08,1.4762491733333334
2024-02-09,1.4675771533333333
2024-02-10,1.40646006
2024-02-11,1.3685273466666665
2024-02-12,1.4295264533333334
2024-02-13,1.4426819666666668
2024-02-14,1.4482273399999999
2024-02-15,1.4662203066666668
2024-02-16,1.4416200866666664
2024-02-17,1.3445760533333333
2024-02-18,1.3873462199999997
2024-02-19,1.4789628666666665
2024-02-20,1.46238574
2024-02-21,1.44645754
2024-02-22,1.3483516266666669
2024-02-23,1.2494788000000001
2024-02-24,1.2901252066666666
2024-02-25,1.4417380733333331
2024-02-26,1.4616188266666665
2024-02-27,1.2718372733333334
2024-02-28,1.2598026333333332
2024-02-29,1.42221128
2024-03-01,1.4698778933333332
2024-03-02,1.45990802
2024-03-03,1.4405582066666665
2024-03-04,1.4080528799999998
2024-03-05,1.4079938866666666
2024-03-06,1.44344888
2024-03-07,1.4407941800000001
2024-03-08,1.3603272733333334
2024-03-09,1.30912106
2024-03-10,1.35902942
2024-03-11,1.4666922533333333
2024-03-12,1.5553592333333333
2024-03-13,1.5335906933333332
2024-03-14,1.48415428
2024-03-15,1.4454546533333332
2024-03-16,1.4550705666666666
2024-03-17,1.50893148
2024-03-18,1.5639132666666669
2024-03-19,1.6981820933333331
2024-03-20,1.8940989533333334
2024-03-21,2.2668188333333332
2024-03-22,2.6570597333333335
2024-03-23,2.728913613333333
2024-03-24,2.5675078533333333
2024-03-25,2.3108868533333333
2024-03-26,2.2353163933333335
2024-03-27,2.2171464466666664
2024-03-28,2.200628313333333
2024-03-29,2.2300069933333333
2024-03-30,2.1645243933333336
2024-03-31,2.1379773933333333
2024-04-01,2.10110656
2024-04-02,2.177089973333333
2024-04-03,2.5188383533333334
2024-04-04,3.181805433333333
2024-04-05,4.0032876
2024-04-06,4.0658205333333335
2024-04-07,3.530751
2024-04-08,3.370879066666667
2024-04-09,3.3956562666666663
2024-04-10,3.6853135333333333
2024-04-11,4.533047733333333
2024-04-12,6.226746333333334
2024-04-13,8.990584
2024-04-14,12.076525266666666
2024-04-15,12.245246199999999
2024-04-16,10.5887134
2024-04-17,11.445886533333335
2024-04-18,13.2841188
2024-04-19,14.486992866666666
2024-04-20,15.501088266666665
2024-04-21,17.5015522
2024-04-22,20.448269200000002
2024-04-23,23.59379373333333
2024-04-24,26.682684666666663
2024-04-25,26.263831999999997
2024-04-26,22.214529600000002
2024-04-27,17.932203533333333
2024-04-28,15.020882533333333
2024-04-29,13.676424466666667
2024-04-30,14.490532466666666
2024-05-01,15.445634533333333
2024-05-02,14.890507266666667
2024-05-03,15.060408066666668
2024-05-04,16.399556733333334
2024-05-05,17.670273133333332
2024-05-06,16.6662066
2024-05-07,14.3106028
2024-05-08,12.428125533333331
2024-05-09,11.209323266666665
2024-05-10,11.107854733333333
2024-05-11,11.677140399999999
2024-05-12,12.282412
2024-05-13,13.382047733333332
2024-05-14,16.43377286666667
2024-05-15,20.153302533333335
2024-05-16,23.810889200000002
2024-05-17,27.800608333333333
2024-05-18,30.953802
2024-05-19,32.823890666666664
2024-05-20,33.68519333333333
2024-05-21,30.411653266666665
2024-05-22,24.511140066666666
2024-05-23,21.784468200000003
2024-05-24,20.463017533333332
2024-05-25,19.6518592
2024-05-26,20.0589132
2024-05-27,22.794434066666668
2024-05-28,26.874413
2024-05-29,29.82113
2024-05-30,33.997858
2024-05-31,37.773431333333335
2024-06-01,39.59632533333333
2024-06-02,41.997354
2024-06-03,43.731758000000006
2024-06-04,48.92317133333333
2024-06-05,55.984673333333326
2024-06-06,60.763133333333336
2024-06-07,64.526908
2024-06-08,66.76865466666666
2024-06-09,66.615272
2024-06-10,62.13177866666666
2024-06-11,59.589166
2024-06-12,59.353192666666665
2024-06-13,58.48009133333333
2024-06-14,54.669121999999994
2024-06-15,50.280018000000005
2024-06-16,48.345036666666665
2024-06-17,44.416080666666666
2024-06-18,40.280648
2024-06-19,36.475578000000006
2024-06-20,40.64050733333333
2024-06-21,46.758116
2024-06-22,43.15952266666667
2024-06-23,38.988694
2024-06-24,36.847236
2024-06-25,34.741174
2024-06-26,32.73540066666666
2024-06-27,33.76188466666667
2024-06-28,33.91526733333333
2024-06-29,31.59093
2024-06-30,32.50532666666667
2024-07-01,36.829538
2024-07-02,35.856148
2024-07-03,28.663680799999998
2024-07-04,23.9860994
2024-07-05,20.93732393333333
2024-07-06,18.821823
2024-07-07,17.3298816
2024-07-08,16.0927914
2024-07-09,15.002004666666666
2024-07-10,14.224472533333334
2024-07-11,13.486465933333333
2024-07-12,12.398038933333334
2024-07-13,11.645283999999998
2024-07-14,11.2240716
2024-07-15,10.904327733333334
2024-07-16,10.451848866666667
2024-07-17,9.698504
2024-07-18,9.1817224
2024-07-19,8.7198046
2024-07-20,8.1658572
2024-07-21,7.6561547999999995
2024-07-22,7.010767733333332
2024-07-23,6.353581999999999
2024-07-24,5.965995799999999
2024-07-25,5.846829266666666
2024-07-26,5.7394614
2024-07-27,5.471041733333333
2024-07-28,5.2014422
2024-07-29,5.1908234
2024-07-30,5.1878737333333325
2024-07-31,4.904705733333333
2024-08-01,4.689380066666667
2024-08-02,4.479953733333333
2024-08-03,4.2510596000000005
2024-08-04,4.610329
2024-08-05,5.680468066666666
2024-08-06,6.260372533333334
2024-08-07,5.9978522000000005
2024-08-08,5.6952164
2024-08-09,5.769548
2024-08-10,6.055075733333333
2024-08-11,5.901693066666667
2024-08-12,5.362494000000001
2024-08-13,5.4226672
2024-08-14,5.505257866666667
2024-08-15,5.0474696
2024-08-16,4.7483734
2024-08-17,4.6020699333333335
2024-08-18,4.560184666666666
2024-08-19,4.4628456666666665
2024-08-20,4.5519256
2024-08-21,5.637992866666667
2024-08-22,6.476878066666667
2024-08-23,6.273941
2024-08-24,6.338243733333333
2024-08-25,6.768305133333333
2024-08-26,6.7411682
2024-08-27,6.003751533333333
2024-08-28,5.3501054
2024-08-29,4.8368633999999995
2024-08-30,4.547796066666667
2024-08-31,4.623307533333333
2024-09-01,4.690559933333334
2024-09-02,4.5059108
2024-09-03,4.308873066666667
2024-09-04,4.1366125333333335
2024-09-05,4.0776192
2024-09-06,4.009776866666667
2024-09-07,3.9088982666666663
2024-09-08,3.8794016
2024-09-09,3.8522646666666667
2024-09-10,4.053431933333333
2024-09-11,4.127763533333334
2024-09-12,3.759645133333333
2024-09-13,3.5000744666666663
2024-09-14,3.4263327999999995
2024-09-15,3.5620174666666666
2024-09-16,3.8044800666666663
2024-09-17,3.867013
2024-09-18,3.6599464000000004
2024-09-19,3.387987133333333
2024-09-20,3.3254542
2024-09-21,3.8988694
2024-09-22,4.433349
2024-09-23,4.049892333333333
2024-09-24,3.626910133333333
2024-09-25,3.5000744666666663
2024-09-26,3.3720589333333333
2024-09-27,3.2452232666666667
2024-09-28,3.1307762
2024-09-29,3.1408050666666667
2024-09-30,3.1862299333333333
2024-10-01,3.1307762
2024-10-02,3.0458258
2024-10-03,2.90388784
2024-10-04,2.7583512866666666
2024-10-05,2.6748757199999997
2024-10-06,2.5465062266666667
2024-10-07,2.4808466466666665
2024-10-08,2.460022
2024-10-09,2.27260018
2024-10-10,2.12659168
2024-10-11,2.11438006
2024-10-12,2.1241729533333333
2024-10-13,2.146531426666667
2024-10-14,2.1612207666666667
2024-10-15,2.1926052200000004
2024-10-16,2.26693682
2024-10-17,2.43913836
2024-10-18,2.6165903066666663
2024-10-19,2.6722210200000003
2024-10-20,2.694225533333333
2024-10-21,2.9293139666666668
2024-10-22,3.0210486000000003
2024-10-23,2.682072906666667
2024-10-24,2.4321181533333336
2024-10-25,2.3620340733333336
2024-10-26,2.3230984733333333
2024-10-27,2.4865100066666668
2024-10-28,3.228705133333333
2024-10-29,3.7018316666666666
2024-10-30,3.3496414666666667
2024-10-31,2.97627266
2024-11-01,2.8667810333333335
2024-11-02,3.1756111333333332
2024-11-03,3.4127643333333335
2024-11-04,3.370879066666667
2024-11-05,3.3956562666666663
2024-11-06,3.2646910666666664
2024-11-07,3.2617414
2024-11-08,3.4015556
2024-11-09,3.095970133333333
2024-11-10,2.8871337333333336
2024-11-11,2.9301988666666667
2024-11-12,2.9585156666666665
2024-11-13,2.8484341066666663
2024-11-14,2.7968739333333335
2024-11-15,2.8883136
2024-11-16,2.79062064
2024-11-17,2.536536353333333
2024-11-18,2.4653314
2024-11-19,2.418844653333333
2024-11-20,2.4049812200000003
2024-11-21,2.5652661066666664
2024-11-22,2.5969455266666666
2024-11-23,2.7647225666666664
2024-11-24,2.775518346666667
2024-11-25,2.7361108
2024-11-26,2.740594293333333
2024-11-27,2.4412031266666667
2024-11-28,2.1564423066666665
2024-11-29,2.0500183333333335
2024-11-30,2.0733207
2024-12-01,2.0954432
2024-12-02,2.10765482
2024-12-03,2.152135793333333
2024-12-04,2.20233912
2024-12-05,2.22003712
2024-12-06,2.217323426666667
2024-12-07,2.2360833066666665
2024-12-08,2.250182713333333
2024-12-09,2.234431493333333
2024-12-10,2.181042526666667
2024-12-11,2.1457055200000004
2024-12-12,2.1918973000000004
2024-12-13,2.2079434866666667
2024-12-14,2.22428464
2024-12-15,2.20676362
2024-12-16,2.2157306066666664
2024-12-17,2.2500057333333334
2024-12-18,2.1788597733333335
2024-12-19,2.059575253333333
2024-12-20,1.9502606066666666
2024-12-21,1.9910249999999998
2024-12-22,2.1194534866666666
2024-12-23,2.18764978
2024-12-24,2.19136636
2024-12-25,2.1703647333333334
2024-12-26,2.1623416399999997
2024-12-27,2.20110026
2024-12-28,2.252365466666667
2024-12-29,2.3072292666666665
2024-12-30,2.180865546666667
2024-12-31,2.0084870266666663
2025-01-01,2.0678933133333333
2025-01-02,2.13455578
2025-01-03,2.12057436
2025-01-04,2.0941453466666666
2025-01-05,2.04358806
2025-01-06,2.0140324
2025-01-07,1.8633634266666668
2025-01-08,1.70661814
2025-01-09,1.6824898666666666
2025-01-10,1.7534588466666665
2025-01-11,1.8325689066666664
2025-01-12,1.7447868266666668
2025-01-13,1.6934036333333333
2025-01-14,1.7476775
2025-01-15,1.7915095466666664
2025-01-16,1.842243813333333
2025-01-17,1.8785247133333332
2025-01-18,1.8153428533333331
2025-01-19,1.7454357533333333
2025-01-20,1.7311003733333334
2025-01-21,1.70750304
2025-01-22,1.74820844
2025-01-23,1.815519833333333
2025-01-24,1.8460193866666668
2025-01-25,1.8410639466666667
2025-01-26,1.8184105066666663
2025-01-27,1.7889728333333332
2025-01-28,1.76572946
2025-01-29,1.7585912666666668
2025-01-30,1.7515710599999998
2025-01-31,1.7417191733333333
2025-02-01,1.7629567733333333
2025-02-02,1.815519833333333
2025-02-03,1.84873308
2025-02-04,1.8535115400000002
2025-02-05,1.8626555066666663
2025-02-06,1.9276071666666665
2025-02-07,1.94961168
2025-02-08,1.8775808200000002
2025-02-09,1.7780590666666667
2025-02-10,1.7796518866666666
2025-02-11,1.8193544
2025-02-12,1.7446098466666664
2025-02-13,1.81174426
2025-02-14,1.8497949599999999
2025-02-15,1.8250767533333334
2025-02-16,1.9161034666666668
2025-02-17,1.9193481
2025-02-18,1.8253127266666667
2025-02-19,1.8041341199999998
2025-02-20,1.80908956
2025-02-21,1.7335780933333333
2025-02-22,1.7337550733333333
2025-02-23,1.8273184999999998
2025-02-24,1.8733922933333333
2025-02-25,1.8144579533333332
2025-02-26,1.7600071066666665
2025-02-27,1.7393004466666666
2025-02-28,1.7828965200000002
2025-03-01,1.8542194600000002
2025-03-02,2.014150386666667
2025-03-03,2.0835265466666666
2025-03-04,2.013914413333333
2025-03-05,2.06022418
2025-03-06,2.0370398
2025-03-07,1.8976385533333333
2025-03-08,1.8790556533333334
2025-03-09,1.94925772
2025-03-10,2.01792596
2025-03-11,2.09331944
2025-03-12,2.1816914533333334
2025-03-13,2.28109522
2025-03-14,2.25791084
2025-03-15,2.1741403066666667
2025-03-16,2.1617517066666667
2025-03-17,2.1539645866666666
2025-03-18,2.0364498666666666
2025-03-19,1.8518597266666665
2025-03-20,1.97261908
2025-03-21,2.1868828666666666
2025-03-22,2.1664711733333335
2025-03-23,2.1440537066666665
2025-03-24,2.3617981
2025-03-25,2.7718017666666666
2025-03-26,3.3012669333333338
2025-03-27,3.8676029333333335
2025-03-28,4.3253912
2025-03-29,4.570213533333333
2025-03-30,4.5082705333333335
2025-03-31,4.211534066666666
2025-04-01,3.8729123333333333
2025-04-02,3.6404786
2025-04-03,3.4062750666666664
2025-04-04,3.2540722666666664
2025-04-05,3.2180863333333334
2025-04-06,3.1962588000000003
2025-04-07,3.4747073333333334
2025-04-08,3.952553333333333
2025-04-09,4.803827133333333
2025-04-10,6.371869933333333
2025-04-11,9.0065122
2025-04-12,11.898955333333333
2025-04-13,13.8593038
2025-04-14,15.3848714
2025-04-15,16.41548493333333
2025-04-16,16.7847832
2025-04-17,16.4732984
2025-04-18,14.368416266666665
2025-04-19,11.857070066666667
2025-04-20,10.756254466666666
2025-04-21,10.654785933333333
2025-04-22,11.481872466666667
2025-04-23,12.977943400000001
2025-04-24,14.592001000000002
2025-04-25,15.812573066666666
2025-04-26,17.5688046
2025-04-27,18.187644666666667
2025-04-28,16.11992833333333
2025-04-29,13.997938133333333
2025-04-30,13.230434866666668
2025-05-01,13.3407524
2025-05-02,13.713590266666666
2025-05-03,15.219100133333333
2025-05-04,16.161223666666668
2025-05-05,15.279863266666666
2025-05-06,13.643388199999999
2025-05-07,11.9408406
2025-05-08,11.547945
2025-05-09,13.120117333333333
2025-05-10,16.199569333333333
2025-05-11,19.811141199999998
2025-05-12,23.079961800000003
2025-05-13,24.3577574
2025-05-14,21.008115933333332
2025-05-15,16.213727733333332
2025-05-16,13.489415600000001
2025-05-17,12.2717932
2025-05-18,12.033460133333334
2025-05-19,11.2895542
2025-05-20,9.946865933333333
2025-05-21,9.957484733333333
2025-05-22,12.081834666666667
2025-05-23,15.497548666666667
2025-05-24,18.50030933333333
2025-05-25,19.435943599999998
2025-05-26,18.763419600000002
2025-05-27,19.27076226666667
2025-05-28,21.049411266666663
2025-05-29,22.620403733333333
2025-05-30,25.495148866666664
2025-05-31,28.956877666666667
2025-06-01,30.434660666666662
2025-06-02,32.21036
2025-06-03,32.080574666666664
2025-06-04,29.2017
2025-06-05,27.61123973333333
2025-06-06,26.01664993333333
2025-06-07,25.008453866666667
2025-06-08,24.795487933333334
2025-06-09,24.990755866666664
2025-06-10,25.206671466666666
2025-06-11,24.450966866666665
2025-06-12,23.54069973333333
2025-06-13,22.8976724
2025-06-14,21.58684053333333
2025-06-15,19.8695446
2025-06-16,18.28262393333333
2025-06-17,16.291009
2025-06-18,14.736534666666666
2025-06-19,14.251609466666666
2025-06-20,13.760195000000001
2025-06-21,13.043425999999998
2025-06-22,12.098942733333333
2025-06-23,11.173337333333334
2025-06-24,10.4754462
2025-06-25,9.826519533333334
2025-06-26,9.0914626
2025-06-27,8.367614399999999
2025-06-28,7.877969733333334
2025-06-29,7.554096333333334
2025-06-30,7.3216626
2025-07-01,6.911069
2025-07-02,6.4178847333333335
2025-07-03,6.3960572
2025-07-04,6.389567933333333
2025-07-05,5.974254866666667
2025-07-06,5.417947733333333
2025-07-07,5.0462897333333325
2025-07-08,4.749553266666667
2025-07-09,4.533047733333333
2025-07-10,4.419780533333333
2025-07-11,4.2793764
2025-07-12,4.123044066666667
2025-07-13,4.022165466666666
2025-07-14,3.9519634
2025-07-15,3.8398760666666667
2025-07-16,3.7661344
2025-07-17,3.7118605333333328
2025-07-18,3.6528672000000006
2025-07-19,3.6392987333333333
2025-07-20,3.5702765333333333
2025-07-21,3.457009333333333
2025-07-22,3.3844475333333333
2025-07-23,3.3289937999999997
2025-07-24,3.2440434000000002
2025-07-25,3.064113733333333
2025-07-26,2.82300798
2025-07-27,2.68460962
2025-07-28,2.6583575866666664
2025-07-29,2.666321686666667
2025-07-30,2.6860844533333332
2025-07-31,2.7522159800000003
2025-08-01,2.749974233333333
2025-08-02,2.6404826066666667
2025-08-03,2.54267166
2025-08-04,2.4506420600000003
2025-08-05,2.3666355533333334
2025-08-06,2.3243963266666667
2025-08-07,2.283042
2025-08-08,2.235493373333333
2025-08-09,2.4323541266666666
2025-08-10,2.7535138333333333
2025-08-11,2.8588169333333333
2025-08-12,2.8883136
2025-08-13,2.812330186666667
2025-08-14,2.7718017666666666
2025-08-15,2.8243058333333333
2025-08-16,2.7312733466666668
2025-08-17,2.56514812
2025-08-18,2.4611428733333334
2025-08-19,2.3706471
2025-08-20,2.24463734
2025-08-21,2.155144453333333
2025-08-22,2.0257720733333335
2025-08-23,1.9092012466666664
2025-08-24,2.0437060466666668
2025-08-25,2.1460004866666664
2025-08-26,2.302745773333333
2025-08-27,2.4203194866666666
2025-08-28,2.3563707133333334
2025-08-29,2.384156573333333
2025-08-30,2.27720166
2025-08-31,2.0505492733333335
2025-09-01,1.8729793399999999
2025-09-02,1.8269645399999999
2025-09-03,1.8450164999999998
2025-09-04,1.8867247866666668
2025-09-05,1.9205869599999998
2025-09-06,1.9015321133333332
2025-09-07,1.9109120533333332
2025-09-08,1.9118559466666667
2025-09-09,1.88784566
2025-09-10,1.8216551399999998
2025-09-11,2.0721408333333335
2025-09-12,2.949666666666667
2025-09-13,3.5124630666666667
2025-09-14,3.5236718000000002
2025-09-15,3.5543483333333334
2025-09-16,3.5124630666666667
2025-09-17,3.4015556
2025-09-18,3.2316548
2025-09-19,3.1160278666666668
2025-09-20,3.0458258
2025-09-21,3.0287177333333335
2025-09-22,3.1803306
2025-09-23,3.2452232666666667
2025-09-24,3.0222284666666663
2025-09-25,2.32268552
2025-09-26,1.81192124
2025-09-27,2.0286037533333334
2025-09-28,2.21012624
2025-09-29,2.1193355
2025-09-30,2.05951626
2025-10-01,2.136797526666667
2025-10-02,2.0100208533333332
2025-10-03,1.975214786666667
2025-10-04,2.1340838333333334
2025-10-05,2.1619876799999997
2025-10-06,1.98005224
2025-10-07,1.84926402
2025-10-08,1.8992313733333333
2025-10-09,1.9660118266666666
2025-10-10,2.24003586
2025-10-11,3.0166241
2025-10-12,3.7590552
2025-10-13,4.0581514
2025-10-14,4.258728733333333
2025-10-15,4.223922666666667
2025-10-16,3.9431144000000002
2025-10-17,3.752565933333333
2025-10-18,3.6971122
2025-10-19,3.598593333333333
2025-10-20,3.4581892
2025-10-21,3.2611514666666666
2025-10-22,3.1024594000000003
2025-10-23,3.221036
2025-10-24,3.3573106
2025-10-25,3.2316548
2025-10-26,3.048185533333333
2025-10-27,2.783482446666666
2025-10-28,2.3583174933333333
2025-10-29,2.1670021133333335
2025-10-30,2.2458762
2025-10-31,2.211247113333333
2025-11-01,2.2185032933333333
2025-11-02,2.2649900400000003
2025-11-03,2.275195886666667
2025-11-04,2.2861686466666664
2025-11-05,2.27613978
2025-11-06,2.22145296
2025-11-07,2.1670611066666665
2025-11-08,2.0907827266666668
2025-11-09,2.05066726
2025-11-10,2.132491013333333
2025-11-11,2.2394459266666664
2025-11-12,2.2702404466666666
2025-11-13,2.325930153333333
2025-11-14,2.4149510933333334
2025-11-15,2.3955422866666667
2025-11-16,2.460670926666667
2025-11-17,2.508632506666667
2025-11-18,2.4396693
2025-11-19,2.47187966
2025-11-20,2.49134746
2025-11-21,2.4515859533333333
2025-11-22,2.3903508733333334
2025-11-23,2.30799618
2025-11-24,2.204403886666667
2025-11-25,2.0916676266666667
2025-11-26,2.014622333333333
2025-11-27,2.00659924
2025-11-28,2.1009885733333333
2025-11-29,1.9942696333333332
2025-11-30,1.7956292477777778
2026-02-10,1.4460445866666667
2026-02-11,1.49406516
2026-02-12,1.5192553133333335
2026-02-13,1.5014983199999998
2026-02-14,1.4458086133333332
2026-02-15,1.4927083133333332
2026-02-16,1.5587218533333334
2026-02-17,1.4733585
2026-02-18,1.4464659676190477
2026-02-25,1.89580976
2026-02-26,1.8145169466666669
2026-02-27,1.7066771333333335
2026-02-28,1.83722938
2026-03-01,1.9444792599999998
2026-03-02,1.937989993333333
2026-03-03,1.9345093866666667
2026-03-04,1.93899288
2026-03-05,2.0204626733333333
2026-03-06,2.00022796
2026-03-07,1.8472582466666667
2026-03-08,1.8492050266666666
2026-03-09,1.9794623066666663
2026-03-10,2.0920805799999997
2026-03-11,2.1475343133333333
2026-03-12,2.20375496
2026-03-13,2.3966041666666666
2026-03-14,2.5498688466666666
2026-03-15,2.3532440666666665
2026-03-16,2.30888108
2026-03-17,2.7375856333333335
2026-03-18,3.3000870666666664
2026-03-19,4.085878266666667
2026-03-20,5.306450333333333
2026-03-21,6.997199266666667
2026-03-22,8.256706933333334
2026-03-23,8.388852
2026-03-24,9.433034000000001
2026-03-25,11.9408406
2026-03-26,13.4274726
2026-03-27,13.309485933333335
2026-03-28,12.4930182
2026-03-29,11.572132266666666
2026-03-30,11.045911733333334
2026-03-31,11.434677800000001
2026-04-01,11.270086399999999
2026-04-02,9.653079133333334
2026-04-03,7.620168866666667
2026-04-04,6.009650866666667
2026-04-05,5.357774533333334
2026-04-06,5.156017333333334
